,2021_10_08,,,,2021_10_15,,,,2021_10_22,,,,2021_10_29,,,,2021_11_05,,,,2021_11_12,,,,2021_11_19,,,,,,,
Time,TECH,dTECH,PARK,dPARK,TECH,dTECH,PARK,dPARK,TECH,dTECH,PARK,dPARK,TECH,dTECH,PARK,dPARK,TECH,dTECH,PARK,dPARK,TECH,dTECH,PARK,dPARK,TECH,dTECH,PARK,dPARK,AVG(TECH),dAVG(TECH),AVG(PARK),dAVG(PARK)
07:00,801,,1325,,803,,1250,,845,,1350,,788,,1328,,898,,1304,,1862,,1247,,1301,,1298,,"1,043",,"1,300",
07:01,801,0,1325,0,803,0,1248,-2,844,-1,1347,-3,788,0,1328,0,898,0,1304,0,1862,0,1248,1,1301,0,1298,0,"1,042",0,"1,300",-1
07:02,800,-1,1325,0,803,0,1248,0,843,-1,1342,-5,788,0,1329,1,898,0,1305,1,1861,-1,1248,0,1301,0,1297,-1,"1,042",0,"1,299",-1
07:03,800,0,1325,0,803,0,1246,-2,843,0,1342,0,788,0,1329,0,898,0,1304,-1,1861,0,1247,-1,1301,0,1298,1,"1,042",0,"1,299",0
07:04,799,-1,1325,0,803,0,1246,0,843,0,1337,-5,788,0,1329,0,897,-1,1304,0,1861,0,1246,-1,1301,0,1300,2,"1,042",0,"1,298",-1
07:05,799,0,1325,0,803,0,1246,0,842,-1,1331,-6,788,0,1328,-1,897,0,1303,-1,1861,0,1244,-2,1300,-1,1299,-1,"1,041",0,"1,297",-2
07:06,799,0,1325,0,801,-2,1246,0,841,-1,1331,0,788,0,1327,-1,897,0,1303,0,1860,-1,1244,0,1300,0,1298,-1,"1,041",-1,"1,296",0
07:07,797,-2,1325,0,801,0,1245,-1,842,1,1330,-1,787,-1,1328,1,895,-2,1303,0,1860,0,1244,0,1300,0,1297,-1,"1,040",-1,"1,296",0
07:08,796,-1,1324,-1,798,-3,1244,-1,842,0,1329,-1,786,-1,1326,-2,895,0,1303,0,1859,-1,1244,0,1300,0,1297,0,"1,039",-1,"1,295",-1
07:09,796,0,1323,-1,798,0,1243,-1,841,-1,1329,0,786,0,1326,0,893,-2,1302,-1,1858,-1,1245,1,1300,0,1297,0,"1,039",-1,"1,295",0
07:10,795,-1,1323,0,798,0,1241,-2,841,0,1328,-1,786,0,1326,0,893,0,1302,0,1858,0,1245,0,1300,0,1297,0,"1,039",0,"1,295",0
07:11,795,0,1323,0,798,0,1242,1,841,0,1329,1,786,0,1325,-1,893,0,1302,0,1859,1,1245,0,1300,0,1297,0,"1,039",0,"1,295",0
07:12,795,0,1322,-1,798,0,1242,0,841,0,1327,-2,786,0,1325,0,889,-4,1302,0,1859,0,1247,2,1300,0,1297,0,"1,038",-1,"1,295",0
07:13,795,0,1321,-1,798,0,1240,-2,841,0,1322,-5,786,0,1324,-1,889,0,1303,1,1859,0,1246,-1,1299,-1,1296,-1,"1,038",0,"1,293",-1
07:14,793,-2,1320,-1,797,-1,1240,0,841,0,1319,-3,785,-1,1322,-2,889,0,1302,-1,1859,0,1247,1,1299,0,1296,0,"1,038",-1,"1,292",-1
07:15,793,0,1317,-3,797,0,1240,0,840,-1,1321,2,784,-1,1321,-1,889,0,1302,0,1859,0,1248,1,1299,0,1296,0,"1,037",0,"1,292",0
07:16,792,-1,1316,-1,797,0,1240,0,840,0,1319,-2,783,-1,1321,0,887,-2,1302,0,1859,0,1248,0,1299,0,1292,-4,"1,037",-1,"1,291",-1
07:17,792,0,1312,-4,796,-1,1239,-1,840,0,1319,0,780,-3,1319,-2,887,0,1300,-2,1858,-1,1248,0,1299,0,1291,-1,"1,036",-1,"1,290",-1
07:18,792,0,1312,0,795,-1,1238,-1,838,-2,1317,-2,780,0,1319,0,887,0,1298,-2,1858,0,1248,0,1299,0,1290,-1,"1,036",0,"1,289",-1
07:19,790,-2,1311,-1,794,-1,1237,-1,837,-1,1318,1,779,-1,1319,0,889,2,1298,0,1858,0,1247,-1,1299,0,1288,-2,"1,035",0,"1,288",-1
07:20,787,-3,1311,0,793,-1,1237,0,838,1,1317,-1,779,0,1319,0,889,0,1298,0,1858,0,1245,-2,1298,-1,1288,0,"1,035",-1,"1,288",0
07:21,785,-2,1310,-1,793,0,1237,0,838,0,1316,-1,779,0,1319,0,889,0,1298,0,1858,0,1244,-1,1296,-2,1287,-1,"1,034",-1,"1,287",-1
07:22,784,-1,1307,-3,793,0,1237,0,838,0,1316,0,779,0,1319,0,888,-1,1299,1,1858,0,1243,-1,1295,-1,1287,0,"1,034",0,"1,287",0
07:23,783,-1,1307,0,793,0,1236,-1,836,-2,1312,-4,779,0,1319,0,887,-1,1296,-3,1858,0,1239,-4,1296,1,1284,-3,"1,033",0,"1,285",-2
07:24,783,0,1305,-2,792,-1,1236,0,833,-3,1309,-3,778,-1,1318,-1,886,-1,1294,-2,1857,-1,1238,-1,1297,1,1284,0,"1,032",-1,"1,283",-1
07:25,783,0,1305,0,792,0,1236,0,833,0,1307,-2,777,-1,1316,-2,885,-1,1294,0,1857,0,1235,-3,1296,-1,1284,0,"1,032",0,"1,282",-1
07:26,783,0,1303,-2,792,0,1234,-2,832,-1,1305,-2,777,0,1313,-3,885,0,1292,-2,1857,0,1233,-2,1296,0,1283,-1,"1,032",0,"1,280",-2
07:27,783,0,1299,-4,792,0,1235,1,830,-2,1303,-2,777,0,1313,0,884,-1,1293,1,1856,-1,1230,-3,1296,0,1282,-1,"1,031",-1,"1,279",-1
07:28,782,-1,1297,-2,792,0,1233,-2,830,0,1301,-2,776,-1,1314,1,883,-1,1291,-2,1856,0,1231,1,1295,-1,1281,-1,"1,031",-1,"1,278",-1
07:29,782,0,1297,0,792,0,1232,-1,829,-1,1299,-2,775,-1,1311,-3,883,0,1289,-2,1855,-1,1229,-2,1295,0,1282,1,"1,030",0,"1,277",-1
07:30,780,-2,1294,-3,792,0,1232,0,828,-1,1297,-2,774,-1,1309,-2,883,0,1288,-1,1855,0,1228,-1,1295,0,1280,-2,"1,030",-1,"1,275",-2
07:31,779,-1,1293,-1,791,-1,1230,-2,827,-1,1295,-2,774,0,1307,-2,882,-1,1288,0,1855,0,1225,-3,1295,0,1278,-2,"1,029",-1,"1,274",-2
07:32,776,-3,1292,-1,791,0,1229,-1,826,-1,1293,-2,774,0,1302,-5,882,0,1287,-1,1854,-1,1225,0,1295,0,1275,-3,"1,028",-1,"1,272",-2
07:33,776,0,1290,-2,791,0,1226,-3,824,-2,1290,-3,772,-2,1298,-4,881,-1,1287,0,1854,0,1221,-4,1293,-2,1274,-1,"1,027",-1,"1,269",-2
07:34,774,-2,1287,-3,791,0,1225,-1,823,-1,1288,-2,772,0,1296,-2,880,-1,1284,-3,1854,0,1220,-1,1293,0,1274,0,"1,027",-1,"1,268",-2
07:35,774,0,1285,-2,791,0,1226,1,822,-1,1286,-2,770,-2,1293,-3,879,-1,1280,-4,1854,0,1220,0,1292,-1,1272,-2,"1,026",-1,"1,266",-2
07:36,773,-1,1284,-1,791,0,1224,-2,820,-2,1285,-1,769,-1,1289,-4,879,0,1276,-4,1854,0,1219,-1,1291,-1,1272,0,"1,025",-1,"1,264",-2
07:37,773,0,1281,-3,789,-2,1224,0,820,0,1283,-2,768,-1,1289,0,877,-2,1274,-2,1854,0,1217,-2,1291,0,1272,0,"1,025",-1,"1,263",-1
07:38,771,-2,1277,-4,789,0,1220,-4,820,0,1282,-1,768,0,1285,-4,877,0,1273,-1,1853,-1,1215,-2,1289,-2,1269,-3,"1,024",-1,"1,260",-3
07:39,771,0,1276,-1,788,-1,1220,0,819,-1,1282,0,766,-2,1284,-1,876,-1,1269,-4,1853,0,1212,-3,1289,0,1268,-1,"1,023",-1,"1,259",-1
07:40,770,-1,1273,-3,785,-3,1215,-5,817,-2,1282,0,766,0,1284,0,876,0,1266,-3,1853,0,1212,0,1289,0,1267,-1,"1,022",-1,"1,257",-2
07:41,770,0,1268,-5,784,-1,1213,-2,819,2,1279,-3,764,-2,1284,0,875,-1,1263,-3,1853,0,1208,-4,1289,0,1266,-1,"1,022",0,"1,254",-3
07:42,768,-2,1265,-3,783,-1,1208,-5,818,-1,1279,0,762,-2,1283,-1,875,0,1263,0,1853,0,1205,-3,1289,0,1266,0,"1,021",-1,"1,253",-2
07:43,767,-1,1263,-2,783,0,1205,-3,817,-1,1275,-4,759,-3,1282,-1,874,-1,1262,-1,1852,-1,1203,-2,1289,0,1263,-3,"1,020",-1,"1,250",-2
07:44,763,-4,1260,-3,781,-2,1204,-1,816,-1,1273,-2,755,-4,1281,-1,874,0,1259,-3,1852,0,1201,-2,1286,-3,1263,0,"1,018",-2,"1,249",-2
07:45,761,-2,1260,0,779,-2,1201,-3,814,-2,1272,-1,754,-1,1281,0,874,0,1255,-4,1852,0,1199,-2,1286,0,1263,0,"1,017",-1,"1,247",-1
07:46,760,-1,1256,-4,778,-1,1199,-2,814,0,1271,-1,753,-1,1280,-1,874,0,1254,-1,1852,0,1195,-4,1285,-1,1262,-1,"1,017",-1,"1,245",-2
07:47,759,-1,1252,-4,777,-1,1199,0,813,-1,1268,-3,753,0,1276,-4,874,0,1254,0,1852,0,1192,-3,1285,0,1259,-3,"1,016",0,"1,243",-2
07:48,758,-1,1250,-2,776,-1,1201,2,811,-2,1266,-2,753,0,1273,-3,872,-2,1250,-4,1851,-1,1190,-2,1284,-1,1253,-6,"1,015",-1,"1,240",-2
07:49,755,-3,1246,-4,776,0,1197,-4,811,0,1265,-1,753,0,1274,1,872,0,1250,0,1851,0,1189,-1,1284,0,1252,-1,"1,015",0,"1,239",-1
07:50,754,-1,1243,-3,776,0,1193,-4,809,-2,1261,-4,753,0,1270,-4,870,-2,1245,-5,1850,-1,1187,-2,1283,-1,1248,-4,"1,014",-1,"1,235",-4
07:51,752,-2,1241,-2,775,-1,1188,-5,807,-2,1257,-4,751,-2,1265,-5,869,-1,1245,0,1850,0,1187,0,1283,0,1245,-3,"1,012",-1,"1,233",-3
07:52,750,-2,1237,-4,775,0,1186,-2,804,-3,1253,-4,751,0,1263,-2,867,-2,1245,0,1850,0,1185,-2,1282,-1,1239,-6,"1,011",-1,"1,230",-3
07:53,748,-2,1231,-6,774,-1,1184,-2,804,0,1245,-8,747,-4,1259,-4,863,-4,1236,-9,1850,0,1182,-3,1281,-1,1236,-3,"1,010",-2,"1,225",-5
07:54,748,0,1224,-7,772,-2,1180,-4,802,-2,1239,-6,742,-5,1256,-3,860,-3,1234,-2,1849,-1,1180,-2,1279,-2,1234,-2,"1,007",-2,"1,221",-4
07:55,745,-3,1221,-3,769,-3,1176,-4,799,-3,1232,-7,739,-3,1253,-3,858,-2,1232,-2,1848,-1,1178,-2,1279,0,1234,0,"1,005",-2,"1,218",-3
07:56,742,-3,1218,-3,767,-2,1170,-6,795,-4,1226,-6,737,-2,1247,-6,857,-1,1226,-6,1847,-1,1173,-5,1278,-1,1230,-4,"1,003",-2,"1,213",-5
07:57,739,-3,1218,0,765,-2,1166,-4,791,-4,1221,-5,735,-2,1243,-4,855,-2,1222,-4,1845,-2,1171,-2,1275,-3,1229,-1,"1,001",-3,"1,210",-3
07:58,737,-2,1211,-7,765,0,1163,-3,788,-3,1218,-3,732,-3,1241,-2,855,0,1222,0,1846,1,1168,-3,1275,0,1226,-3,"1,000",-1,"1,207",-3
07:59,735,-2,1203,-8,764,-1,1160,-3,786,-2,1212,-6,728,-4,1237,-4,853,-2,1219,-3,1846,0,1165,-3,1274,-1,1222,-4,998,-2,"1,203",-4
08:00,734,-1,1197,-6,761,-3,1157,-3,785,-1,1208,-4,725,-3,1233,-4,851,-2,1216,-3,1845,-1,1164,-1,1270,-4,1217,-5,996,-2,"1,199",-4
08:01,732,-2,1190,-7,759,-2,1152,-5,786,1,1206,-2,724,-1,1226,-7,850,-1,1209,-7,1844,-1,1160,-4,1269,-1,1214,-3,995,-1,"1,194",-5
08:02,729,-3,1178,-12,758,-1,1148,-4,782,-4,1200,-6,722,-2,1223,-3,844,-6,1204,-5,1840,-4,1156,-4,1267,-2,1210,-4,992,-3,"1,188",-5
08:03,727,-2,1170,-8,756,-2,1141,-7,777,-5,1193,-7,721,-1,1217,-6,841,-3,1198,-6,1839,-1,1153,-3,1267,0,1208,-2,990,-2,"1,183",-6
08:04,722,-5,1163,-7,753,-3,1136,-5,774,-3,1185,-8,717,-4,1207,-10,838,-3,1192,-6,1839,0,1152,-1,1265,-2,1201,-7,987,-3,"1,177",-6
08:05,715,-7,1159,-4,750,-3,1133,-3,773,-1,1179,-6,713,-4,1198,-9,837,-1,1188,-4,1836,-3,1145,-7,1261,-4,1196,-5,984,-3,"1,171",-5
08:06,713,-2,1154,-5,750,0,1127,-6,770,-3,1175,-4,709,-4,1196,-2,837,0,1181,-7,1835,-1,1138,-7,1260,-1,1193,-3,982,-2,"1,166",-5
08:07,709,-4,1150,-4,744,-6,1119,-8,768,-2,1165,-10,706,-3,1190,-6,835,-2,1176,-5,1835,0,1128,-10,1258,-2,1190,-3,979,-3,"1,160",-7
08:08,702,-7,1138,-12,741,-3,1112,-7,764,-4,1157,-8,702,-4,1184,-6,832,-3,1167,-9,1834,-1,1121,-7,1256,-2,1186,-4,976,-3,"1,152",-8
08:09,698,-4,1135,-3,737,-4,1107,-5,761,-3,1151,-6,696,-6,1180,-4,829,-3,1165,-2,1833,-1,1117,-4,1256,0,1181,-5,973,-3,"1,148",-4
08:10,692,-6,1128,-7,733,-4,1105,-2,757,-4,1147,-4,694,-2,1172,-8,826,-3,1162,-3,1833,0,1111,-6,1256,0,1172,-9,970,-3,"1,142",-6
08:11,690,-2,1123,-5,728,-5,1098,-7,755,-2,1141,-6,690,-4,1162,-10,820,-6,1158,-4,1832,-1,1106,-5,1251,-5,1164,-8,967,-4,"1,136",-6
08:12,685,-5,1116,-7,724,-4,1092,-6,749,-6,1135,-6,685,-5,1158,-4,818,-2,1157,-1,1831,-1,1103,-3,1249,-2,1160,-4,963,-4,"1,132",-4
08:13,684,-1,1113,-3,720,-4,1084,-8,748,-1,1130,-5,680,-5,1150,-8,814,-4,1149,-8,1828,-3,1097,-6,1248,-1,1155,-5,960,-3,"1,125",-6
08:14,683,-1,1104,-9,714,-6,1077,-7,744,-4,1125,-5,676,-4,1148,-2,814,0,1138,-11,1825,-3,1093,-4,1246,-2,1152,-3,957,-3,"1,120",-6
08:16,678,-5,1102,-2,710,-4,1072,-5,740,-4,1122,-3,672,-4,1138,-10,811,-3,1130,-8,1824,-1,1086,-7,1246,0,1144,-8,954,-3,"1,113",-6
08:17,676,-2,1099,-3,707,-3,1062,-10,736,-4,1113,-9,670,-2,1129,-9,810,-1,1124,-6,1821,-3,1077,-9,1239,-7,1141,-3,951,-3,"1,106",-7
08:18,670,-6,1096,-3,703,-4,1056,-6,732,-4,1105,-8,669,-1,1124,-5,806,-4,1119,-5,1819,-2,1070,-7,1233,-6,1135,-6,947,-4,"1,101",-6
08:19,666,-4,1095,-1,699,-4,1046,-10,730,-2,1097,-8,665,-4,1115,-9,806,0,1114,-5,1818,-1,1065,-5,1232,-1,1127,-8,945,-2,"1,094",-7
08:20,665,-1,1092,-3,694,-5,1039,-7,726,-4,1092,-5,662,-3,1110,-5,805,-1,1110,-4,1818,0,1059,-6,1229,-3,1117,-10,943,-2,"1,088",-6
08:21,663,-2,1084,-8,689,-5,1033,-6,724,-2,1085,-7,656,-6,1106,-4,802,-3,1099,-11,1818,0,1052,-7,1229,0,1111,-6,940,-3,"1,081",-7
08:22,660,-3,1076,-8,686,-3,1023,-10,722,-2,1082,-3,653,-3,1102,-4,797,-5,1094,-5,1818,0,1043,-9,1228,-1,1104,-7,938,-2,"1,075",-7
08:23,659,-1,1069,-7,677,-9,1017,-6,719,-3,1081,-1,650,-3,1097,-5,796,-1,1088,-6,1818,0,1036,-7,1226,-2,1095,-9,935,-3,"1,069",-6
08:24,659,0,1061,-8,674,-3,1010,-7,718,-1,1073,-8,646,-4,1089,-8,796,0,1081,-7,1819,1,1033,-3,1222,-4,1087,-8,933,-2,"1,062",-7
08:25,658,-1,1055,-6,670,-4,1004,-6,717,-1,1065,-8,646,0,1087,-2,795,-1,1081,0,1817,-2,1030,-3,1217,-5,1084,-3,931,-2,"1,058",-4
08:26,655,-3,1053,-2,668,-2,993,-11,717,0,1063,-2,644,-2,1083,-4,793,-2,1073,-8,1818,1,1025,-5,1217,0,1078,-6,930,-1,"1,053",-5
08:27,654,-1,1050,-3,664,-4,985,-8,713,-4,1060,-3,642,-2,1078,-5,788,-5,1064,-9,1816,-2,1019,-6,1215,-2,1073,-5,927,-3,"1,047",-6
08:28,653,-1,1047,-3,664,0,976,-9,712,-1,1056,-4,638,-4,1075,-3,785,-3,1057,-7,1816,0,1013,-6,1214,-1,1072,-1,926,-1,"1,042",-5
08:29,651,-2,1040,-7,662,-2,972,-4,710,-2,1053,-3,636,-2,1072,-3,782,-3,1057,0,1816,0,1010,-3,1214,0,1063,-9,924,-2,"1,038",-4
08:30,649,-2,1036,-4,661,-1,965,-7,708,-2,1049,-4,633,-3,1068,-4,780,-2,1049,-8,1815,-1,1005,-5,1211,-3,1058,-5,922,-2,"1,033",-5
08:31,647,-2,1032,-4,659,-2,961,-4,700,-8,1040,-9,632,-1,1066,-2,777,-3,1047,-2,1816,1,1003,-2,713,-498,1052,-6,849,-73,"1,029",-4
08:32,646,-1,1030,-2,658,-1,952,-9,694,-6,1031,-9,629,-3,1059,-7,776,-1,1045,-2,1814,-2,1001,-2,713,0,1050,-2,847,-2,"1,024",-5
08:33,645,-1,1027,-3,658,0,945,-7,693,-1,1027,-4,628,-1,1053,-6,774,-2,1043,-2,1812,-2,993,-8,716,3,1043,-7,847,-1,"1,019",-5
08:34,645,0,1023,-4,656,-2,939,-6,690,-3,1021,-6,625,-3,1045,-8,773,-1,1039,-4,1812,0,990,-3,716,0,1038,-5,845,-1,"1,014",-5
08:35,643,-2,1019,-4,649,-7,934,-5,687,-3,1016,-5,623,-2,1042,-3,770,-3,1036,-3,1810,-2,987,-3,712,-4,1032,-6,842,-3,"1,009",-4
08:36,642,-1,1014,-5,648,-1,927,-7,684,-3,1007,-9,621,-2,1039,-3,766,-4,1033,-3,1810,0,984,-3,711,-1,1029,-3,840,-2,"1,005",-5
08:38,639,-3,1013,-1,645,-3,924,-3,682,-2,1002,-5,618,-3,1035,-4,764,-2,1028,-5,1809,-1,975,-9,711,0,1025,-4,838,-2,"1,000",-4
08:39,638,-1,1012,-1,644,-1,922,-2,681,-1,993,-9,615,-3,1032,-3,763,-1,1026,-2,1809,0,972,-3,711,0,1019,-6,837,-1,997,-4
08:40,638,0,1010,-2,643,-1,912,-10,679,-2,989,-4,614,-1,1029,-3,761,-2,1017,-9,1809,0,970,-2,709,-2,1012,-7,836,-1,991,-5
08:41,639,1,1009,-1,643,0,905,-7,677,-2,984,-5,612,-2,1027,-2,760,-1,1014,-3,1809,0,969,-1,706,-3,1011,-1,835,-1,988,-3
08:42,637,-2,1008,-1,641,-2,898,-7,675,-2,980,-4,612,0,1026,-1,759,-1,1011,-3,1808,-1,968,-1,705,-1,1004,-7,834,-1,985,-3
08:43,633,-4,1007,-1,639,-2,897,-1,674,-1,972,-8,612,0,1022,-4,759,0,1006,-5,1808,0,964,-4,705,0,1002,-2,833,-1,981,-4
08:44,632,-1,1007,0,638,-1,897,0,671,-3,969,-3,612,0,1021,-1,757,-2,1004,-2,1809,1,959,-5,704,-1,1002,0,832,-1,980,-2
08:45,629,-3,1003,-4,636,-2,897,0,669,-2,964,-5,610,-2,1019,-2,756,-1,1004,0,1809,0,953,-6,704,0,999,-3,830,-1,977,-3
08:46,628,-1,1000,-3,635,-1,893,-4,668,-1,959,-5,609,-1,1014,-5,753,-3,999,-5,1809,0,948,-5,701,-3,998,-1,829,-1,973,-4
08:47,627,-1,998,-2,634,-1,891,-2,666,-2,955,-4,608,-1,1012,-2,751,-2,998,-1,1809,0,947,-1,700,-1,996,-2,828,-1,971,-2
08:48,627,0,996,-2,632,-2,889,-2,665,-1,952,-3,607,-1,1011,-1,749,-2,998,0,1809,0,944,-3,700,0,993,-3,827,-1,969,-2
08:49,627,0,993,-3,631,-1,887,-2,664,-1,950,-2,605,-2,1010,-1,749,0,993,-5,1808,-1,942,-2,698,-2,991,-2,826,-1,967,-2
08:50,627,0,991,-2,629,-2,882,-5,663,-1,949,-1,601,-4,1007,-3,748,-1,989,-4,1807,-1,940,-2,696,-2,988,-3,824,-2,964,-3
08:51,623,-4,988,-3,628,-1,882,0,661,-2,945,-4,600,-1,1006,-1,748,0,982,-7,1806,-1,938,-2,694,-2,982,-6,823,-2,960,-3
08:52,622,-1,986,-2,626,-2,877,-5,659,-2,944,-1,598,-2,1005,-1,747,-1,976,-6,1805,-1,934,-4,692,-2,977,-5,821,-2,957,-3
08:53,620,-2,985,-1,622,-4,872,-5,657,-2,943,-1,598,0,1003,-2,747,0,975,-1,1805,0,932,-2,692,0,976,-1,820,-1,955,-2
08:54,618,-2,984,-1,620,-2,871,-1,657,0,942,-1,598,0,999,-4,747,0,973,-2,1804,-1,930,-2,691,-1,975,-1,819,-1,953,-2
08:55,612,-6,981,-3,618,-2,871,0,652,-5,937,-5,598,0,997,-2,744,-3,971,-2,1805,1,930,0,690,-1,975,0,817,-2,952,-2
08:56,612,0,976,-5,618,0,867,-4,649,-3,937,0,594,-4,996,-1,743,-1,968,-3,1805,0,927,-3,688,-2,973,-2,816,-1,949,-3
08:57,613,1,974,-2,615,-3,865,-2,649,0,932,-5,592,-2,993,-3,739,-4,968,0,1804,-1,927,0,687,-1,971,-2,814,-1,947,-2
08:58,610,-3,971,-3,613,-2,864,-1,645,-4,927,-5,589,-3,987,-6,738,-1,961,-7,1803,-1,926,-1,685,-2,972,1,812,-2,944,-3
08:59,608,-2,970,-1,612,-1,862,-2,642,-3,925,-2,586,-3,986,-1,735,-3,955,-6,1801,-2,924,-2,683,-2,970,-2,810,-2,942,-2
09:00,606,-2,969,-1,609,-3,859,-3,640,-2,921,-4,585,-1,981,-5,735,0,953,-2,1800,-1,921,-3,679,-4,967,-3,808,-2,939,-3
09:01,606,0,963,-6,607,-2,855,-4,638,-2,915,-6,584,-1,977,-4,734,-1,948,-5,1799,-1,918,-3,679,0,965,-2,807,-1,934,-4
09:02,605,-1,960,-3,606,-1,847,-8,637,-1,914,-1,582,-2,971,-6,732,-2,946,-2,1799,0,916,-2,679,0,962,-3,806,-1,931,-4
09:03,604,-1,959,-1,602,-4,843,-4,631,-6,910,-4,582,0,969,-2,729,-3,944,-2,1799,0,915,-1,681,2,956,-6,804,-2,928,-3
09:04,603,-1,956,-3,602,0,838,-5,628,-3,908,-2,580,-2,967,-2,727,-2,943,-1,1799,0,912,-3,678,-3,955,-1,802,-2,926,-2
09:05,602,-1,955,-1,601,-1,833,-5,624,-4,904,-4,577,-3,964,-3,724,-3,940,-3,1799,0,910,-2,676,-2,954,-1,800,-2,923,-3
09:06,599,-3,951,-4,599,-2,833,0,620,-4,900,-4,577,0,962,-2,718,-6,936,-4,1800,1,905,-5,676,0,952,-2,798,-2,920,-3
09:07,596,-3,946,-5,597,-2,831,-2,617,-3,898,-2,576,-1,960,-2,715,-3,928,-8,1798,-2,902,-3,675,-1,948,-4,796,-2,916,-4
09:08,594,-2,944,-2,595,-2,829,-2,616,-1,897,-1,574,-2,959,-1,715,0,922,-6,1797,-1,899,-3,674,-1,945,-3,795,-1,914,-3
09:09,591,-3,944,0,593,-2,828,-1,615,-1,895,-2,574,0,954,-5,713,-2,921,-1,1796,-1,896,-3,674,0,943,-2,794,-1,912,-2
09:10,591,0,939,-5,590,-3,825,-3,614,-1,893,-2,572,-2,952,-2,711,-2,919,-2,1796,0,887,-9,674,0,940,-3,793,-1,908,-4
09:11,588,-3,936,-3,588,-2,823,-2,610,-4,893,0,570,-2,951,-1,711,0,913,-6,1794,-2,880,-7,671,-3,939,-1,790,-2,905,-3
09:12,588,0,932,-4,583,-5,820,-3,607,-3,890,-3,565,-5,947,-4,710,-1,911,-2,1792,-2,874,-6,669,-2,936,-3,788,-3,901,-4
09:13,587,-1,929,-3,581,-2,815,-5,605,-2,888,-2,564,-1,943,-4,708,-2,908,-3,1791,-1,871,-3,668,-1,932,-4,786,-1,898,-3
09:14,583,-4,926,-3,579,-2,813,-2,603,-2,886,-2,563,-1,939,-4,706,-2,906,-2,1791,0,870,-1,666,-2,931,-1,784,-2,896,-2
09:15,582,-1,922,-4,578,-1,808,-5,602,-1,884,-2,561,-2,937,-2,703,-3,904,-2,1791,0,865,-5,664,-2,929,-2,783,-1,893,-3
09:16,581,-1,916,-6,577,-1,805,-3,601,-1,874,-10,559,-2,933,-4,701,-2,898,-6,1791,0,861,-4,662,-2,925,-4,782,-1,887,-5
09:17,579,-2,914,-2,572,-5,799,-6,600,-1,870,-4,556,-3,924,-9,701,0,895,-3,1791,0,858,-3,661,-1,922,-3,780,-2,883,-4
09:18,577,-2,911,-3,571,-1,796,-3,598,-2,861,-9,555,-1,921,-3,698,-3,895,0,1791,0,855,-3,660,-1,919,-3,779,-1,880,-3
09:19,574,-3,908,-3,568,-3,790,-6,595,-3,856,-5,552,-3,916,-5,697,-1,894,-1,1791,0,851,-4,659,-1,914,-5,777,-2,876,-4
09:20,573,-1,906,-2,568,0,788,-2,591,-4,852,-4,551,-1,913,-3,696,-1,893,-1,1790,-1,846,-5,659,0,910,-4,775,-1,873,-3
09:21,573,0,903,-3,566,-2,785,-3,589,-2,849,-3,548,-3,906,-7,693,-3,884,-9,1790,0,844,-2,657,-2,905,-5,774,-2,868,-5
09:22,571,-2,893,-10,565,-1,779,-6,586,-3,845,-4,545,-3,902,-4,692,-1,883,-1,1788,-2,838,-6,653,-4,901,-4,771,-2,863,-5
09:23,569,-2,887,-6,564,-1,776,-3,582,-4,842,-3,545,0,899,-3,691,-1,878,-5,1788,0,837,-1,654,1,899,-2,770,-1,860,-3
09:24,565,-4,882,-5,561,-3,774,-2,579,-3,840,-2,545,0,896,-3,686,-5,876,-2,1788,0,833,-4,651,-3,897,-2,768,-3,857,-3
09:25,564,-1,877,-5,558,-3,770,-4,577,-2,837,-3,543,-2,892,-4,684,-2,876,0,1788,0,827,-6,651,0,893,-4,766,-1,853,-4
09:26,561,-3,873,-4,555,-3,767,-3,571,-6,834,-3,541,-2,890,-2,682,-2,875,-1,1786,-2,821,-6,649,-2,891,-2,764,-3,850,-3
09:27,557,-4,869,-4,554,-1,766,-1,570,-1,832,-2,539,-2,886,-4,681,-1,872,-3,1784,-2,820,-1,647,-2,886,-5,762,-2,847,-3
09:28,553,-4,865,-4,552,-2,763,-3,568,-2,829,-3,536,-3,881,-5,678,-3,868,-4,1783,-1,818,-2,648,1,884,-2,760,-2,844,-3
09:29,550,-3,862,-3,552,0,763,0,565,-3,828,-1,531,-5,875,-6,675,-3,866,-2,1783,0,814,-4,648,0,883,-1,758,-2,842,-2
09:30,548,-2,860,-2,549,-3,760,-3,559,-6,825,-3,527,-4,874,-1,675,0,863,-3,1783,0,809,-5,647,-1,881,-2,755,-2,839,-3
09:31,546,-2,854,-6,545,-4,755,-5,554,-5,822,-3,525,-2,872,-2,673,-2,861,-2,1783,0,807,-2,646,-1,874,-7,753,-2,835,-4
09:32,546,0,852,-2,541,-4,750,-5,552,-2,820,-2,521,-4,866,-6,670,-3,857,-4,1782,-1,805,-2,646,0,870,-4,751,-2,831,-4
09:33,541,-5,848,-4,536,-5,750,0,549,-3,815,-5,518,-3,861,-5,668,-2,853,-4,1781,-1,804,-1,648,2,867,-3,749,-2,828,-3
09:34,539,-2,844,-4,534,-2,746,-4,547,-2,807,-8,516,-2,859,-2,664,-4,850,-3,1780,-1,803,-1,645,-3,866,-1,746,-2,825,-3
09:35,537,-2,845,1,534,0,744,-2,538,-9,803,-4,515,-1,859,0,662,-2,847,-3,1781,1,799,-4,644,-1,862,-4,744,-2,823,-2
09:36,535,-2,840,-5,535,1,741,-3,539,1,796,-7,513,-2,854,-5,659,-3,845,-2,1780,-1,796,-3,644,0,860,-2,744,-1,819,-4
09:37,534,-1,834,-6,532,-3,740,-1,537,-2,786,-10,512,-1,849,-5,654,-5,837,-8,1780,0,791,-5,643,-1,859,-1,742,-2,814,-5
09:38,530,-4,828,-6,528,-4,738,-2,533,-4,782,-4,510,-2,846,-3,653,-1,830,-7,1780,0,788,-3,641,-2,855,-4,739,-2,810,-4
09:39,525,-5,826,-2,525,-3,736,-2,532,-1,779,-3,508,-2,846,0,649,-4,829,-1,1781,1,782,-6,641,0,849,-6,737,-2,807,-3
09:40,524,-1,824,-2,524,-1,728,-8,528,-4,776,-3,509,1,843,-3,646,-3,824,-5,1778,-3,777,-5,639,-2,846,-3,735,-2,803,-4
09:41,524,0,824,0,523,-1,722,-6,521,-7,774,-2,503,-6,836,-7,642,-4,821,-3,1777,-1,776,-1,638,-1,838,-8,733,-3,799,-4
09:42,523,-1,821,-3,517,-6,715,-7,521,0,773,-1,502,-1,832,-4,639,-3,811,-10,1776,-1,774,-2,636,-2,832,-6,731,-2,794,-5
09:43,518,-5,816,-5,514,-3,709,-6,521,0,769,-4,496,-6,828,-4,634,-5,803,-8,1774,-2,770,-4,633,-3,829,-3,727,-3,789,-5
09:44,516,-2,811,-5,512,-2,704,-5,519,-2,764,-5,494,-2,830,2,632,-2,796,-7,1774,0,764,-6,633,0,824,-5,726,-1,785,-4
09:45,518,2,811,0,509,-3,702,-2,516,-3,761,-3,491,-3,822,-8,631,-1,792,-4,1771,-3,755,-9,631,-2,818,-6,724,-2,780,-5
09:46,517,-1,804,-7,509,0,694,-8,516,0,758,-3,491,0,817,-5,631,0,788,-4,1772,1,752,-3,631,0,817,-1,724,0,776,-4
09:47,514,-3,799,-5,507,-2,684,-10,510,-6,756,-2,490,-1,814,-3,627,-4,784,-4,1770,-2,749,-3,628,-3,811,-6,721,-3,771,-5
09:48,513,-1,797,-2,506,-1,679,-5,508,-2,748,-8,486,-4,812,-2,623,-4,776,-8,1770,0,745,-4,625,-3,808,-3,719,-2,766,-5
09:49,513,0,797,0,504,-2,676,-3,507,-1,739,-9,485,-1,809,-3,619,-4,771,-5,1772,2,743,-2,624,-1,803,-5,718,-1,763,-4
09:50,511,-2,796,-1,502,-2,671,-5,505,-2,734,-5,484,-1,808,-1,614,-5,766,-5,1772,0,734,-9,624,0,798,-5,716,-2,758,-4
09:51,511,0,795,-1,497,-5,666,-5,502,-3,733,-1,484,0,806,-2,612,-2,756,-10,1771,-1,728,-6,620,-4,794,-4,714,-2,754,-4
09:52,508,-3,791,-4,495,-2,662,-4,501,-1,728,-5,486,2,804,-2,608,-4,749,-7,1771,0,724,-4,621,1,795,1,713,-1,750,-4
09:53,509,1,790,-1,492,-3,659,-3,495,-6,729,1,483,-3,804,0,604,-4,747,-2,1768,-3,719,-5,620,-1,793,-2,710,-3,749,-2
09:54,507,-2,787,-3,489,-3,652,-7,496,1,729,0,483,0,802,-2,602,-2,744,-3,1768,0,715,-4,620,0,788,-5,709,-1,745,-3
09:55,506,-1,784,-3,484,-5,650,-2,498,2,720,-9,484,1,797,-5,601,-1,739,-5,1766,-2,713,-2,620,0,780,-8,708,-1,740,-5
09:56,509,3,782,-2,482,-2,649,-1,500,2,721,1,482,-2,797,0,597,-4,738,-1,1766,0,714,1,618,-2,778,-2,708,-1,740,-1
09:57,507,-2,782,0,482,0,646,-3,501,1,716,-5,478,-4,797,0,596,-1,734,-4,1766,0,713,-1,617,-1,775,-3,707,-1,738,-2
09:58,505,-2,785,3,482,0,641,-5,500,-1,712,-4,476,-2,797,0,596,0,729,-5,1768,2,709,-4,615,-2,774,-1,706,-1,735,-2
09:59,506,1,781,-4,478,-4,641,0,500,0,711,-1,474,-2,798,1,596,0,728,-1,1768,0,710,1,613,-2,777,3,705,-1,735,0
10:00,504,-2,785,4,474,-4,643,2,501,1,713,2,474,0,792,-6,595,-1,722,-6,1770,2,707,-3,616,3,775,-2,705,0,734,-1
10:01,506,2,783,-2,474,0,639,-4,501,0,712,-1,474,0,790,-2,594,-1,714,-8,1771,1,702,-5,617,1,771,-4,705,0,730,-4
10:02,505,-1,782,-1,476,2,637,-2,499,-2,711,-1,473,-1,789,-1,594,0,712,-2,1773,2,700,-2,615,-2,770,-1,705,0,729,-1
10:03,503,-2,779,-3,473,-3,636,-1,496,-3,710,-1,475,2,791,2,595,1,710,-2,1773,0,699,-1,614,-1,769,-1,704,-1,728,-1
10:04,502,-1,778,-1,470,-3,635,-1,496,0,712,2,474,-1,788,-3,593,-2,709,-1,1770,-3,696,-3,613,-1,768,-1,703,-2,727,-1
10:05,501,-1,776,-2,470,0,632,-3,496,0,712,0,473,-1,789,1,592,-1,704,-5,1770,0,698,2,613,0,764,-4,702,0,725,-2
10:06,500,-1,777,1,470,0,631,-1,495,-1,710,-2,472,-1,788,-1,591,-1,698,-6,1769,-1,697,-1,612,-1,763,-1,701,-1,723,-2
10:07,499,-1,779,2,471,1,630,-1,494,-1,711,1,472,0,788,0,590,-1,698,0,1770,1,696,-1,613,1,761,-2,701,0,723,0
10:08,497,-2,779,0,469,-2,629,-1,496,2,711,0,472,0,787,-1,590,0,697,-1,1772,2,695,-1,612,-1,761,0,701,0,723,-1
10:09,499,2,778,-1,467,-2,627,-2,495,-1,708,-3,472,0,786,-1,589,-1,696,-1,1771,-1,695,0,615,3,757,-4,701,0,721,-2
10:10,498,-1,775,-3,468,1,626,-1,495,0,705,-3,470,-2,784,-2,589,0,691,-5,1772,1,693,-2,617,2,755,-2,701,0,718,-3
10:11,498,0,774,-1,468,0,627,1,495,0,705,0,469,-1,782,-2,588,-1,690,-1,1771,-1,695,2,616,-1,754,-1,701,-1,718,0
10:12,499,1,773,-1,467,-1,627,0,494,-1,704,-1,468,-1,780,-2,588,0,690,0,1770,-1,694,-1,617,1,752,-2,700,0,717,-1
10:13,499,0,773,0,467,0,626,-1,494,0,704,0,468,0,779,-1,586,-2,687,-3,1771,1,692,-2,616,-1,751,-1,700,0,716,-1
10:14,497,-2,773,0,468,1,626,0,492,-2,704,0,466,-2,777,-2,586,0,687,0,1771,0,690,-2,615,-1,749,-2,699,-1,715,-1
10:15,496,-1,771,-2,467,-1,623,-3,494,2,703,-1,466,0,778,1,586,0,683,-4,1768,-3,689,-1,615,0,746,-3,699,0,713,-2
10:16,496,0,771,0,463,-4,620,-3,493,-1,700,-3,464,-2,778,0,586,0,677,-6,1770,2,686,-3,615,0,742,-4,698,-1,711,-3
10:17,497,1,772,1,460,-3,615,-5,493,0,699,-1,464,0,777,-1,586,0,675,-2,1770,0,685,-1,614,-1,743,1,698,0,709,-1
10:18,498,1,773,1,459,-1,615,0,494,1,699,0,466,2,774,-3,587,1,674,-1,1770,0,684,-1,613,-1,741,-2,698,0,709,-1
10:19,497,-1,772,-1,459,0,615,0,494,0,699,0,465,-1,773,-1,588,1,671,-3,1770,0,682,-2,613,0,739,-2,698,0,707,-1
10:21,496,-1,772,0,459,0,609,-6,494,0,699,0,466,1,774,1,587,-1,668,-3,1770,0,682,0,613,0,736,-3,698,0,706,-2
10:22,494,-2,773,1,458,-1,608,-1,494,0,701,2,467,1,774,0,587,0,667,-1,1770,0,683,1,612,-1,735,-1,697,0,706,0
10:23,495,1,772,-1,458,0,607,-1,493,-1,700,-1,467,0,769,-5,587,0,666,-1,1771,1,680,-3,612,0,736,1,698,0,704,-2
10:24,493,-2,773,1,458,0,603,-4,493,0,701,1,467,0,770,1,587,0,664,-2,1771,0,677,-3,611,-1,735,-1,697,0,703,-1
10:25,494,1,773,0,457,-1,601,-2,493,0,700,-1,465,-2,768,-2,586,-1,663,-1,1771,0,675,-2,608,-3,734,-1,696,-1,702,-1
10:26,494,0,773,0,455,-2,600,-1,492,-1,699,-1,464,-1,768,0,585,-1,663,0,1772,1,673,-2,607,-1,731,-3,696,-1,701,-1
10:27,495,1,772,-1,454,-1,598,-2,491,-1,699,0,463,-1,767,-1,585,0,663,0,1772,0,671,-2,607,0,730,-1,695,0,700,-1
10:28,496,1,772,0,454,0,596,-2,491,0,698,-1,463,0,767,0,584,-1,661,-2,1771,-1,669,-2,607,0,726,-4,695,0,698,-2
10:29,496,0,770,-2,454,0,598,2,491,0,697,-1,464,1,765,-2,581,-3,659,-2,1771,0,667,-2,607,0,724,-2,695,0,697,-1
10:30,494,-2,769,-1,453,-1,599,1,491,0,695,-2,464,0,765,0,581,0,656,-3,1771,0,667,0,607,0,725,1,694,0,697,-1
10:31,494,0,770,1,452,-1,598,-1,490,-1,689,-6,464,0,764,-1,581,0,655,-1,1771,0,666,-1,607,0,727,2,694,0,696,-1
10:32,494,0,769,-1,452,0,596,-2,489,-1,686,-3,462,-2,762,-2,581,0,653,-2,1771,0,664,-2,607,0,728,1,694,0,694,-2
10:33,494,0,769,0,452,0,595,-1,489,0,683,-3,461,-1,761,-1,581,0,653,0,1770,-1,665,1,607,0,727,-1,693,0,693,-1
10:34,494,0,768,-1,452,0,594,-1,487,-2,683,0,461,0,756,-5,580,-1,651,-2,1770,0,665,0,607,0,720,-7,693,0,691,-2
10:35,494,0,766,-2,453,1,593,-1,485,-2,682,-1,461,0,757,1,581,1,653,2,1771,1,664,-1,606,-1,721,1,693,0,691,0
10:36,493,-1,766,0,452,-1,593,0,484,-1,681,-1,459,-2,753,-4,581,0,653,0,1771,0,663,-1,605,-1,720,-1,692,-1,690,-1
10:37,491,-2,767,1,451,-1,594,1,484,0,682,1,459,0,753,0,582,1,655,2,1770,-1,664,1,608,3,721,1,692,0,691,1
10:38,489,-2,764,-3,450,-1,591,-3,484,0,683,1,461,2,753,0,582,0,655,0,1771,1,664,0,609,1,720,-1,692,0,690,-1
10:39,487,-2,764,0,450,0,590,-1,485,1,682,-1,461,0,753,0,582,0,653,-2,1770,-1,664,0,610,1,718,-2,692,0,689,-1
10:40,487,0,764,0,449,-1,589,-1,483,-2,682,0,461,0,754,1,582,0,651,-2,1772,2,662,-2,610,0,716,-2,692,0,688,-1
10:41,487,0,763,-1,449,0,590,1,483,0,684,2,461,0,753,-1,583,1,650,-1,1773,1,663,1,610,0,715,-1,692,0,688,0
10:42,487,0,763,0,451,2,587,-3,482,-1,686,2,461,0,752,-1,583,0,651,1,1775,2,661,-2,610,0,715,0,693,0,688,0
10:43,487,0,762,-1,451,0,585,-2,482,0,689,3,460,-1,752,0,583,0,651,0,1775,0,662,1,611,1,710,-5,693,0,687,-1
10:44,487,0,759,-3,449,-2,587,2,483,1,685,-4,461,1,751,-1,583,0,648,-3,1775,0,663,1,610,-1,709,-1,693,0,686,-1
10:45,487,0,758,-1,449,0,582,-5,483,0,685,0,461,0,753,2,583,0,648,0,1776,1,664,1,610,0,708,-1,693,0,685,-1
10:46,487,0,756,-2,448,-1,582,0,482,-1,684,-1,461,0,753,0,582,-1,650,2,1777,1,663,-1,611,1,709,1,693,0,685,0
10:47,487,0,755,-1,447,-1,583,1,481,-1,683,-1,459,-2,751,-2,582,0,647,-3,1777,0,665,2,612,1,708,-1,692,0,685,-1
10:48,488,1,753,-2,447,0,582,-1,479,-2,683,0,461,2,751,0,582,0,649,2,1777,0,664,-1,613,1,709,1,692,0,684,0
10:49,487,-1,754,1,448,1,583,1,481,2,685,2,461,0,750,-1,583,1,649,0,1777,0,665,1,611,-2,707,-2,693,0,685,0
10:50,486,-1,754,0,447,-1,578,-5,483,2,684,-1,463,2,751,1,583,0,649,0,1776,-1,662,-3,611,0,704,-3,693,0,683,-2
10:51,486,0,753,-1,447,0,578,0,482,-1,684,0,464,1,751,0,583,0,652,3,1777,1,662,0,610,-1,703,-1,693,0,683,0
10:52,487,1,755,2,447,0,577,-1,481,-1,683,-1,464,0,753,2,583,0,652,0,1777,0,661,-1,610,0,703,0,693,0,683,0
10:53,487,0,754,-1,445,-2,576,-1,480,-1,682,-1,465,1,752,-1,583,0,651,-1,1780,3,661,0,610,0,702,-1,693,0,683,-1
10:54,487,0,754,0,444,-1,575,-1,480,0,681,-1,464,-1,749,-3,584,1,649,-2,1780,0,661,0,609,-1,702,0,693,0,682,-1
10:55,484,-3,753,-1,443,-1,577,2,480,0,682,1,463,-1,749,0,585,1,649,0,1782,2,659,-2,608,-1,701,-1,692,0,681,0
10:56,483,-1,752,-1,443,0,573,-4,480,0,682,0,463,0,750,1,585,0,648,-1,1783,1,660,1,608,0,699,-2,692,0,681,-1
10:57,483,0,749,-3,442,-1,572,-1,481,1,682,0,462,-1,749,-1,585,0,648,0,1783,0,660,0,609,1,700,1,692,0,680,-1
10:58,483,0,749,0,440,-2,572,0,481,0,683,1,464,2,750,1,584,-1,647,-1,1783,0,658,-2,609,0,700,0,692,0,680,0
10:59,483,0,749,0,441,1,574,2,479,-2,681,-2,466,2,750,0,585,1,646,-1,1783,0,657,-1,608,-1,699,-1,692,0,679,0
11:00,484,1,750,1,441,0,572,-2,477,-2,683,2,465,-1,749,-1,585,0,646,0,1783,0,658,1,609,1,700,1,692,0,680,0
11:01,484,0,750,0,441,0,573,1,479,2,685,2,464,-1,748,-1,586,1,645,-1,1782,-1,660,2,610,1,700,0,692,0,680,0
11:02,482,-2,751,1,441,0,571,-2,481,2,686,1,464,0,750,2,587,1,642,-3,1782,0,658,-2,610,0,698,-2,692,0,679,-1
11:03,482,0,750,-1,440,-1,572,1,481,0,686,0,462,-2,749,-1,585,-2,641,-1,1782,0,658,0,610,0,697,-1,692,-1,679,0
11:04,483,1,758,8,439,-1,571,-1,480,-1,682,-4,461,-1,751,2,584,-1,641,0,1782,0,657,-1,609,-1,695,-2,691,-1,679,0
11:05,480,-3,759,1,439,0,572,1,479,-1,681,-1,458,-3,749,-2,582,-2,640,-1,1782,0,656,-1,607,-2,693,-2,690,-2,679,-1
11:06,480,0,759,0,439,0,571,-1,477,-2,682,1,456,-2,749,0,581,-1,641,1,1782,0,659,3,607,0,692,-1,689,-1,679,0
11:07,480,0,755,-4,439,0,571,0,476,-1,682,0,455,-1,749,0,580,-1,640,-1,1782,0,659,0,609,2,692,0,689,0,678,-1
11:08,478,-2,757,2,441,2,571,0,474,-2,684,2,457,2,748,-1,578,-2,642,2,1781,-1,660,1,608,-1,692,0,688,-1,679,1
11:09,478,0,755,-2,442,1,571,0,475,1,682,-2,456,-1,748,0,576,-2,644,2,1780,-1,660,0,608,0,691,-1,688,0,679,0
11:10,478,0,753,-2,442,0,572,1,475,0,682,0,455,-1,744,-4,575,-1,643,-1,1781,1,660,0,608,0,691,0,688,0,678,-1
11:11,478,0,750,-3,443,1,572,0,475,0,683,1,455,0,741,-3,574,-1,642,-1,1781,0,658,-2,608,0,690,-1,688,0,677,-1
11:12,477,-1,749,-1,443,0,571,-1,475,0,683,0,457,2,738,-3,574,0,640,-2,1781,0,655,-3,608,0,689,-1,688,0,675,-2
11:13,477,0,749,0,442,-1,576,5,474,-1,684,1,460,3,741,3,574,0,640,0,1782,1,654,-1,608,0,688,-1,688,0,676,1
11:14,477,0,749,0,444,2,578,2,476,2,685,1,462,2,741,0,576,2,640,0,1781,-1,654,0,607,-1,687,-1,689,1,676,0
11:15,477,0,748,-1,443,-1,578,0,476,0,685,0,463,1,739,-2,576,0,639,-1,1781,0,656,2,606,-1,689,2,689,0,676,0
11:16,478,1,747,-1,443,0,578,0,476,0,684,-1,462,-1,739,0,576,0,639,0,1782,1,655,-1,607,1,690,1,689,0,676,0
11:17,479,1,746,-1,442,-1,577,-1,475,-1,686,2,461,-1,740,1,578,2,639,0,1783,1,654,-1,606,-1,687,-3,689,0,676,0
11:18,480,1,748,2,443,1,573,-4,473,-2,688,2,459,-2,743,3,579,1,640,1,1783,0,654,0,607,1,688,1,689,0,676,1
11:19,479,-1,749,1,443,0,571,-2,473,0,688,0,457,-2,743,0,579,0,638,-2,1783,0,655,1,608,1,690,2,689,0,676,0
11:20,478,-1,748,-1,446,3,574,3,473,0,689,1,459,2,743,0,579,0,637,-1,1783,0,657,2,607,-1,692,2,689,0,677,1
11:21,478,0,748,0,447,1,577,3,473,0,691,2,460,1,746,3,580,1,637,0,1784,1,657,0,605,-2,690,-2,690,0,678,1
11:22,479,1,749,1,447,0,577,0,475,2,697,6,460,0,748,2,583,3,633,-4,1787,3,658,1,603,-2,689,-1,691,1,679,1
11:23,479,0,750,1,446,-1,575,-2,474,-1,699,2,462,2,750,2,579,-4,629,-4,1787,0,656,-2,604,1,689,0,690,0,678,0
11:24,477,-2,751,1,446,0,574,-1,477,3,705,6,463,1,751,1,581,2,628,-1,1789,2,656,0,605,1,688,-1,691,1,679,1
11:25,479,2,754,3,446,0,573,-1,479,2,710,5,464,1,750,-1,581,0,629,1,1789,0,653,-3,606,1,689,1,692,1,680,1
11:26,479,0,757,3,447,1,572,-1,480,1,713,3,465,1,751,1,581,0,627,-2,1789,0,653,0,608,2,690,1,693,1,680,1
11:27,483,4,761,4,447,0,573,1,485,5,715,2,465,0,754,3,582,1,629,2,1789,0,656,3,609,1,694,4,694,2,683,3
11:28,483,0,761,0,448,1,574,1,486,1,725,10,466,1,759,5,582,0,633,4,1788,-1,653,-3,611,2,691,-3,695,1,685,2
11:29,489,6,759,-2,447,-1,572,-2,488,2,729,4,468,2,758,-1,582,0,634,1,1789,1,650,-3,613,2,696,5,697,2,685,0
11:30,489,0,771,12,447,0,570,-2,492,4,726,-3,469,1,757,-1,585,3,633,-1,1789,0,654,4,613,0,696,0,698,1,687,1
11:31,490,1,772,1,447,0,573,3,500,8,727,1,471,2,755,-2,584,-1,637,4,1788,-1,661,7,611,-2,703,7,699,1,690,3
11:32,497,7,773,1,447,0,573,0,500,0,727,0,478,7,755,0,585,1,637,0,1790,2,665,4,611,0,703,0,701,2,690,1
11:33,501,4,775,2,448,1,576,3,502,2,724,-3,480,2,760,5,586,1,643,6,1793,3,668,3,610,-1,704,1,703,2,693,2
11:34,503,2,775,0,450,2,576,0,502,0,725,1,480,0,759,-1,587,1,644,1,1797,4,668,0,611,1,706,2,704,1,693,0
11:35,505,2,779,4,452,2,577,1,501,-1,728,3,479,-1,760,1,587,0,651,7,1801,4,670,2,613,2,707,1,705,1,696,3
11:36,506,1,782,3,452,0,579,2,502,1,727,-1,480,1,758,-2,590,3,652,1,1804,3,676,6,616,3,712,5,707,2,698,2
11:37,506,0,784,2,452,0,586,7,502,0,726,-1,482,2,756,-2,594,4,654,2,1805,1,677,1,618,2,715,3,708,1,700,2
11:38,506,0,788,4,453,1,591,5,505,3,723,-3,482,0,753,-3,597,3,659,5,1807,2,674,-3,619,1,717,2,710,1,701,1
11:39,506,0,789,1,455,2,591,0,504,-1,722,-1,483,1,757,4,597,0,664,5,1807,0,672,-2,622,3,720,3,711,1,702,1
11:40,505,-1,787,-2,457,2,591,0,505,1,721,-1,485,2,759,2,598,1,669,5,1809,2,673,1,626,4,720,0,712,2,703,1
11:41,506,1,786,-1,459,2,594,3,503,-2,721,0,485,0,760,1,596,-2,667,-2,1815,6,671,-2,626,0,723,3,713,1,703,0
11:42,507,1,788,2,460,1,597,3,505,2,722,1,484,-1,760,0,595,-1,668,1,1816,1,673,2,626,0,723,0,713,0,704,1
11:43,505,-2,787,-1,461,1,600,3,505,0,723,1,482,-2,760,0,597,2,667,-1,1816,0,676,3,625,-1,721,-2,713,0,705,0
11:44,505,0,786,-1,462,1,601,1,504,-1,724,1,483,1,761,1,596,-1,665,-2,1817,1,676,0,626,1,721,0,713,0,705,0
11:45,503,-2,786,0,463,1,597,-4,503,-1,723,-1,484,1,759,-2,596,0,667,2,1817,0,674,-2,624,-2,722,1,713,0,704,-1
11:46,504,1,785,-1,462,-1,595,-2,501,-2,726,3,485,1,759,0,594,-2,667,0,1819,2,675,1,626,2,719,-3,713,0,704,0
11:47,504,0,783,-2,462,0,593,-2,502,1,724,-2,485,0,758,-1,595,1,669,2,1819,0,675,0,627,1,721,2,713,0,703,0
11:48,505,1,785,2,462,0,593,0,502,0,724,0,485,0,759,1,596,1,667,-2,1820,1,675,0,628,1,723,2,714,1,704,0
11:49,504,-1,784,-1,464,2,593,0,501,-1,724,0,485,0,760,1,594,-2,668,1,1819,-1,674,-1,628,0,724,1,714,0,704,0
11:50,504,0,782,-2,463,-1,592,-1,501,0,724,0,484,-1,761,1,594,0,671,3,1820,1,673,-1,628,0,722,-2,713,0,704,0
11:51,502,-2,782,0,462,-1,593,1,503,2,724,0,484,0,761,0,595,1,668,-3,1821,1,673,0,627,-1,722,0,713,0,703,0
11:52,503,1,784,2,462,0,594,1,503,0,726,2,482,-2,759,-2,595,0,670,2,1820,-1,674,1,626,-1,720,-2,713,0,704,1
11:53,503,0,783,-1,463,1,596,2,501,-2,727,1,482,0,757,-2,595,0,669,-1,1819,-1,674,0,624,-2,720,0,712,-1,704,0
11:54,504,1,784,1,463,0,597,1,500,-1,726,-1,482,0,758,1,594,-1,667,-2,1819,0,673,-1,624,0,722,2,712,0,704,0
11:55,504,0,780,-4,462,-1,596,-1,500,0,725,-1,481,-1,760,2,597,3,666,-1,1819,0,669,-4,623,-1,722,0,712,0,703,-1
11:56,502,-2,781,1,462,0,594,-2,498,-2,726,1,479,-2,758,-2,598,1,667,1,1819,0,667,-2,624,1,721,-1,712,-1,702,-1
11:57,502,0,782,1,460,-2,594,0,500,2,725,-1,478,-1,758,0,599,1,669,2,1818,-1,667,0,625,1,719,-2,712,0,702,0
11:58,502,0,782,0,460,0,597,3,501,1,726,1,479,1,757,-1,598,-1,671,2,1820,2,668,1,624,-1,716,-3,712,0,702,0
11:59,501,-1,783,1,459,-1,596,-1,501,0,725,-1,479,0,755,-2,597,-1,671,0,1821,1,668,0,622,-2,714,-2,711,-1,702,-1
12:00,500,-1,781,-2,457,-2,597,1,502,1,723,-2,477,-2,757,2,597,0,673,2,1823,2,668,0,622,0,715,1,711,0,702,0
12:01,500,0,779,-2,456,-1,599,2,501,-1,719,-4,479,2,753,-4,597,0,672,-1,1823,0,669,1,621,-1,713,-2,711,0,701,-1
12:02,500,0,778,-1,458,2,598,-1,500,-1,719,0,479,0,753,0,597,0,672,0,1826,3,668,-1,622,1,714,1,712,1,700,0
12:03,499,-1,778,0,457,-1,595,-3,499,-1,720,1,478,-1,754,1,597,0,670,-2,1826,0,670,2,622,0,714,0,711,-1,700,0
12:04,500,1,776,-2,455,-2,593,-2,499,0,721,1,476,-2,751,-3,596,-1,672,2,1826,0,669,-1,623,1,715,1,711,0,700,-1
12:05,498,-2,774,-2,455,0,594,1,500,1,723,2,475,-1,749,-2,595,-1,672,0,1826,0,667,-2,623,0,713,-2,710,0,699,-1
12:06,498,0,774,0,454,-1,593,-1,500,0,722,-1,476,1,747,-2,597,2,674,2,1827,1,668,1,625,2,712,-1,711,1,699,0
12:07,498,0,773,-1,454,0,591,-2,498,-2,719,-3,476,0,748,1,596,-1,674,0,1827,0,665,-3,625,0,713,1,711,0,698,-1
12:08,497,-1,774,1,454,0,590,-1,495,-3,716,-3,476,0,745,-3,596,0,671,-3,1828,1,665,0,625,0,713,0,710,0,696,-1
12:09,498,1,772,-2,455,1,590,0,495,0,712,-4,477,1,742,-3,597,1,675,4,1828,0,663,-2,624,-1,714,1,711,0,695,-1
12:10,498,0,770,-2,455,0,591,1,494,-1,712,0,479,2,739,-3,598,1,675,0,1829,1,663,0,624,0,713,-1,711,0,695,-1
12:11,499,1,770,0,455,0,591,0,495,1,712,0,478,-1,737,-2,598,0,673,-2,1829,0,661,-2,625,1,712,-1,711,0,694,-1
12:12,498,-1,771,1,455,0,591,0,495,0,709,-3,480,2,737,0,597,-1,672,-1,1829,0,661,0,625,0,712,0,711,0,693,0
12:13,500,2,769,-2,454,-1,592,1,493,-2,709,0,479,-1,734,-3,595,-2,673,1,1830,1,660,-1,625,0,713,1,711,0,693,0
12:14,498,-2,766,-3,454,0,589,-3,494,1,708,-1,479,0,730,-4,594,-1,674,1,1830,0,658,-2,625,0,713,0,711,0,691,-2
12:15,497,-1,765,-1,452,-2,589,0,495,1,708,0,477,-2,728,-2,592,-2,674,0,1831,1,659,1,623,-2,713,0,710,-1,691,0
12:16,497,0,763,-2,452,0,587,-2,493,-2,706,-2,476,-1,730,2,592,0,670,-4,1831,0,658,-1,623,0,713,0,709,0,690,-1
12:17,494,-3,762,-1,451,-1,586,-1,492,-1,708,2,476,0,727,-3,592,0,669,-1,1831,0,656,-2,624,1,711,-2,709,-1,688,-1
12:18,494,0,759,-3,450,-1,587,1,490,-2,704,-4,476,0,727,0,591,-1,670,1,1832,1,656,0,624,0,713,2,708,0,688,0
12:19,492,-2,754,-5,448,-2,587,0,488,-2,702,-2,476,0,723,-4,592,1,670,0,1831,-1,656,0,625,1,715,2,707,-1,687,-1
12:20,491,-1,752,-2,446,-2,585,-2,486,-2,702,0,473,-3,723,0,593,1,672,2,1831,0,655,-1,624,-1,713,-2,706,-1,686,-1
12:21,490,-1,751,-1,444,-2,586,1,486,0,698,-4,470,-3,719,-4,591,-2,672,0,1830,-1,655,0,627,3,711,-2,705,-1,685,-1
12:22,488,-2,749,-2,442,-2,588,2,486,0,697,-1,468,-2,720,1,591,0,672,0,1830,0,655,0,626,-1,707,-4,704,-1,684,-1
12:23,486,-2,746,-3,442,0,586,-2,485,-1,695,-2,462,-6,719,-1,588,-3,665,-7,1831,1,659,4,625,-1,705,-2,703,-2,682,-2
12:24,482,-4,748,2,442,0,585,-1,481,-4,692,-3,463,1,716,-3,588,0,666,1,1831,0,659,0,625,0,705,0,702,-1,682,-1
12:25,481,-1,744,-4,440,-2,583,-2,483,2,690,-2,456,-7,713,-3,588,0,663,-3,1831,0,657,-2,623,-2,702,-3,700,-1,679,-3
12:26,481,0,742,-2,442,2,576,-7,482,-1,691,1,454,-2,710,-3,587,-1,664,1,1830,-1,655,-2,624,1,704,2,700,0,677,-1
12:27,478,-3,740,-2,441,-1,572,-4,481,-1,691,0,452,-2,707,-3,585,-2,662,-2,1829,-1,654,-1,620,-4,704,0,698,-2,676,-2
12:28,476,-2,736,-4,439,-2,573,1,479,-2,689,-2,451,-1,703,-4,584,-1,659,-3,1830,1,652,-2,618,-2,705,1,697,-1,674,-2
12:29,471,-5,732,-4,440,1,571,-2,476,-3,688,-1,449,-2,702,-1,584,0,659,0,1830,0,649,-3,617,-1,705,0,695,-1,672,-2
12:30,471,0,729,-3,439,-1,570,-1,473,-3,684,-4,448,-1,699,-3,582,-2,657,-2,1830,0,649,0,617,0,705,0,694,-1,670,-2
12:31,471,0,725,-4,438,-1,569,-1,472,-1,680,-4,445,-3,696,-3,580,-2,654,-3,1830,0,651,2,616,-1,705,0,693,-1,669,-2
12:32,471,0,724,-1,438,0,570,1,469,-3,676,-4,443,-2,691,-5,578,-2,651,-3,1830,0,648,-3,614,-2,704,-1,692,-1,666,-2
12:33,470,-1,725,1,437,-1,569,-1,469,0,671,-5,442,-1,685,-6,577,-1,650,-1,1829,-1,648,0,614,0,704,0,691,-1,665,-2
12:34,469,-1,725,0,432,-5,566,-3,469,0,664,-7,441,-1,681,-4,575,-2,648,-2,1829,0,643,-5,614,0,702,-2,690,-1,661,-3
12:35,467,-2,721,-4,431,-1,565,-1,466,-3,663,-1,441,0,680,-1,575,0,645,-3,1829,0,638,-5,611,-3,702,0,689,-1,659,-2
12:36,465,-2,720,-1,430,-1,567,2,461,-5,658,-5,441,0,679,-1,574,-1,638,-7,1829,0,635,-3,611,0,702,0,687,-1,657,-2
12:37,465,0,719,-1,433,3,563,-4,460,-1,659,1,440,-1,675,-4,574,0,632,-6,1829,0,632,-3,611,0,693,-9,687,0,653,-4
12:38,464,-1,714,-5,433,0,557,-6,456,-4,658,-1,438,-2,676,1,574,0,629,-3,1828,-1,629,-3,611,0,689,-4,686,-1,650,-3
12:39,463,-1,712,-2,431,-2,554,-3,452,-4,655,-3,435,-3,669,-7,574,0,630,1,1827,-1,627,-2,609,-2,688,-1,684,-2,648,-2
12:40,465,2,709,-3,430,-1,551,-3,451,-1,652,-3,432,-3,668,-1,573,-1,627,-3,1827,0,625,-2,610,1,684,-4,684,0,645,-3
12:41,465,0,706,-3,427,-3,547,-4,452,1,649,-3,428,-4,666,-2,574,1,625,-2,1827,0,625,0,609,-1,682,-2,683,-1,643,-2
12:42,463,-2,703,-3,423,-4,548,1,452,0,645,-4,428,0,662,-4,572,-2,625,0,1827,0,624,-1,608,-1,681,-1,682,-1,641,-2
12:43,460,-3,698,-5,421,-2,546,-2,452,0,641,-4,426,-2,657,-5,572,0,620,-5,1827,0,621,-3,610,2,680,-1,681,-1,638,-4
12:44,459,-1,698,0,420,-1,542,-4,447,-5,636,-5,424,-2,656,-1,570,-2,617,-3,1829,2,619,-2,610,0,679,-1,680,-1,635,-2
12:45,455,-4,698,0,417,-3,542,0,446,-1,634,-2,422,-2,652,-4,571,1,614,-3,1828,-1,617,-2,609,-1,678,-1,678,-2,634,-2
12:46,456,1,694,-4,416,-1,539,-3,445,-1,631,-3,420,-2,649,-3,572,1,608,-6,1828,0,618,1,608,-1,677,-1,678,0,631,-3
12:47,453,-3,691,-3,416,0,535,-4,444,-1,629,-2,420,0,645,-4,571,-1,602,-6,1828,0,615,-3,607,-1,672,-5,677,-1,627,-4
12:48,454,1,691,0,414,-2,531,-4,444,0,628,-1,421,1,640,-5,571,0,603,1,1829,1,612,-3,605,-2,669,-3,677,0,625,-2
12:49,453,-1,688,-3,414,0,529,-2,442,-2,624,-4,420,-1,636,-4,567,-4,601,-2,1829,0,608,-4,603,-2,666,-3,675,-1,622,-3
12:50,450,-3,681,-7,412,-2,525,-4,437,-5,622,-2,417,-3,632,-4,565,-2,598,-3,1828,-1,605,-3,602,-1,664,-2,673,-2,618,-4
12:51,448,-2,678,-3,409,-3,522,-3,436,-1,621,-1,415,-2,629,-3,563,-2,596,-2,1829,1,602,-3,603,1,659,-5,672,-1,615,-3
12:52,447,-1,678,0,409,0,518,-4,435,-1,623,2,416,1,629,0,559,-4,592,-4,1828,-1,601,-1,602,-1,657,-2,671,-1,614,-1
12:53,447,0,677,-1,408,-1,515,-3,432,-3,624,1,413,-3,632,3,556,-3,589,-3,1824,-4,599,-2,599,-3,656,-1,668,-2,613,-1
12:54,447,0,673,-4,407,-1,511,-4,430,-2,623,-1,413,0,631,-1,553,-3,584,-5,1823,-1,589,-10,600,1,652,-4,668,-1,609,-4
12:55,446,-1,671,-2,403,-4,510,-1,431,1,621,-2,412,-1,632,1,552,-1,582,-2,1823,0,586,-3,602,2,648,-4,667,-1,607,-2
12:56,446,0,669,-2,403,0,507,-3,430,-1,619,-2,409,-3,630,-2,551,-1,579,-3,1824,1,580,-6,602,0,648,0,666,-1,605,-3
12:57,444,-2,668,-1,400,-3,502,-5,427,-3,618,-1,409,0,628,-2,550,-1,578,-1,1823,-1,572,-8,603,1,648,0,665,-1,602,-3
12:58,446,2,670,2,397,-3,498,-4,427,0,618,0,410,1,631,3,550,0,574,-4,1823,0,568,-4,602,-1,648,0,665,0,601,-1
12:59,446,0,668,-2,399,2,495,-3,426,-1,619,1,409,-1,629,-2,548,-2,572,-2,1821,-2,566,-2,602,0,646,-2,664,-1,599,-2
13:00,446,0,666,-2,399,0,494,-1,426,0,620,1,409,0,627,-2,547,-1,575,3,1822,1,564,-2,599,-3,646,0,664,0,599,0
13:01,445,-1,665,-1,400,1,493,-1,425,-1,617,-3,411,2,626,-1,545,-2,574,-1,1822,0,562,-2,599,0,642,-4,664,0,597,-2
13:02,443,-2,659,-6,398,-2,494,1,422,-3,615,-2,412,1,626,0,545,0,570,-4,1821,-1,558,-4,598,-1,639,-3,663,-1,594,-3
13:03,443,0,658,-1,401,3,496,2,421,-1,615,0,409,-3,625,-1,541,-4,570,0,1822,1,553,-5,599,1,640,1,662,0,594,-1
13:04,443,0,656,-2,399,-2,496,0,419,-2,615,0,409,0,627,2,541,0,567,-3,1823,1,547,-6,599,0,640,0,662,0,593,-1
13:05,444,1,654,-2,400,1,496,0,419,0,618,3,409,0,627,0,541,0,569,2,1824,1,545,-2,598,-1,641,1,662,0,593,0
13:06,444,0,656,2,397,-3,494,-2,421,2,620,2,411,2,625,-2,540,-1,572,3,1824,0,546,1,598,0,639,-2,662,0,593,0
13:07,443,-1,658,2,395,-2,495,1,422,1,617,-3,409,-2,623,-2,537,-3,570,-2,1824,0,545,-1,597,-1,638,-1,661,-1,592,-1
13:08,443,0,656,-2,394,-1,494,-1,423,1,617,0,411,2,624,1,538,1,569,-1,1824,0,546,1,596,-1,638,0,661,0,592,0
13:09,445,2,657,1,395,1,493,-1,422,-1,618,1,413,2,626,2,536,-2,569,0,1824,0,546,0,597,1,638,0,662,0,592,0
13:10,444,-1,656,-1,396,1,495,2,421,-1,618,0,413,0,624,-2,533,-3,570,1,1825,1,546,0,598,1,636,-2,661,0,592,0
13:11,443,-1,654,-2,398,2,495,0,421,0,618,0,413,0,624,0,533,0,570,0,1824,-1,547,1,595,-3,636,0,661,0,592,0
13:12,446,3,654,0,401,3,495,0,421,0,619,1,413,0,625,1,533,0,572,2,1824,0,546,-1,594,-1,638,2,662,1,593,1
13:13,446,0,656,2,404,3,492,-3,421,0,618,-1,413,0,626,1,533,0,568,-4,1824,0,548,2,593,-1,638,0,662,0,592,0
13:14,445,-1,654,-2,405,1,492,0,420,-1,616,-2,414,1,626,0,532,-1,568,0,1823,-1,546,-2,591,-2,638,0,661,-1,591,-1
13:15,445,0,655,1,408,3,491,-1,420,0,618,2,415,1,627,1,533,1,567,-1,1823,0,548,2,592,1,638,0,662,1,592,1
13:16,446,1,655,0,408,0,489,-2,421,1,617,-1,415,0,625,-2,533,0,568,1,1822,-1,549,1,592,0,643,5,662,0,592,0
13:17,446,0,655,0,408,0,491,2,421,0,614,-3,416,1,626,1,534,1,574,6,1822,0,547,-2,592,0,644,1,663,0,593,1
13:18,446,0,655,0,408,0,493,2,423,2,615,1,416,0,624,-2,532,-2,575,1,1821,-1,548,1,592,0,643,-1,663,0,593,0
13:19,446,0,655,0,411,3,494,1,424,1,617,2,416,0,623,-1,532,0,575,0,1821,0,549,1,593,1,643,0,663,1,594,0
13:20,446,0,656,1,411,0,495,1,424,0,616,-1,416,0,624,1,532,0,576,1,1822,1,547,-2,591,-2,644,1,663,0,594,0
13:21,446,0,653,-3,410,-1,493,-2,425,1,613,-3,416,0,625,1,533,1,577,1,1825,3,546,-1,592,1,646,2,664,1,593,-1
13:22,444,-2,653,0,411,1,492,-1,425,0,610,-3,416,0,626,1,533,0,578,1,1825,0,547,1,592,0,646,0,664,0,593,0
13:23,444,0,653,0,411,0,492,0,425,0,608,-2,416,0,627,1,531,-2,576,-2,1826,1,551,4,592,0,647,1,664,0,593,0
13:24,444,0,654,1,412,1,491,-1,425,0,608,0,415,-1,628,1,534,3,577,1,1826,0,550,-1,592,0,648,1,664,0,594,0
13:25,445,1,654,0,410,-2,491,0,425,0,608,0,415,0,629,1,535,1,572,-5,1826,0,549,-1,590,-2,646,-2,664,0,593,-1
13:26,445,0,652,-2,410,0,492,1,425,0,610,2,412,-3,630,1,534,-1,575,3,1825,-1,549,0,591,1,645,-1,663,-1,593,1
13:27,445,0,653,1,409,-1,490,-2,426,1,609,-1,412,0,630,0,531,-3,575,0,1825,0,552,3,590,-1,644,-1,663,-1,593,0
13:28,445,0,654,1,409,0,490,0,427,1,608,-1,411,-1,628,-2,533,2,575,0,1825,0,551,-1,590,0,644,0,663,0,593,0
13:29,446,1,656,2,409,0,490,0,427,0,610,2,408,-3,628,0,533,0,575,0,1829,4,548,-3,591,1,645,1,663,0,593,0
13:30,448,2,657,1,409,0,491,1,428,1,610,0,408,0,629,1,533,0,574,-1,1830,1,550,2,592,1,646,1,664,1,594,1
13:32,448,0,658,1,410,1,491,0,431,3,608,-2,407,-1,630,1,533,0,574,0,1830,0,549,-1,592,0,647,1,664,0,594,0
13:33,448,0,658,0,412,2,492,1,433,2,607,-1,408,1,631,1,532,-1,572,-2,1831,1,550,1,592,0,648,1,665,1,594,0
13:34,448,0,659,1,412,0,491,-1,432,-1,609,2,407,-1,631,0,532,0,573,1,1830,-1,550,0,592,0,648,0,665,0,594,0
13:35,449,1,660,1,413,1,492,1,432,0,608,-1,406,-1,630,-1,532,0,575,2,1830,0,547,-3,591,-1,646,-2,665,0,594,0
13:36,448,-1,660,0,413,0,492,0,432,0,603,-5,406,0,629,-1,530,-2,575,0,1831,1,547,0,591,0,647,1,664,0,593,-1
13:37,447,-1,662,2,413,0,491,-1,433,1,604,1,406,0,628,-1,531,1,576,1,1832,1,548,1,590,-1,647,0,665,0,594,0
13:38,446,-1,665,3,413,0,488,-3,435,2,603,-1,407,1,625,-3,531,0,576,0,1834,2,548,0,590,0,648,1,665,1,593,0
13:39,446,0,666,1,413,0,488,0,434,-1,606,3,405,-2,623,-2,530,-1,575,-1,1834,0,550,2,589,-1,649,1,664,-1,594,1
13:40,446,0,665,-1,414,1,485,-3,434,0,605,-1,406,1,622,-1,529,-1,576,1,1834,0,549,-1,590,1,650,1,665,0,593,-1
13:41,444,-2,665,0,414,0,484,-1,434,0,604,-1,407,1,621,-1,528,-1,575,-1,1833,-1,549,0,590,0,650,0,664,0,593,-1
13:42,444,0,665,0,414,0,484,0,434,0,603,-1,407,0,621,0,527,-1,574,-1,1834,1,549,0,590,0,651,1,664,0,592,0
13:43,443,-1,665,0,415,1,484,0,432,-2,600,-3,408,1,620,-1,527,0,576,2,1836,2,551,2,591,1,648,-3,665,0,592,0
13:44,442,-1,664,-1,414,-1,487,3,432,0,598,-2,408,0,620,0,528,1,574,-2,1834,-2,551,0,593,2,648,0,664,0,592,0
13:45,442,0,664,0,415,1,486,-1,430,-2,600,2,410,2,620,0,528,0,577,3,1833,-1,553,2,593,0,647,-1,664,0,592,1
13:46,440,-2,667,3,415,0,488,2,431,1,601,1,410,0,621,1,527,-1,577,0,1832,-1,551,-2,594,1,649,2,664,0,593,1
13:47,440,0,665,-2,415,0,487,-1,431,0,604,3,409,-1,620,-1,527,0,579,2,1832,0,552,1,596,2,647,-2,664,0,593,0
13:48,440,0,662,-3,415,0,489,2,431,0,604,0,409,0,620,0,527,0,578,-1,1832,0,551,-1,596,0,645,-2,664,0,593,-1
13:49,439,-1,661,-1,415,0,490,1,430,-1,603,-1,406,-3,619,-1,528,1,579,1,1832,0,553,2,596,0,644,-1,664,-1,593,0
13:50,439,0,660,-1,415,0,491,1,430,0,603,0,405,-1,618,-1,528,0,580,1,1833,1,552,-1,596,0,643,-1,664,0,592,0
13:51,440,1,659,-1,414,-1,490,-1,427,-3,605,2,402,-3,620,2,528,0,581,1,1833,0,552,0,597,1,643,0,663,-1,593,0
13:52,439,-1,657,-2,413,-1,489,-1,426,-1,605,0,399,-3,620,0,524,-4,584,3,1833,0,551,-1,597,0,643,0,662,-1,593,0
13:53,438,-1,658,1,414,1,488,-1,424,-2,603,-2,398,-1,620,0,524,0,586,2,1833,0,551,0,597,0,645,2,661,0,593,0
13:54,438,0,656,-2,413,-1,487,-1,422,-2,604,1,398,0,622,2,522,-2,586,0,1834,1,553,2,597,0,644,-1,661,-1,593,0
13:55,437,-1,657,1,413,0,489,2,422,0,605,1,399,1,623,1,522,0,588,2,1836,2,554,1,598,1,641,-3,661,0,594,1
13:56,435,-2,656,-1,412,-1,491,2,421,-1,604,-1,398,-1,621,-2,521,-1,589,1,1836,0,552,-2,599,1,642,1,660,-1,594,0
13:57,434,-1,657,1,412,0,492,1,422,1,604,0,398,0,620,-1,521,0,589,0,1835,-1,550,-2,599,0,644,2,660,0,594,0
13:58,433,-1,658,1,412,0,494,2,422,0,605,1,397,-1,619,-1,523,2,592,3,1835,0,551,1,600,1,643,-1,660,0,595,1
13:59,432,-1,658,0,413,1,496,2,422,0,604,-1,397,0,621,2,523,0,594,2,1834,-1,552,1,600,0,643,0,660,0,595,1
14:00,429,-3,658,0,411,-2,496,0,422,0,611,7,397,0,621,0,522,-1,596,2,1835,1,554,2,601,1,641,-2,660,-1,597,1
14:01,430,1,656,-2,412,1,496,0,425,3,611,0,396,-1,620,-1,522,0,590,-6,1835,0,553,-1,601,0,638,-3,660,1,595,-2
14:02,430,0,655,-1,409,-3,496,0,423,-2,610,-1,395,-1,617,-3,522,0,590,0,1834,-1,552,-1,601,0,638,0,659,-1,594,-1
14:03,430,0,655,0,407,-2,494,-2,423,0,613,3,392,-3,619,2,522,0,589,-1,1836,2,551,-1,600,-1,638,0,659,-1,594,0
14:04,429,-1,653,-2,408,1,494,0,422,-1,613,0,392,0,620,1,522,0,593,4,1836,0,551,0,600,0,634,-4,658,0,594,0
14:05,429,0,653,0,409,1,492,-2,423,1,613,0,390,-2,620,0,521,-1,595,2,1836,0,551,0,601,1,633,-1,658,0,594,0
14:06,431,2,650,-3,408,-1,493,1,419,-4,611,-2,389,-1,621,1,519,-2,596,1,1837,1,552,1,600,-1,636,3,658,-1,594,0
14:07,431,0,650,0,407,-1,492,-1,419,0,613,2,387,-2,619,-2,520,1,595,-1,1837,0,550,-2,600,0,635,-1,657,0,593,-1
14:08,431,0,649,-1,406,-1,491,-1,419,0,610,-3,385,-2,621,2,519,-1,596,1,1837,0,546,-4,601,1,633,-2,657,0,592,-1
14:09,428,-3,651,2,406,0,491,0,419,0,610,0,386,1,620,-1,519,0,595,-1,1838,1,546,0,601,0,632,-1,657,0,592,0
14:10,427,-1,653,2,405,-1,489,-2,418,-1,610,0,385,-1,618,-2,518,-1,595,0,1841,3,547,1,605,4,633,1,657,0,592,0
14:11,426,-1,654,1,405,0,486,-3,416,-2,607,-3,385,0,617,-1,519,1,593,-2,1840,-1,546,-1,604,-1,638,5,656,-1,592,-1
14:12,425,-1,653,-1,402,-3,485,-1,415,-1,608,1,386,1,618,1,519,0,594,1,1840,0,547,1,604,0,636,-2,656,-1,592,0
14:13,425,0,649,-4,401,-1,483,-2,415,0,606,-2,384,-2,619,1,518,-1,599,5,1840,0,545,-2,603,-1,638,2,655,-1,591,0
14:14,423,-2,651,2,404,3,485,2,417,2,606,0,383,-1,626,7,518,0,602,3,1838,-2,546,1,603,0,637,-1,655,0,593,2
14:15,422,-1,650,-1,405,1,486,1,416,-1,603,-3,384,1,628,2,514,-4,601,-1,1839,1,543,-3,605,2,636,-1,655,0,592,-1
14:16,421,-1,650,0,404,-1,486,0,420,4,604,1,384,0,626,-2,514,0,603,2,1839,0,542,-1,606,1,635,-1,655,0,592,0
14:17,424,3,654,4,404,0,487,1,420,0,606,2,385,1,631,5,515,1,606,3,1840,1,544,2,607,1,636,1,656,1,595,3
14:18,426,2,654,0,403,-1,488,1,422,2,607,1,385,0,633,2,515,0,607,1,1840,0,547,3,606,-1,635,-1,657,0,596,1
14:19,424,-2,654,0,401,-2,487,-1,423,1,604,-3,385,0,631,-2,512,-3,610,3,1841,1,547,0,607,1,637,2,656,-1,596,0
14:20,425,1,657,3,402,1,488,1,424,1,602,-2,386,1,629,-2,513,1,610,0,1841,0,550,3,609,2,638,1,657,1,596,1
14:21,424,-1,660,3,402,0,491,3,423,-1,603,1,387,1,630,1,511,-2,609,-1,1841,0,556,6,610,1,637,-1,657,0,598,2
14:22,424,0,660,0,402,0,492,1,421,-2,610,7,388,1,633,3,508,-3,613,4,1842,1,558,2,610,0,639,2,656,0,601,3
14:23,425,1,663,3,401,-1,493,1,421,0,611,1,393,5,637,4,507,-1,613,0,1843,1,560,2,611,1,641,2,657,1,603,2
14:24,425,0,666,3,401,0,493,0,429,8,620,9,395,2,642,5,509,2,610,-3,1843,0,560,0,612,1,644,3,659,2,605,2
14:25,425,0,669,3,400,-1,490,-3,431,2,632,12,403,8,646,4,510,1,609,-1,1846,3,563,3,612,0,647,3,661,2,608,3
14:26,423,-2,671,2,399,-1,488,-2,436,5,643,11,406,3,653,7,510,0,614,5,1847,1,560,-3,612,0,647,0,662,1,611,3
14:27,425,2,675,4,397,-2,490,2,437,1,648,5,409,3,657,4,511,1,613,-1,1848,1,561,1,613,1,643,-4,663,1,612,2
14:28,430,5,682,7,397,0,492,2,438,1,654,6,410,1,664,7,511,0,620,7,1848,0,559,-2,613,0,644,1,664,1,616,4
14:29,434,4,694,12,397,0,497,5,440,2,664,10,413,3,669,5,510,-1,623,3,1848,0,563,4,613,0,647,3,665,1,622,6
14:30,437,3,705,11,396,-1,498,1,442,2,673,9,417,4,671,2,509,-1,625,2,1848,0,571,8,613,0,646,-1,666,1,627,5
14:31,438,1,713,8,398,2,502,4,444,2,676,3,421,4,676,5,509,0,628,3,1850,2,577,6,614,1,650,4,668,2,632,5
14:32,442,4,718,5,400,2,505,3,446,2,680,4,422,1,684,8,512,3,637,9,1853,3,581,4,617,3,655,5,670,3,637,5
14:33,443,1,721,3,404,4,509,4,445,-1,681,1,424,2,689,5,510,-2,644,7,1856,3,585,4,619,2,658,3,672,1,641,4
14:34,447,4,725,4,404,0,513,4,447,2,687,6,424,0,694,5,510,0,648,4,1858,2,591,6,624,5,666,8,673,2,646,5
14:35,451,4,733,8,409,5,515,2,448,1,691,4,425,1,697,3,517,7,651,3,1863,5,594,3,626,2,670,4,677,4,650,4
14:36,453,2,734,1,411,2,521,6,453,5,696,5,426,1,700,3,521,4,654,3,1865,2,599,5,629,3,670,0,680,3,653,3
14:37,456,3,737,3,415,4,527,6,453,0,698,2,428,2,702,2,517,-4,660,6,1867,2,601,2,637,8,676,6,682,2,657,4
14:38,456,0,738,1,419,4,533,6,452,-1,698,0,428,0,704,2,522,5,663,3,1868,1,602,1,638,1,680,4,683,1,660,2
14:39,457,1,746,8,422,3,534,1,450,-2,699,1,429,1,704,0,523,1,665,2,1869,1,605,3,637,-1,683,3,684,1,662,3
14:40,458,1,746,0,429,7,536,2,452,2,699,0,428,-1,705,1,527,4,672,7,1874,5,608,3,639,2,689,6,687,3,665,3
14:41,459,1,750,4,432,3,536,0,452,0,697,-2,429,1,709,4,528,1,672,0,1877,3,609,1,642,3,689,0,688,2,666,1
14:42,459,0,754,4,435,3,539,3,453,1,698,1,429,0,711,2,530,2,674,2,1877,0,609,0,646,4,689,0,690,1,668,2
14:43,460,1,755,1,435,0,539,0,452,-1,697,-1,433,4,714,3,531,1,678,4,1881,4,610,1,647,1,693,4,691,1,669,2
14:44,464,4,755,0,436,1,541,2,453,1,697,0,433,0,716,2,533,2,681,3,1883,2,614,4,649,2,696,3,693,2,671,2
14:45,466,2,759,4,441,5,550,9,453,0,699,2,433,0,717,1,534,1,679,-2,1883,0,618,4,650,1,696,0,694,1,674,3
14:46,466,0,760,1,442,1,557,7,453,0,700,1,432,-1,717,0,535,1,682,3,1888,5,623,5,650,0,694,-2,695,1,676,2
14:47,466,0,759,-1,443,1,557,0,454,1,703,3,432,0,718,1,536,1,682,0,1888,0,623,0,651,1,698,4,696,1,677,1
14:48,467,1,760,1,444,1,558,1,457,3,703,0,434,2,719,1,537,1,682,0,1890,2,622,-1,651,0,699,1,697,1,678,0
14:49,468,1,761,1,445,1,563,5,458,1,704,1,434,0,719,0,536,-1,682,0,1891,1,620,-2,651,0,700,1,698,0,678,1
14:50,473,5,764,3,443,-2,566,3,459,1,706,2,433,-1,721,2,540,4,683,1,1891,0,619,-1,652,1,703,3,699,1,680,2
14:51,473,0,765,1,441,-2,567,1,462,3,706,0,431,-2,723,2,540,0,684,1,1893,2,618,-1,653,1,703,0,699,0,681,1
14:52,474,1,764,-1,442,1,569,2,463,1,706,0,432,1,723,0,537,-3,684,0,1893,0,620,2,654,1,704,1,699,0,681,1
14:53,475,1,764,0,441,-1,571,2,463,0,706,0,431,-1,727,4,537,0,688,4,1893,0,622,2,656,2,708,4,699,0,684,2
14:54,474,-1,764,0,442,1,571,0,462,-1,707,1,433,2,726,-1,538,1,690,2,1896,3,621,-1,659,3,709,1,701,1,684,0
14:55,477,3,767,3,443,1,575,4,464,2,709,2,435,2,728,2,540,2,693,3,1896,0,621,0,659,0,711,2,702,1,686,2
14:56,477,0,767,0,440,-3,578,3,465,1,715,6,434,-1,728,0,543,3,694,1,1897,1,624,3,661,2,711,0,702,0,688,2
14:57,478,1,771,4,441,1,581,3,466,1,716,1,433,-1,732,4,543,0,695,1,1897,0,628,4,663,2,713,2,703,1,691,3
14:58,478,0,775,4,441,0,585,4,466,0,717,1,433,0,734,2,545,2,695,0,1897,0,626,-2,664,1,715,2,703,0,692,2
14:59,479,1,776,1,441,0,586,1,467,1,720,3,434,1,734,0,545,0,694,-1,1898,1,626,0,664,0,718,3,704,1,693,1
15:00,479,0,781,5,441,0,587,1,467,0,721,1,435,1,736,2,545,0,695,1,1898,0,625,-1,665,1,717,-1,704,0,695,1
15:01,479,0,787,6,442,1,590,3,466,-1,717,-4,436,1,738,2,546,1,697,2,1899,1,624,-1,666,1,717,0,705,1,696,1
15:02,480,1,788,1,443,1,591,1,466,0,715,-2,438,2,739,1,546,0,700,3,1899,0,626,2,668,2,718,1,706,1,697,1
15:03,480,0,790,2,443,0,591,0,465,-1,716,1,440,2,742,3,546,0,702,2,1901,2,626,0,668,0,720,2,706,0,698,1
15:04,481,1,795,5,446,3,596,5,466,1,715,-1,442,2,744,2,547,1,703,1,1901,0,627,1,669,1,720,0,707,1,700,2
15:05,481,0,796,1,447,1,600,4,466,0,714,-1,441,-1,744,0,547,0,707,4,1902,1,627,0,670,1,721,1,708,0,701,1
15:06,482,1,799,3,447,0,606,6,466,0,717,3,441,0,750,6,548,1,710,3,1903,1,629,2,670,0,724,3,708,0,705,4
15:07,483,1,799,0,447,0,607,1,467,1,723,6,440,-1,754,4,549,1,710,0,1905,2,632,3,671,1,724,0,709,1,707,2
15:08,488,5,803,4,450,3,610,3,467,0,723,0,441,1,759,5,551,2,706,-4,1907,2,633,1,672,1,724,0,711,2,708,1
15:09,487,-1,803,0,449,-1,612,2,467,0,724,1,444,3,760,1,552,1,709,3,1907,0,635,2,672,0,728,4,711,0,710,2
15:10,489,2,803,0,451,2,611,-1,469,2,726,2,445,1,761,1,553,1,710,1,1908,1,637,2,675,3,728,0,713,2,711,1
15:11,495,6,806,3,452,1,609,-2,470,1,724,-2,445,0,765,4,552,-1,714,4,1908,0,640,3,677,2,727,-1,714,1,712,1
15:12,496,1,809,3,452,0,604,-5,470,0,726,2,443,-2,769,4,552,0,718,4,1909,1,644,4,677,0,730,3,714,0,714,2
15:13,497,1,812,3,452,0,605,1,472,2,729,3,444,1,770,1,552,0,720,2,1910,1,646,2,678,1,732,2,715,1,716,2
15:14,498,1,814,2,453,1,604,-1,473,1,732,3,444,0,773,3,551,-1,721,1,1912,2,646,0,678,0,736,4,716,1,718,2
15:15,500,2,814,0,455,2,607,3,474,1,731,-1,444,0,773,0,551,0,723,2,1915,3,648,2,680,2,734,-2,717,1,719,1
15:16,500,0,817,3,458,3,608,1,475,1,733,2,445,1,771,-2,553,2,724,1,1915,0,650,2,685,5,737,3,719,2,720,1
15:17,501,1,818,1,458,0,611,3,474,-1,735,2,444,-1,776,5,555,2,725,1,1915,0,652,2,687,2,741,4,719,0,723,3
15:18,501,0,818,0,458,0,613,2,476,2,737,2,449,5,777,1,555,0,727,2,1916,1,654,2,688,1,744,3,720,1,724,2
15:19,502,1,824,6,458,0,612,-1,480,4,737,0,449,0,779,2,556,1,728,1,1915,-1,656,2,688,0,746,2,721,1,726,2
15:20,502,0,824,0,458,0,615,3,480,0,740,3,449,0,782,3,556,0,731,3,1915,0,656,0,688,0,747,1,721,0,728,2
15:21,501,-1,825,1,459,1,619,4,482,2,741,1,450,1,786,4,556,0,734,3,1917,2,657,1,689,1,750,3,722,1,730,2
15:22,501,0,825,0,460,1,621,2,485,3,739,-2,450,0,784,-2,557,1,734,0,1917,0,658,1,690,1,751,1,723,1,730,0
15:23,502,1,826,1,459,-1,625,4,485,0,740,1,452,2,785,1,558,1,735,1,1919,2,659,1,691,1,752,1,724,1,732,1
15:24,505,3,825,-1,459,0,629,4,487,2,741,1,452,0,786,1,559,1,736,1,1920,1,660,1,691,0,752,0,725,1,733,1
15:25,507,2,824,-1,459,0,630,1,489,2,742,1,453,1,789,3,560,1,739,3,1920,0,663,3,694,3,753,1,726,1,734,2
15:26,508,1,823,-1,459,0,634,4,490,1,744,2,453,0,792,3,560,0,739,0,1920,0,662,-1,696,2,755,2,727,1,736,1
15:27,509,1,823,0,459,0,636,2,490,0,744,0,453,0,794,2,562,2,738,-1,1925,5,661,-1,697,1,755,0,728,1,736,0
15:28,510,1,823,0,459,0,636,0,492,2,745,1,454,1,797,3,562,0,739,1,1927,2,665,4,699,2,757,2,729,1,737,2
15:29,511,1,824,1,460,1,634,-2,492,0,745,0,454,0,798,1,562,0,741,2,1931,4,668,3,699,0,758,1,730,1,738,1
15:30,511,0,824,0,462,2,635,1,491,-1,746,1,455,1,799,1,561,-1,741,0,1930,-1,669,1,701,2,757,-1,730,0,739,0
15:31,511,0,826,2,463,1,635,0,487,-4,746,0,454,-1,800,1,560,-1,744,3,1931,1,669,0,701,0,759,2,730,-1,740,1
15:32,513,2,829,3,465,2,636,1,489,2,745,-1,456,2,802,2,561,1,743,-1,1931,0,676,7,701,0,760,1,731,1,742,2
15:33,514,1,831,2,464,-1,639,3,490,1,745,0,460,4,807,5,562,1,743,0,1930,-1,678,2,703,2,761,1,732,1,743,2
15:34,514,0,831,0,463,-1,639,0,490,0,749,4,457,-3,810,3,563,1,743,0,1931,1,679,1,704,1,763,2,732,0,745,1
15:35,517,3,836,5,463,0,642,3,493,3,747,-2,459,2,813,3,564,1,743,0,1930,-1,681,2,705,1,764,1,733,1,747,2
15:36,519,2,838,2,464,1,645,3,493,0,746,-1,460,1,813,0,564,0,744,1,1930,0,685,4,705,0,769,5,734,1,749,2
15:37,519,0,840,2,465,1,647,2,491,-2,748,2,459,-1,813,0,565,1,744,0,1934,4,691,6,706,1,769,0,734,1,750,2
15:38,519,0,844,4,467,2,648,1,491,0,749,1,460,1,813,0,565,0,749,5,1936,2,694,3,706,0,770,1,735,1,752,2
15:39,520,1,845,1,466,-1,648,0,490,-1,749,0,462,2,814,1,567,2,753,4,1939,3,697,3,707,1,770,0,736,1,754,1
15:40,522,2,847,2,466,0,650,2,488,-2,752,3,463,1,815,1,567,0,754,1,1940,1,701,4,707,0,773,3,736,0,756,2
15:41,519,-3,846,-1,466,0,653,3,488,0,752,0,464,1,813,-2,568,1,758,4,1943,3,702,1,710,3,773,0,737,1,757,1
15:42,516,-3,846,0,468,2,655,2,491,3,757,5,465,1,813,0,570,2,759,1,1945,2,700,-2,711,1,776,3,738,1,758,1
15:43,517,1,848,2,468,0,657,2,493,2,758,1,465,0,815,2,570,0,761,2,1948,3,702,2,711,0,777,1,739,1,760,2
15:44,518,1,850,2,469,1,658,1,495,2,759,1,465,0,816,1,576,6,762,1,1949,1,707,5,712,1,779,2,741,2,762,2
15:45,520,2,850,0,470,1,656,-2,497,2,762,3,465,0,817,1,576,0,764,2,1950,1,713,6,712,0,779,0,741,1,763,1
15:46,523,3,849,-1,471,1,656,0,499,2,765,3,467,2,816,-1,577,1,767,3,1952,2,716,3,713,1,784,5,743,2,765,2
15:47,525,2,851,2,471,0,662,6,501,2,767,2,470,3,817,1,577,0,770,3,1952,0,715,-1,714,1,785,1,744,1,767,2
15:48,524,-1,854,3,469,-2,665,3,503,2,771,4,470,0,821,4,577,0,770,0,1951,-1,717,2,715,1,785,0,744,0,769,2
15:49,528,4,857,3,470,1,667,2,505,2,776,5,472,2,827,6,577,0,769,-1,1952,1,719,2,716,1,784,-1,746,2,771,2
15:50,532,4,861,4,469,-1,670,3,503,-2,777,1,473,1,831,4,578,1,769,0,1955,3,718,-1,715,-1,784,0,746,1,773,2
15:51,535,3,865,4,469,0,672,2,504,1,784,7,477,4,838,7,579,1,770,1,1955,0,720,2,715,0,787,3,748,1,777,4
15:52,534,-1,870,5,472,3,671,-1,504,0,791,7,476,-1,840,2,581,2,775,5,1956,1,723,3,715,0,791,4,748,1,780,4
15:53,535,1,876,6,473,1,673,2,505,1,794,3,479,3,847,7,579,-2,775,0,1959,3,724,1,716,1,795,4,749,1,783,3
15:54,536,1,880,4,475,2,674,1,507,2,800,6,482,3,854,7,581,2,776,1,1962,3,725,1,716,0,794,-1,751,2,786,3
15:55,538,2,888,8,474,-1,677,3,512,5,807,7,492,10,860,6,580,-1,776,0,1962,0,727,2,719,3,800,6,754,3,791,5
15:56,543,5,890,2,474,0,678,1,512,0,813,6,496,4,870,10,579,-1,778,2,1962,0,727,0,724,5,799,-1,756,2,794,3
15:57,551,8,896,6,477,3,684,6,515,3,818,5,499,3,877,7,578,-1,778,0,1963,1,726,-1,725,1,800,1,758,3,797,3
15:58,553,2,900,4,479,2,684,0,516,1,823,5,502,3,884,7,585,7,777,-1,1965,2,732,6,727,2,805,5,761,3,801,4
15:59,560,7,910,10,481,2,686,2,516,0,828,5,505,3,887,3,586,1,781,4,1965,0,739,7,728,1,807,2,763,2,805,5
16:00,562,2,920,10,481,0,690,4,518,2,831,3,508,3,885,-2,586,0,785,4,1965,0,742,3,730,2,810,3,764,1,809,4
16:01,564,2,931,11,483,2,696,6,523,5,835,4,505,-3,885,0,589,3,793,8,1966,1,747,5,734,4,812,2,766,2,814,5
16:02,566,2,932,1,484,1,700,4,522,-1,839,4,510,5,890,5,594,5,798,5,1966,0,749,2,736,2,817,5,768,2,818,4
16:03,569,3,938,6,485,1,705,5,524,2,840,1,509,-1,893,3,602,8,808,10,1969,3,754,5,735,-1,820,3,770,2,823,5
16:04,571,2,941,3,490,5,710,5,525,1,841,1,512,3,894,1,606,4,815,7,1968,-1,761,7,735,0,825,5,772,2,827,4
16:05,573,2,945,4,495,5,716,6,530,5,842,1,513,1,901,7,608,2,819,4,1970,2,761,0,739,4,831,6,775,3,831,4
16:06,576,3,943,-2,500,5,726,10,532,2,843,1,514,1,902,1,617,9,827,8,1972,2,765,4,744,5,839,8,779,4,835,4
16:07,579,3,948,5,499,-1,736,10,533,1,851,8,516,2,903,1,618,1,827,0,1978,6,768,3,746,2,845,6,781,2,840,5
16:08,580,1,953,5,503,4,741,5,538,5,853,2,518,2,902,-1,621,3,832,5,1980,2,773,5,750,4,847,2,784,3,843,3
16:09,582,2,959,6,508,5,746,5,539,1,855,2,522,4,904,2,623,2,838,6,1984,4,778,5,752,2,858,11,787,3,848,5
16:10,583,1,963,4,511,3,750,4,540,1,855,0,524,2,902,-2,625,2,844,6,1987,3,779,1,752,0,862,4,789,2,851,2
16:11,584,1,966,3,513,2,754,4,539,-1,856,1,524,0,902,0,626,1,850,6,1991,4,781,2,755,3,866,4,790,1,854,3
16:12,586,2,966,0,516,3,756,2,539,0,858,2,525,1,902,0,626,0,854,4,1993,2,783,2,755,0,866,0,791,1,855,1
16:13,588,2,970,4,517,1,762,6,540,1,860,2,529,4,905,3,626,0,859,5,1998,5,786,3,756,1,869,3,793,2,859,4
16:14,588,0,971,1,519,2,766,4,542,2,860,0,530,1,907,2,628,2,859,0,2001,3,792,6,759,3,867,-2,795,2,860,2
16:15,588,0,977,6,522,3,769,3,544,2,861,1,532,2,908,1,631,3,861,2,2003,2,793,1,760,1,871,4,797,2,863,3
16:16,589,1,977,0,524,2,771,2,546,2,861,0,533,1,909,1,633,2,861,0,2003,0,799,6,761,1,872,1,798,1,864,1
16:17,591,2,979,2,524,0,774,3,547,1,860,-1,533,0,910,1,634,1,863,2,2005,2,801,2,763,2,872,0,800,1,866,1
16:18,591,0,981,2,523,-1,778,4,545,-2,860,0,533,0,912,2,633,-1,863,0,2005,0,808,7,767,4,872,0,800,0,868,2
16:19,594,3,983,2,524,1,783,5,542,-3,861,1,536,3,918,6,633,0,868,5,2006,1,812,4,767,0,872,0,800,1,871,3
16:20,595,1,984,1,528,4,786,3,543,1,864,3,540,4,922,4,633,0,868,0,2006,0,816,4,769,2,875,3,802,2,874,3
16:21,596,1,986,2,534,6,787,1,543,0,867,3,540,0,922,0,634,1,870,2,2009,3,818,2,770,1,876,1,804,2,875,2
16:22,598,2,989,3,537,3,794,7,545,2,871,4,539,-1,922,0,635,1,871,1,2011,2,823,5,772,2,878,2,805,2,878,3
16:23,600,2,992,3,537,0,798,4,547,2,872,1,539,0,924,2,636,1,874,3,2011,0,825,2,772,0,880,2,806,1,881,2
16:24,600,0,993,1,536,-1,803,5,546,-1,879,7,539,0,927,3,638,2,876,2,2011,0,826,1,773,1,882,2,806,0,884,3
16:25,600,0,993,0,537,1,807,4,549,3,880,1,540,1,928,1,640,2,876,0,2011,0,827,1,774,1,883,1,807,1,885,1
16:26,601,1,996,3,535,-2,806,-1,555,6,881,1,542,2,931,3,641,1,876,0,2012,1,827,0,776,2,883,0,809,2,886,1
16:27,601,0,999,3,536,1,806,0,554,-1,882,1,543,1,931,0,641,0,879,3,2012,0,829,2,777,1,884,1,809,0,887,1
16:28,600,-1,1004,5,537,1,806,0,556,2,885,3,542,-1,934,3,644,3,880,1,2012,0,831,2,778,1,886,2,810,1,889,2
16:29,600,0,1004,0,538,1,808,2,557,1,889,4,543,1,938,4,646,2,883,3,2016,4,833,2,779,1,887,1,811,1,892,2
16:30,602,2,1002,-2,540,2,811,3,562,5,893,4,547,4,941,3,647,1,888,5,2018,2,836,3,779,0,887,0,814,2,894,2
16:31,606,4,1004,2,539,-1,811,0,563,1,895,2,550,3,940,-1,649,2,890,2,2018,0,840,4,780,1,889,2,815,1,896,2
16:32,606,0,1005,1,540,1,811,0,565,2,898,3,553,3,944,4,652,3,891,1,2018,0,843,3,782,2,890,1,817,2,897,2
16:33,606,0,1007,2,543,3,812,1,566,1,899,1,554,1,943,-1,652,0,891,0,2018,0,845,2,782,0,891,1,817,1,898,1
16:34,609,3,1007,0,543,0,816,4,569,3,905,6,554,0,948,5,652,0,891,0,2019,1,845,0,782,0,893,2,818,1,901,2
16:35,609,0,1010,3,545,2,816,0,571,2,907,2,555,1,957,9,653,1,891,0,2022,3,845,0,782,0,897,4,820,1,903,3
16:36,610,1,1016,6,545,0,817,1,572,1,910,3,556,1,959,2,654,1,891,0,2025,3,845,0,784,2,896,-1,821,1,905,2
16:37,612,2,1017,1,547,2,817,0,571,-1,914,4,558,2,961,2,655,1,892,1,2027,2,848,3,785,1,900,4,822,1,907,2
16:38,615,3,1018,1,549,2,816,-1,571,0,919,5,560,2,963,2,657,2,896,4,2029,2,853,5,786,1,901,1,824,2,909,2
16:39,615,0,1022,4,550,1,818,2,573,2,925,6,560,0,968,5,657,0,901,5,2029,0,855,2,787,1,905,4,824,1,913,4
16:40,615,0,1025,3,550,0,823,5,574,1,929,4,564,4,970,2,657,0,905,4,2030,1,857,2,789,2,908,3,826,1,917,3
16:41,615,0,1027,2,550,0,828,5,573,-1,934,5,565,1,975,5,657,0,906,1,2031,1,860,3,791,2,909,1,826,0,920,3
16:42,617,2,1031,4,550,0,831,3,578,5,938,4,567,2,980,5,658,1,908,2,2032,1,859,-1,792,1,910,1,828,2,922,3
16:43,616,-1,1030,-1,550,0,835,4,582,4,939,1,568,1,983,3,660,2,912,4,2032,0,863,4,792,0,916,6,829,1,925,3
16:44,616,0,1033,3,550,0,838,3,582,0,944,5,567,-1,986,3,662,2,917,5,2033,1,864,1,792,0,920,4,829,0,929,3
16:45,618,2,1033,0,552,2,840,2,583,1,948,4,567,0,986,0,663,1,922,5,2036,3,868,4,793,1,924,4,830,1,932,3
16:46,618,0,1033,0,554,2,848,8,582,-1,953,5,570,3,991,5,664,1,927,5,2037,1,873,5,796,3,926,2,832,1,936,4
16:48,618,0,1036,3,556,2,855,7,585,3,955,2,570,0,994,3,666,2,930,3,2040,3,879,6,798,2,930,4,833,2,940,4
16:49,620,2,1037,1,558,2,858,3,588,3,956,1,571,1,996,2,666,0,932,2,2043,3,882,3,799,1,936,6,835,2,942,3
16:50,621,1,1035,-2,563,5,862,4,593,5,959,3,572,1,997,1,668,2,939,7,2047,4,884,2,801,2,942,6,838,3,945,3
16:51,621,0,1035,0,567,4,864,2,595,2,965,6,572,0,1000,3,669,1,943,4,2048,1,889,5,804,3,945,3,839,2,949,3
16:52,621,0,1034,-1,571,4,868,4,597,2,967,2,575,3,1001,1,670,1,947,4,2051,3,896,7,809,5,950,5,842,3,952,3
16:53,623,2,1034,0,573,2,868,0,597,0,968,1,574,-1,1004,3,675,5,952,5,2052,1,896,0,810,1,951,1,843,1,953,1
16:54,623,0,1036,2,573,0,874,6,601,4,969,1,576,2,1004,0,678,3,956,4,2052,0,901,5,811,1,954,3,845,1,956,3
16:55,625,2,1038,2,575,2,876,2,602,1,970,1,579,3,1006,2,680,2,958,2,2055,3,906,5,813,2,957,3,847,2,959,2
16:56,625,0,1041,3,577,2,877,1,604,2,974,4,578,-1,1009,3,682,2,961,3,2056,1,907,1,815,2,960,3,848,1,961,3
16:57,627,2,1043,2,577,0,878,1,604,0,977,3,579,1,1009,0,682,0,962,1,2056,0,912,5,817,2,962,2,849,1,963,2
16:58,627,0,1043,0,576,-1,881,3,607,3,981,4,581,2,1013,4,682,0,964,2,2056,0,914,2,820,3,962,0,850,1,965,2
16:59,627,0,1046,3,576,0,883,2,608,1,986,5,581,0,1014,1,683,1,966,2,2058,2,918,4,822,2,964,2,851,1,968,3
17:00,628,1,1049,3,578,2,883,0,608,0,986,0,583,2,1017,3,684,1,964,-2,2061,3,921,3,824,2,966,2,852,2,969,1
17:01,629,1,1050,1,578,0,890,7,608,0,986,0,584,1,1017,0,685,1,966,2,2061,0,922,1,827,3,967,1,853,1,971,2
17:02,629,0,1051,1,577,-1,894,4,612,4,988,2,590,6,1016,-1,686,1,966,0,2065,4,924,2,829,2,967,0,855,2,972,1
17:03,630,1,1051,0,580,3,895,1,613,1,991,3,590,0,1024,8,687,1,969,3,2065,0,928,4,830,1,968,1,856,1,975,3
17:04,632,2,1053,2,581,1,897,2,615,2,992,1,591,1,1025,1,686,-1,970,1,2064,-1,927,-1,831,1,971,3,857,1,976,1
17:05,632,0,1056,3,584,3,900,3,614,-1,996,4,592,1,1027,2,686,0,971,1,2065,1,929,2,832,1,971,0,858,1,979,2
17:06,634,2,1055,-1,584,0,905,5,614,0,1000,4,593,1,1029,2,691,5,974,3,2066,1,933,4,833,1,974,3,859,1,981,3
17:07,636,2,1062,7,586,2,904,-1,614,0,1001,1,593,0,1034,5,691,0,977,3,2067,1,936,3,833,0,973,-1,860,1,984,2
17:08,635,-1,1066,4,587,1,908,4,622,8,1001,0,595,2,1041,7,691,0,980,3,2071,4,938,2,833,0,974,1,862,2,987,3
17:09,634,-1,1073,7,587,0,908,0,625,3,1003,2,596,1,1044,3,694,3,981,1,2072,1,938,0,838,5,977,3,864,2,989,2
17:10,634,0,1072,-1,588,1,913,5,625,0,1003,0,598,2,1047,3,697,3,986,5,2072,0,942,4,838,0,980,3,865,1,992,3
17:11,634,0,1077,5,591,3,914,1,626,1,1005,2,601,3,1049,2,700,3,989,3,2074,2,947,5,838,0,984,4,866,2,995,3
17:12,635,1,1081,4,592,1,918,4,628,2,1010,5,603,2,1047,-2,700,0,994,5,2079,5,949,2,839,1,989,5,868,2,998,3
17:13,639,4,1085,4,592,0,921,3,629,1,1012,2,604,1,1050,3,699,-1,992,-2,2080,1,951,2,839,0,989,0,869,1,"1,000",2
17:14,640,1,1086,1,594,2,919,-2,631,2,1013,1,605,1,1054,4,700,1,997,5,2082,2,954,3,840,1,993,4,870,1,"1,002",2
17:15,640,0,1088,2,596,2,925,6,631,0,1017,4,605,0,1056,2,701,1,998,1,2085,3,957,3,841,1,995,2,871,1,"1,005",3
17:16,643,3,1087,-1,596,0,926,1,632,1,1022,5,607,2,1058,2,702,1,997,-1,2086,1,958,1,843,2,994,-1,873,1,"1,006",1
17:17,646,3,1090,3,594,-2,926,0,632,0,1034,12,609,2,1063,5,704,2,1002,5,2087,1,958,0,843,0,998,4,874,1,"1,010",4
17:18,652,6,1091,1,594,0,928,2,633,1,1037,3,612,3,1073,10,705,1,1005,3,2089,2,961,3,846,3,1000,2,876,2,"1,014",3
17:19,652,0,1094,3,595,1,933,5,635,2,1047,10,610,-2,1078,5,709,4,1011,6,2090,1,960,-1,849,3,1003,3,877,1,"1,018",4
17:20,656,4,1096,2,595,0,935,2,635,0,1052,5,612,2,1086,8,710,1,1019,8,2091,1,963,3,849,0,1002,-1,878,1,"1,022",4
17:21,653,-3,1101,5,598,3,939,4,641,6,1058,6,616,4,1089,3,712,2,1022,3,2092,1,960,-3,851,2,1007,5,880,2,"1,025",3
17:22,654,1,1107,6,599,1,941,2,643,2,1058,0,617,1,1093,4,714,2,1025,3,2092,0,968,8,852,1,1010,3,882,1,"1,029",4
17:23,657,3,1115,8,599,0,942,1,646,3,1062,4,622,5,1096,3,717,3,1029,4,2093,1,969,1,855,3,1013,3,884,3,"1,032",3
17:24,661,4,1119,4,601,2,945,3,654,8,1065,3,624,2,1097,1,718,1,1033,4,2095,2,969,0,858,3,1015,2,887,3,"1,035",2
17:25,665,4,1128,9,603,2,947,2,657,3,1064,-1,632,8,1098,1,721,3,1039,6,2098,3,972,3,860,2,1019,4,891,4,"1,038",3
17:26,668,3,1132,4,604,1,948,1,663,6,1070,6,634,2,1100,2,721,0,1043,4,2100,2,977,5,863,3,1027,8,893,2,"1,042",4
17:27,671,3,1138,6,609,5,955,7,663,0,1074,4,639,5,1109,9,724,3,1046,3,2100,0,980,3,863,0,1031,4,896,2,"1,048",5
17:28,676,5,1141,3,608,-1,957,2,666,3,1082,8,644,5,1113,4,725,1,1048,2,2101,1,985,5,869,6,1034,3,898,3,"1,051",4
17:29,678,2,1151,10,606,-2,959,2,664,-2,1093,11,647,3,1117,4,726,1,1053,5,2103,2,992,7,874,5,1035,1,900,1,"1,057",6
17:30,680,2,1157,6,606,0,964,5,667,3,1102,9,652,5,1120,3,730,4,1057,4,2105,2,1001,9,874,0,1043,8,902,2,"1,063",6
17:31,683,3,1163,6,609,3,966,2,669,2,1110,8,655,3,1123,3,733,3,1060,3,2108,3,1006,5,877,3,1048,5,905,3,"1,068",5
17:32,690,7,1164,1,613,4,971,5,673,4,1116,6,656,1,1123,0,737,4,1064,4,2113,5,1014,8,881,4,1054,6,909,4,"1,072",4
17:33,692,2,1167,3,615,2,979,8,675,2,1121,5,657,1,1128,5,740,3,1070,6,2116,3,1022,8,883,2,1058,4,911,2,"1,078",6
17:34,694,2,1174,7,617,2,988,9,676,1,1128,7,658,1,1130,2,742,2,1077,7,2117,1,1028,6,887,4,1062,4,913,2,"1,084",6
17:35,697,3,1179,5,619,2,997,9,677,1,1134,6,660,2,1132,2,746,4,1081,4,2122,5,1030,2,890,3,1062,0,916,3,"1,088",4
17:36,696,-1,1180,1,622,3,999,2,676,-1,1139,5,662,2,1137,5,749,3,1084,3,2124,2,1036,6,894,4,1064,2,918,2,"1,091",3
17:37,698,2,1183,3,625,3,1001,2,678,2,1150,11,663,1,1143,6,752,3,1085,1,2130,6,1040,4,901,7,1068,4,921,3,"1,096",4
17:38,701,3,1184,1,626,1,1005,4,679,1,1153,3,665,2,1146,3,751,-1,1088,3,2136,6,1044,4,905,4,1079,11,923,2,"1,100",4
17:39,703,2,1185,1,628,2,1008,3,683,4,1155,2,664,-1,1148,2,751,0,1091,3,2141,5,1051,7,908,3,1081,2,925,2,"1,103",3
17:40,704,1,1186,1,635,7,1015,7,685,2,1157,2,666,2,1150,2,752,1,1094,3,2142,1,1058,7,912,4,1086,5,928,3,"1,107",4
17:41,702,-2,1187,1,642,7,1014,-1,686,1,1159,2,666,0,1151,1,753,1,1099,5,2145,3,1060,2,914,2,1088,2,930,2,"1,108",2
17:42,701,-1,1187,0,649,7,1020,6,687,1,1163,4,668,2,1152,1,756,3,1098,-1,2145,0,1067,7,918,4,1092,4,932,2,"1,111",3
17:43,701,0,1190,3,654,5,1021,1,686,-1,1164,1,668,0,1154,2,756,0,1105,7,2148,3,1071,4,920,2,1096,4,933,1,"1,114",3
17:44,702,1,1190,0,657,3,1029,8,687,1,1167,3,669,1,1158,4,755,-1,1106,1,2150,2,1072,1,924,4,1100,4,935,2,"1,117",3
17:45,706,4,1190,0,656,-1,1030,1,688,1,1171,4,670,1,1158,0,756,1,1112,6,2153,3,1073,1,927,3,1101,1,937,2,"1,119",2
17:46,707,1,1190,0,656,0,1032,2,690,2,1172,1,671,1,1159,1,756,0,1109,-3,2155,2,1077,4,930,3,1100,-1,938,1,"1,120",1
17:47,707,0,1190,0,655,-1,1034,2,692,2,1173,1,674,3,1157,-2,757,1,1111,2,2155,0,1081,4,930,0,1104,4,939,1,"1,121",2
17:48,709,2,1198,8,659,4,1039,5,692,0,1172,-1,675,1,1158,1,755,-2,1112,1,2156,1,1086,5,930,0,1107,3,939,1,"1,125",3
17:49,710,1,1201,3,663,4,1043,4,692,0,1172,0,675,0,1160,2,756,1,1114,2,2156,0,1082,-4,931,1,1107,0,940,1,"1,126",1
17:50,709,-1,1200,-1,662,-1,1047,4,693,1,1179,7,676,1,1162,2,755,-1,1113,-1,2158,2,1081,-1,931,0,1110,3,941,0,"1,127",2
17:51,711,2,1204,4,664,2,1051,4,693,0,1178,-1,677,1,1162,0,756,1,1117,4,2159,1,1078,-3,932,1,1111,1,942,1,"1,129",1
17:52,711,0,1207,3,665,1,1054,3,692,-1,1176,-2,677,0,1163,1,756,0,1118,1,2161,2,1079,1,932,0,1111,0,942,0,"1,130",1
17:53,713,2,1208,1,666,1,1057,3,692,0,1181,5,678,1,1166,3,756,0,1116,-2,2163,2,1081,2,934,2,1113,2,943,1,"1,132",2
17:54,713,0,1208,0,667,1,1060,3,693,1,1182,1,677,-1,1169,3,758,2,1116,0,2164,1,1082,1,935,1,1115,2,944,1,"1,133",1
17:55,713,0,1208,0,669,2,1059,-1,696,3,1183,1,678,1,1171,2,757,-1,1116,0,2164,0,1082,0,935,0,1113,-2,945,1,"1,133",0
17:56,712,-1,1206,-2,670,1,1056,-3,700,4,1182,-1,679,1,1174,3,757,0,1115,-1,2165,1,1084,2,939,4,1113,0,946,1,"1,133",0
17:57,712,0,1208,2,670,0,1056,0,700,0,1184,2,678,-1,1175,1,755,-2,1116,1,2166,1,1089,5,940,1,1113,0,946,0,"1,134",2
17:58,712,0,1208,0,671,1,1057,1,703,3,1186,2,680,2,1178,3,756,1,1115,-1,2166,0,1091,2,942,2,1113,0,947,1,"1,135",1
17:59,712,0,1206,-2,674,3,1056,-1,703,0,1188,2,681,1,1181,3,758,2,1117,2,2166,0,1091,0,943,1,1115,2,948,1,"1,136",1
18:00,710,-2,1207,1,675,1,1059,3,703,0,1189,1,681,0,1181,0,758,0,1118,1,2168,2,1095,4,945,2,1111,-4,949,0,"1,137",1
18:01,711,1,1210,3,675,0,1058,-1,704,1,1193,4,682,1,1181,0,758,0,1116,-2,2171,3,1095,0,945,0,1113,2,949,1,"1,138",1
18:02,712,1,1211,1,672,-3,1056,-2,704,0,1197,4,684,2,1182,1,759,1,1116,0,2171,0,1097,2,944,-1,1113,0,949,0,"1,139",1
18:03,712,0,1213,2,672,0,1057,1,704,0,1196,-1,684,0,1182,0,761,2,1117,1,2172,1,1096,-1,944,0,1114,1,950,0,"1,139",0
18:04,713,1,1211,-2,671,-1,1059,2,707,3,1198,2,685,1,1182,0,761,0,1119,2,2174,2,1095,-1,947,3,1114,0,951,1,"1,140",0
18:05,713,0,1213,2,671,0,1061,2,710,3,1199,1,688,3,1183,1,761,0,1119,0,2174,0,1094,-1,947,0,1116,2,952,1,"1,141",1
18:06,714,1,1218,5,672,1,1059,-2,710,0,1201,2,691,3,1186,3,762,1,1125,6,2177,3,1095,1,948,1,1116,0,953,1,"1,143",2
18:07,711,-3,1223,5,671,-1,1063,4,709,-1,1205,4,694,3,1188,2,766,4,1124,-1,2181,4,1095,0,948,0,1115,-1,954,1,"1,145",2
18:08,710,-1,1225,2,673,2,1065,2,709,0,1209,4,694,0,1189,1,766,0,1124,0,2182,1,1095,0,948,0,1117,2,955,0,"1,146",2
18:09,711,1,1224,-1,673,0,1063,-2,708,-1,1210,1,695,1,1188,-1,765,-1,1130,6,2183,1,1099,4,949,1,1117,0,955,0,"1,147",1
18:10,714,3,1228,4,673,0,1064,1,709,1,1210,0,695,0,1191,3,765,0,1132,2,2184,1,1098,-1,948,-1,1118,1,955,1,"1,149",1
18:11,713,-1,1229,1,674,1,1065,1,709,0,1214,4,697,2,1191,0,766,1,1134,2,2184,0,1099,1,949,1,1119,1,956,1,"1,150",1
18:12,715,2,1229,0,676,2,1065,0,710,1,1215,1,697,0,1193,2,765,-1,1135,1,2184,0,1099,0,949,0,1119,0,957,1,"1,151",1
18:13,717,2,1231,2,677,1,1065,0,711,1,1217,2,697,0,1196,3,765,0,1138,3,2184,0,1100,1,950,1,1122,3,957,1,"1,153",2
18:14,717,0,1234,3,679,2,1070,5,712,1,1219,2,696,-1,1196,0,767,2,1140,2,2184,0,1102,2,952,2,1124,2,958,1,"1,155",2
18:15,717,0,1233,-1,681,2,1072,2,715,3,1221,2,697,1,1196,0,766,-1,1139,-1,2184,0,1102,0,953,1,1127,3,959,1,"1,156",1
18:16,716,-1,1234,1,681,0,1073,1,716,1,1220,-1,697,0,1197,1,767,1,1142,3,2184,0,1102,0,953,0,1125,-2,959,0,"1,156",0
18:17,713,-3,1237,3,681,0,1073,0,716,0,1223,3,699,2,1200,3,769,2,1145,3,2184,0,1102,0,957,4,1126,1,960,1,"1,158",2
18:18,712,-1,1242,5,682,1,1074,1,716,0,1224,1,700,1,1202,2,769,0,1145,0,2186,2,1103,1,960,3,1127,1,961,1,"1,160",2
18:19,712,0,1245,3,682,0,1079,5,717,1,1229,5,701,1,1204,2,769,0,1145,0,2186,0,1103,0,962,2,1127,0,961,1,"1,162",2
18:20,711,-1,1246,1,682,0,1080,1,717,0,1230,1,701,0,1207,3,769,0,1145,0,2187,1,1103,0,962,0,1129,2,961,0,"1,163",1
18:21,710,-1,1248,2,682,0,1081,1,717,0,1232,2,701,0,1207,0,771,2,1144,-1,2186,-1,1104,1,963,1,1129,0,961,0,"1,164",1
18:22,708,-2,1249,1,682,0,1079,-2,717,0,1233,1,700,-1,1207,0,771,0,1145,1,2188,2,1109,5,963,0,1133,4,961,0,"1,165",1
18:23,710,2,1250,1,683,1,1081,2,717,0,1236,3,700,0,1209,2,772,1,1145,0,2187,-1,1110,1,963,0,1137,4,962,0,"1,167",2
18:24,710,0,1250,0,684,1,1084,3,717,0,1235,-1,701,1,1208,-1,772,0,1146,1,2188,1,1111,1,963,0,1136,-1,962,0,"1,167",0
18:25,709,-1,1251,1,685,1,1086,2,718,1,1237,2,702,1,1210,2,772,0,1147,1,2191,3,1112,1,963,0,1136,0,963,1,"1,168",1
18:26,710,1,1253,2,686,1,1085,-1,718,0,1239,2,704,2,1213,3,773,1,1147,0,2191,0,1111,-1,965,2,1135,-1,964,1,"1,169",1
18:27,712,2,1252,-1,685,-1,1085,0,718,0,1240,1,705,1,1215,2,775,2,1148,1,2192,1,1111,0,965,0,1136,1,965,1,"1,170",1
18:28,712,0,1253,1,685,0,1086,1,718,0,1244,4,706,1,1217,2,776,1,1149,1,2193,1,1112,1,965,0,1135,-1,965,0,"1,171",1
18:29,711,-1,1252,-1,686,1,1094,8,720,2,1245,1,707,1,1219,2,777,1,1150,1,2194,1,1112,0,968,3,1138,3,966,1,"1,173",2
18:30,710,-1,1253,1,689,3,1093,-1,719,-1,1247,2,708,1,1218,-1,778,1,1153,3,2195,1,1113,1,968,0,1139,1,967,1,"1,174",1
18:31,710,0,1253,0,690,1,1094,1,719,0,1249,2,708,0,1219,1,780,2,1157,4,2198,3,1115,2,968,0,1141,2,968,1,"1,175",2
18:32,710,0,1254,1,692,2,1094,0,720,1,1251,2,710,2,1219,0,780,0,1157,0,2200,2,1115,0,970,2,1142,1,969,1,"1,176",1
18:33,710,0,1255,1,692,0,1093,-1,721,1,1252,1,712,2,1219,0,781,1,1157,0,2201,1,1114,-1,969,-1,1141,-1,969,1,"1,176",0
18:34,708,-2,1257,2,691,-1,1093,0,723,2,1252,0,711,-1,1221,2,781,0,1159,2,2202,1,1114,0,970,1,1142,1,969,0,"1,177",1
18:35,709,1,1258,1,691,0,1093,0,724,1,1254,2,711,0,1225,4,781,0,1163,4,2202,0,1114,0,970,0,1142,0,970,0,"1,178",2
18:36,710,1,1259,1,691,0,1096,3,724,0,1255,1,711,0,1226,1,783,2,1166,3,2205,3,1113,-1,972,2,1145,3,971,1,"1,180",2
18:37,711,1,1261,2,693,2,1096,0,726,2,1255,0,712,1,1230,4,784,1,1167,1,2206,1,1114,1,973,1,1147,2,972,1,"1,181",1
18:38,712,1,1263,2,696,3,1098,2,727,1,1256,1,713,1,1229,-1,783,-1,1169,2,2207,1,1115,1,972,-1,1147,0,973,1,"1,182",1
18:39,711,-1,1264,1,698,2,1099,1,729,2,1257,1,712,-1,1227,-2,783,0,1170,1,2209,2,1118,3,972,0,1148,1,973,1,"1,183",1
18:40,711,0,1264,0,698,0,1099,0,729,0,1260,3,712,0,1227,0,783,0,1171,1,2210,1,1120,2,972,0,1148,0,974,0,"1,184",1
18:41,712,1,1264,0,700,2,1101,2,729,0,1262,2,713,1,1229,2,783,0,1174,3,2211,1,1121,1,973,1,1148,0,974,1,"1,186",1
18:42,712,0,1263,-1,701,1,1102,1,729,0,1265,3,714,1,1229,0,784,1,1177,3,2211,0,1122,1,973,0,1150,2,975,0,"1,187",1
18:43,712,0,1262,-1,702,1,1103,1,731,2,1265,0,714,0,1229,0,784,0,1177,0,2212,1,1121,-1,974,1,1153,3,976,1,"1,187",0
18:44,712,0,1262,0,703,1,1104,1,733,2,1266,1,715,1,1229,0,784,0,1179,2,2213,1,1121,0,975,1,1155,2,976,1,"1,188",1
18:45,712,0,1262,0,704,1,1105,1,734,1,1265,-1,715,0,1229,0,785,1,1180,1,2213,0,1124,3,975,0,1155,0,977,0,"1,189",1
18:46,712,0,1262,0,707,3,1105,0,734,0,1267,2,715,0,1227,-2,785,0,1183,3,2217,4,1126,2,975,0,1154,-1,978,1,"1,189",1
18:47,713,1,1266,4,706,-1,1107,2,734,0,1273,6,716,1,1229,2,787,2,1185,2,2217,0,1127,1,975,0,1154,0,978,0,"1,192",2
18:48,712,-1,1266,0,707,1,1109,2,734,0,1274,1,716,0,1229,0,787,0,1185,0,2217,0,1131,4,975,0,1155,1,978,0,"1,193",1
18:49,712,0,1267,1,710,3,1110,1,734,0,1275,1,716,0,1227,-2,787,0,1188,3,2218,1,1131,0,975,0,1157,2,979,1,"1,194",1
18:50,711,-1,1268,1,711,1,1112,2,734,0,1276,1,718,2,1229,2,786,-1,1188,0,2219,1,1131,0,976,1,1161,4,979,0,"1,195",1
18:51,711,0,1268,0,711,0,1114,2,735,1,1277,1,718,0,1227,-2,786,0,1192,4,2219,0,1133,2,977,1,1162,1,980,0,"1,196",1
18:52,712,1,1268,0,710,-1,1116,2,735,0,1282,5,719,1,1227,0,788,2,1194,2,2220,1,1135,2,977,0,1163,1,980,1,"1,198",2
18:53,712,0,1268,0,709,-1,1116,0,735,0,1281,-1,719,0,1227,0,790,2,1194,0,2221,1,1134,-1,978,1,1167,4,981,0,"1,198",0
18:54,712,0,1270,2,711,2,1115,-1,735,0,1281,0,721,2,1228,1,791,1,1197,3,2221,0,1136,2,978,0,1166,-1,981,1,"1,199",1
18:55,712,0,1270,0,712,1,1117,2,735,0,1282,1,722,1,1229,1,792,1,1199,2,2225,4,1137,1,978,0,1165,-1,982,1,"1,200",1
18:56,712,0,1271,1,712,0,1118,1,736,1,1284,2,722,0,1228,-1,795,3,1203,4,2225,0,1137,0,978,0,1165,0,983,1,"1,201",1
18:57,713,1,1271,0,712,0,1124,6,737,1,1283,-1,723,1,1229,1,796,1,1205,2,2227,2,1138,1,978,0,1166,1,984,1,"1,202",1
18:58,714,1,1271,0,715,3,1126,2,737,0,1283,0,723,0,1229,0,796,0,1206,1,2229,2,1139,1,978,0,1167,1,985,1,"1,203",1
18:59,714,0,1271,0,716,1,1127,1,738,1,1282,-1,723,0,1227,-2,797,1,1206,0,2230,1,1141,2,978,0,1167,0,985,1,"1,203",0
19:00,717,3,1271,0,717,1,1127,0,741,3,1282,0,722,-1,1226,-1,797,0,1205,-1,2232,2,1141,0,980,2,1168,1,987,1,"1,203",0
19:01,719,2,1272,1,717,0,1128,1,742,1,1282,0,722,0,1225,-1,797,0,1206,1,2235,3,1144,3,980,0,1168,0,987,1,"1,204",1
19:02,718,-1,1273,1,720,3,1129,1,745,3,1284,2,722,0,1224,-1,797,0,1206,0,2236,1,1145,1,981,1,1170,2,988,1,"1,204",1
19:03,718,0,1274,1,721,1,1130,1,747,2,1288,4,721,-1,1229,5,797,0,1208,2,2237,1,1147,2,981,0,1172,2,989,0,"1,207",2
19:04,718,0,1276,2,721,0,1132,2,748,1,1288,0,721,0,1230,1,797,0,1209,1,2238,1,1149,2,983,2,1172,0,989,1,"1,208",1
19:05,719,1,1277,1,723,2,1133,1,748,0,1289,1,721,0,1229,-1,795,-2,1213,4,2238,0,1152,3,983,0,1172,0,990,0,"1,209",1
19:06,719,0,1277,0,724,1,1133,0,748,0,1289,0,723,2,1231,2,795,0,1215,2,2239,1,1153,1,983,0,1172,0,990,1,"1,210",1
19:07,719,0,1277,0,724,0,1134,1,749,1,1292,3,723,0,1230,-1,795,0,1214,-1,2239,0,1158,5,984,1,1175,3,990,0,"1,211",1
19:08,719,0,1278,1,724,0,1134,0,751,2,1292,0,725,2,1230,0,796,1,1214,0,2239,0,1159,1,985,1,1176,1,991,1,"1,212",0
19:09,718,-1,1279,1,724,0,1137,3,751,0,1291,-1,726,1,1231,1,797,1,1214,0,2242,3,1161,2,986,1,1175,-1,992,1,"1,213",1
19:10,718,0,1280,1,725,1,1138,1,752,1,1289,-2,727,1,1233,2,800,3,1217,3,2241,-1,1161,0,986,0,1175,0,993,1,"1,213",1
19:11,717,-1,1282,2,726,1,1138,0,752,0,1290,1,727,0,1236,3,802,2,1217,0,2241,0,1163,2,986,0,1176,1,993,0,"1,215",1
19:12,717,0,1286,4,727,1,1137,-1,753,1,1292,2,729,2,1236,0,803,1,1219,2,2241,0,1162,-1,986,0,1176,0,994,1,"1,215",1
19:13,718,1,1289,3,729,2,1139,2,754,1,1296,4,730,1,1238,2,805,2,1219,0,2244,3,1162,0,986,0,1176,0,995,1,"1,217",2
19:14,718,0,1290,1,731,2,1140,1,754,0,1299,3,730,0,1239,1,805,0,1219,0,2244,0,1163,1,987,1,1180,4,996,0,"1,219",2
19:15,718,0,1294,4,731,0,1140,0,754,0,1300,1,730,0,1241,2,807,2,1218,-1,2244,0,1167,4,987,0,1179,-1,996,0,"1,220",1
19:16,718,0,1295,1,731,0,1140,0,754,0,1301,1,730,0,1242,1,808,1,1219,1,2244,0,1169,2,989,2,1178,-1,996,0,"1,221",1
19:17,717,-1,1299,4,734,3,1142,2,754,0,1302,1,730,0,1243,1,809,1,1220,1,2244,0,1173,4,992,3,1177,-1,997,1,"1,222",2
19:18,717,0,1299,0,734,0,1144,2,757,3,1302,0,730,0,1243,0,811,2,1222,2,2244,0,1173,0,992,0,1175,-2,998,1,"1,223",0
19:19,717,0,1303,4,737,3,1145,1,757,0,1302,0,731,1,1244,1,811,0,1223,1,2244,0,1172,-1,994,2,1178,3,999,1,"1,224",1
19:20,718,1,1301,-2,737,0,1146,1,759,2,1303,1,732,1,1243,-1,814,3,1224,1,2244,0,1175,3,994,0,1178,0,"1,000",1,"1,224",0
19:21,718,0,1301,0,737,0,1147,1,759,0,1303,0,733,1,1243,0,814,0,1224,0,2245,1,1178,3,994,0,1179,1,"1,000",0,"1,225",1