,2021_10_04,,,,2021_10_11,,,,2021_10_18,,,,2021_10_25,,,,2021_11_01,,,,2021_11_08,,,,2021_11_15,,,,,,,
Time,TECH,dTECH,PARK,dPARK,TECH,dTECH,PARK,dPARK,TECH,dTECH,PARK,dPARK,TECH,dTECH,PARK,dPARK,TECH,dTECH,PARK,dPARK,TECH,dTECH,PARK,dPARK,TECH,dTECH,PARK,dPARK,AVG(TECH),dAVG(TECH),AVG(PARK),dAVG(PARK)
07:00,824,,1332,,821,,1360,,792,,1263,,801,,1399,,797,,1375,,900,,1325,,493,,1288,,775,,"1,335",
07:01,825,1,1332,0,821,0,1356,-4,792,0,1263,0,801,0,1398,-1,796,-1,1376,1,900,0,1322,-3,493,0,1288,0,775,0,"1,334",-1
07:02,824,-1,1332,0,821,0,1356,0,792,0,1261,-2,801,0,1397,-1,798,2,1375,-1,900,0,1321,-1,493,0,1287,-1,776,0,"1,333",-1
07:03,823,-1,1331,-1,821,0,1356,0,792,0,1260,-1,799,-2,1397,0,798,0,1375,0,900,0,1321,0,493,0,1288,1,775,0,"1,333",0
07:04,823,0,1331,0,821,0,1356,0,792,0,1260,0,798,-1,1397,0,797,-1,1376,1,899,-1,1322,1,493,0,1288,0,775,0,"1,333",0
07:05,822,-1,1330,-1,820,-1,1355,-1,792,0,1260,0,798,0,1397,0,797,0,1375,-1,899,0,1321,-1,492,-1,1288,0,774,0,"1,332",-1
07:06,820,-2,1330,0,821,1,1355,0,789,-3,1259,-1,799,1,1397,0,796,-1,1375,0,899,0,1320,-1,491,-1,1287,-1,774,-1,"1,332",0
07:07,819,-1,1330,0,821,0,1353,-2,789,0,1258,-1,799,0,1396,-1,796,0,1375,0,899,0,1320,0,491,0,1287,0,773,0,"1,331",-1
07:08,818,-1,1330,0,822,1,1351,-2,787,-2,1258,0,799,0,1395,-1,796,0,1375,0,897,-2,1319,-1,491,0,1286,-1,773,-1,"1,331",-1
07:09,817,-1,1329,-1,821,-1,1350,-1,785,-2,1258,0,799,0,1395,0,796,0,1374,-1,897,0,1321,2,491,0,1286,0,772,-1,"1,330",0
07:10,816,-1,1327,-2,820,-1,1350,0,785,0,1256,-2,799,0,1395,0,795,-1,1375,1,896,-1,1321,0,491,0,1286,0,772,-1,"1,330",0
07:11,817,1,1329,2,818,-2,1351,1,785,0,1255,-1,798,-1,1396,1,795,0,1378,3,897,1,1322,1,490,-1,1285,-1,771,0,"1,331",1
07:12,814,-3,1329,0,817,-1,1349,-2,784,-1,1254,-1,798,0,1397,1,794,-1,1378,0,896,-1,1322,0,491,1,1285,0,771,-1,"1,331",0
07:13,812,-2,1328,-1,817,0,1348,-1,785,1,1253,-1,798,0,1398,1,793,-1,1378,0,896,0,1319,-3,490,-1,1285,0,770,0,"1,330",-1
07:14,812,0,1329,1,815,-2,1349,1,784,-1,1254,1,798,0,1397,-1,792,-1,1378,0,895,-1,1315,-4,491,1,1281,-4,770,-1,"1,329",-1
07:15,812,0,1328,-1,814,-1,1347,-2,784,0,1253,-1,798,0,1396,-1,791,-1,1378,0,894,-1,1313,-2,492,1,1281,0,769,0,"1,328",-1
07:16,812,0,1326,-2,814,0,1343,-4,785,1,1252,-1,798,0,1395,-1,791,0,1376,-2,894,0,1313,0,492,0,1282,1,769,0,"1,327",-1
07:17,812,0,1321,-5,814,0,1343,0,785,0,1252,0,798,0,1393,-2,791,0,1372,-4,894,0,1313,0,492,0,1278,-4,769,0,"1,325",-2
07:18,812,0,1320,-1,812,-2,1339,-4,784,-1,1249,-3,797,-1,1393,0,790,-1,1373,1,893,-1,1313,0,492,0,1277,-1,769,-1,"1,323",-1
07:19,811,-1,1319,-1,810,-2,1336,-3,784,0,1246,-3,796,-1,1390,-3,790,0,1373,0,892,-1,1311,-2,492,0,1277,0,768,-1,"1,322",-2
07:20,811,0,1318,-1,808,-2,1333,-3,784,0,1246,0,797,1,1386,-4,791,1,1372,-1,892,0,1311,0,492,0,1275,-2,768,0,"1,320",-2
07:21,811,0,1314,-4,808,0,1328,-5,783,-1,1246,0,797,0,1386,0,790,-1,1370,-2,892,0,1311,0,492,0,1275,0,768,0,"1,319",-2
07:22,810,-1,1314,0,808,0,1327,-1,783,0,1245,-1,797,0,1385,-1,790,0,1367,-3,892,0,1310,-1,493,1,1271,-4,768,0,"1,317",-2
07:23,811,1,1314,0,806,-2,1326,-1,782,-1,1242,-3,795,-2,1382,-3,791,1,1365,-2,892,0,1311,1,493,0,1271,0,767,0,"1,316",-1
07:24,811,0,1315,1,804,-2,1324,-2,782,0,1240,-2,794,-1,1382,0,789,-2,1364,-1,888,-4,1309,-2,493,0,1271,0,766,-1,"1,315",-1
07:25,810,-1,1314,-1,804,0,1323,-1,782,0,1241,1,794,0,1383,1,789,0,1364,0,887,-1,1307,-2,492,-1,1271,0,765,0,"1,315",0
07:26,809,-1,1314,0,800,-4,1321,-2,782,0,1241,0,794,0,1382,-1,789,0,1365,1,886,-1,1305,-2,491,-1,1272,1,764,-1,"1,314",0
07:27,809,0,1311,-3,796,-4,1321,0,781,-1,1241,0,793,-1,1382,0,789,0,1364,-1,886,0,1304,-1,491,0,1271,-1,764,-1,"1,313",-1
07:28,808,-1,1308,-3,795,-1,1320,-1,781,0,1240,-1,793,0,1382,0,789,0,1361,-3,886,0,1303,-1,490,-1,1271,0,763,0,"1,312",-1
07:29,807,-1,1308,0,795,0,1318,-2,780,-1,1239,-1,793,0,1382,0,789,0,1360,-1,885,-1,1302,-1,489,-1,1270,-1,763,-1,"1,311",-1
07:30,806,-1,1303,-5,795,0,1317,-1,780,0,1237,-2,791,-2,1382,0,789,0,1359,-1,883,-2,1302,0,489,0,1265,-5,762,-1,"1,309",-2
07:31,805,-1,1299,-4,795,0,1315,-2,777,-3,1236,-1,790,-1,1380,-2,789,0,1359,0,878,-5,1302,0,489,0,1264,-1,760,-1,"1,308",-1
07:32,803,-2,1299,0,792,-3,1312,-3,777,0,1235,-1,789,-1,1379,-1,788,-1,1359,0,877,-1,1302,0,488,-1,1261,-3,759,-1,"1,307",-1
07:33,802,-1,1298,-1,791,-1,1311,-1,775,-2,1233,-2,789,0,1379,0,787,-1,1358,-1,876,-1,1302,0,489,1,1260,-1,758,-1,"1,306",-1
07:34,799,-3,1297,-1,789,-2,1304,-7,775,0,1232,-1,789,0,1379,0,785,-2,1355,-3,876,0,1300,-2,488,-1,1260,0,757,-1,"1,304",-2
07:35,797,-2,1297,0,789,0,1299,-5,773,-2,1230,-2,788,-1,1375,-4,784,-1,1354,-1,876,0,1299,-1,488,0,1260,0,756,-1,"1,302",-2
07:36,797,0,1297,0,787,-2,1300,1,772,-1,1230,0,786,-2,1372,-3,783,-1,1352,-2,875,-1,1298,-1,488,0,1259,-1,755,-1,"1,301",-1
07:37,795,-2,1296,-1,787,0,1299,-1,771,-1,1227,-3,783,-3,1371,-1,783,0,1352,0,874,-1,1296,-2,488,0,1258,-1,754,-1,"1,300",-1
07:38,795,0,1295,-1,785,-2,1297,-2,771,0,1225,-2,782,-1,1366,-5,781,-2,1350,-2,872,-2,1291,-5,488,0,1256,-2,753,-1,"1,297",-3
07:39,793,-2,1293,-2,784,-1,1296,-1,769,-2,1223,-2,782,0,1366,0,781,0,1345,-5,867,-5,1289,-2,488,0,1257,1,752,-1,"1,296",-2
07:40,792,-1,1291,-2,782,-2,1290,-6,767,-2,1219,-4,780,-2,1366,0,780,-1,1344,-1,867,0,1285,-4,488,0,1255,-2,751,-1,"1,293",-3
07:41,788,-4,1285,-6,781,-1,1284,-6,766,-1,1216,-3,777,-3,1366,0,778,-2,1341,-3,866,-1,1284,-1,487,-1,1252,-3,749,-2,"1,290",-3
07:42,788,0,1281,-4,779,-2,1279,-5,766,0,1216,0,775,-2,1363,-3,778,0,1340,-1,862,-4,1282,-2,485,-2,1251,-1,748,-1,"1,287",-2
07:43,787,-1,1279,-2,777,-2,1275,-4,766,0,1216,0,775,0,1362,-1,778,0,1339,-1,859,-3,1282,0,484,-1,1251,0,747,-1,"1,286",-1
07:44,787,0,1276,-3,769,-8,1271,-4,765,-1,1214,-2,773,-2,1360,-2,776,-2,1338,-1,856,-3,1279,-3,485,1,1250,-1,744,-2,"1,284",-2
07:45,786,-1,1275,-1,765,-4,1269,-2,764,-1,1212,-2,773,0,1359,-1,776,0,1338,0,856,0,1279,0,484,-1,1248,-2,743,-1,"1,283",-1
07:46,787,1,1271,-4,765,0,1268,-1,761,-3,1208,-4,770,-3,1355,-4,775,-1,1337,-1,855,-1,1277,-2,483,-1,1243,-5,742,-1,"1,280",-3
07:47,785,-2,1269,-2,763,-2,1265,-3,759,-2,1207,-1,766,-4,1353,-2,774,-1,1334,-3,854,-1,1273,-4,481,-2,1240,-3,740,-2,"1,277",-3
07:48,786,1,1265,-4,762,-1,1260,-5,757,-2,1205,-2,762,-4,1350,-3,772,-2,1332,-2,854,0,1271,-2,483,2,1238,-2,739,-1,"1,274",-3
07:49,785,-1,1261,-4,762,0,1254,-6,757,0,1203,-2,762,0,1346,-4,770,-2,1331,-1,854,0,1268,-3,483,0,1236,-2,739,0,"1,271",-3
07:50,782,-3,1258,-3,762,0,1248,-6,756,-1,1200,-3,760,-2,1343,-3,767,-3,1324,-7,853,-1,1261,-7,483,0,1235,-1,738,-1,"1,267",-4
07:51,778,-4,1255,-3,757,-5,1242,-6,754,-2,1198,-2,758,-2,1340,-3,763,-4,1322,-2,851,-2,1258,-3,483,0,1234,-1,735,-3,"1,264",-3
07:52,776,-2,1249,-6,753,-4,1236,-6,754,0,1195,-3,757,-1,1337,-3,762,-1,1320,-2,849,-2,1255,-3,482,-1,1229,-5,733,-2,"1,260",-4
07:53,774,-2,1244,-5,749,-4,1230,-6,752,-2,1192,-3,753,-4,1333,-4,760,-2,1314,-6,847,-2,1253,-2,480,-2,1227,-2,731,-3,"1,256",-4
07:54,774,0,1235,-9,740,-9,1223,-7,750,-2,1190,-2,752,-1,1332,-1,758,-2,1312,-2,846,-1,1248,-5,480,0,1224,-3,729,-2,"1,252",-4
07:55,770,-4,1229,-6,737,-3,1213,-10,745,-5,1187,-3,750,-2,1330,-2,758,0,1308,-4,844,-2,1246,-2,479,-1,1221,-3,726,-2,"1,248",-4
07:56,768,-2,1220,-9,734,-3,1202,-11,741,-4,1182,-5,747,-3,1325,-5,757,-1,1306,-2,844,0,1239,-7,479,0,1218,-3,724,-2,"1,242",-6
07:57,767,-1,1215,-5,729,-5,1194,-8,740,-1,1176,-6,747,0,1322,-3,756,-1,1305,-1,843,-1,1235,-4,479,0,1215,-3,723,-1,"1,237",-4
07:58,764,-3,1209,-6,725,-4,1185,-9,739,-1,1175,-1,746,-1,1320,-2,755,-1,1300,-5,842,-1,1225,-10,477,-2,1210,-5,721,-2,"1,232",-5
07:59,763,-1,1204,-5,723,-2,1178,-7,737,-2,1172,-3,746,0,1315,-5,751,-4,1296,-4,839,-3,1213,-12,475,-2,1204,-6,719,-2,"1,226",-6
08:00,761,-2,1197,-7,717,-6,1171,-7,736,-1,1170,-2,746,0,1315,0,750,-1,1292,-4,836,-3,1209,-4,475,0,1196,-8,717,-2,"1,221",-5
08:01,759,-2,1190,-7,712,-5,1163,-8,734,-2,1166,-4,746,0,1310,-5,747,-3,1288,-4,835,-1,1207,-2,473,-2,1189,-7,715,-2,"1,216",-5
08:02,756,-3,1186,-4,709,-3,1154,-9,733,-1,1162,-4,746,0,1302,-8,745,-2,1283,-5,833,-2,1200,-7,473,0,1182,-7,714,-2,"1,210",-6
08:03,755,-1,1182,-4,704,-5,1145,-9,731,-2,1155,-7,743,-3,1299,-3,740,-5,1274,-9,830,-3,1196,-4,472,-1,1176,-6,711,-3,"1,204",-6
08:04,751,-4,1173,-9,699,-5,1134,-11,728,-3,1146,-9,740,-3,1291,-8,735,-5,1266,-8,830,0,1187,-9,470,-2,1170,-6,708,-3,"1,195",-9
08:05,748,-3,1166,-7,694,-5,1124,-10,725,-3,1138,-8,737,-3,1285,-6,735,0,1260,-6,825,-5,1182,-5,470,0,1167,-3,705,-3,"1,189",-6
08:06,744,-4,1160,-6,691,-3,1115,-9,723,-2,1135,-3,735,-2,1280,-5,732,-3,1256,-4,821,-4,1181,-1,470,0,1161,-6,702,-3,"1,184",-5
08:07,741,-3,1151,-9,684,-7,1104,-11,720,-3,1131,-4,732,-3,1274,-6,728,-4,1249,-7,815,-6,1176,-5,470,0,1156,-5,699,-4,"1,177",-7
08:08,737,-4,1143,-8,675,-9,1094,-10,718,-2,1123,-8,728,-4,1266,-8,725,-3,1243,-6,809,-6,1169,-7,469,-1,1149,-7,694,-4,"1,170",-8
08:09,732,-5,1135,-8,676,1,1083,-11,714,-4,1115,-8,727,-1,1261,-5,717,-8,1242,-1,806,-3,1163,-6,469,0,1144,-5,692,-3,"1,163",-6
08:10,726,-6,1126,-9,670,-6,1077,-6,710,-4,1106,-9,724,-3,1259,-2,715,-2,1234,-8,802,-4,1155,-8,468,-1,1139,-5,688,-4,"1,157",-7
08:11,720,-6,1116,-10,665,-5,1070,-7,707,-3,1097,-9,721,-3,1253,-6,710,-5,1231,-3,792,-10,1148,-7,466,-2,1138,-1,683,-5,"1,150",-6
08:12,717,-3,1106,-10,661,-4,1060,-10,702,-5,1089,-8,717,-4,1249,-4,707,-3,1223,-8,788,-4,1140,-8,464,-2,1131,-7,679,-4,"1,143",-8
08:13,714,-3,1098,-8,655,-6,1054,-6,698,-4,1079,-10,713,-4,1240,-9,702,-5,1213,-10,787,-1,1135,-5,463,-1,1123,-8,676,-3,"1,135",-8
08:14,710,-4,1090,-8,654,-1,1045,-9,693,-5,1070,-9,705,-8,1229,-11,700,-2,1205,-8,784,-3,1126,-9,462,-1,1115,-8,673,-3,"1,126",-9
08:16,701,-9,1082,-8,652,-2,1042,-3,687,-6,1060,-10,695,-10,1219,-10,694,-6,1199,-6,781,-3,1124,-2,459,-3,1107,-8,667,-6,"1,119",-7
08:17,693,-8,1077,-5,642,-10,1035,-7,684,-3,1049,-11,690,-5,1209,-10,687,-7,1189,-10,775,-6,1119,-5,458,-1,1096,-11,661,-6,"1,111",-8
08:18,688,-5,1069,-8,639,-3,1027,-8,679,-5,1042,-7,686,-4,1203,-6,684,-3,1179,-10,767,-8,1114,-5,454,-4,1089,-7,657,-5,"1,103",-7
08:19,679,-9,1059,-10,637,-2,1017,-10,674,-5,1032,-10,677,-9,1194,-9,681,-3,1170,-9,762,-5,1106,-8,454,0,1082,-7,652,-5,"1,094",-9
08:20,670,-9,1052,-7,634,-3,1008,-9,667,-7,1023,-9,672,-5,1185,-9,676,-5,1161,-9,758,-4,1098,-8,454,0,1076,-6,647,-5,"1,086",-8
08:21,662,-8,1041,-11,629,-5,999,-9,664,-3,1017,-6,669,-3,1174,-11,668,-8,1152,-9,756,-2,1087,-11,452,-2,1071,-5,643,-4,"1,077",-9
08:22,657,-5,1032,-9,625,-4,989,-10,658,-6,1006,-11,665,-4,1164,-10,667,-1,1144,-8,753,-3,1077,-10,449,-3,1064,-7,639,-4,"1,068",-9
08:23,652,-5,1023,-9,622,-3,979,-10,654,-4,999,-7,657,-8,1155,-9,666,-1,1134,-10,744,-9,1070,-7,447,-2,1055,-9,635,-5,"1,059",-9
08:24,646,-6,1015,-8,620,-2,970,-9,649,-5,990,-9,652,-5,1147,-8,662,-4,1125,-9,740,-4,1060,-10,446,-1,1050,-5,631,-4,"1,051",-8
08:25,640,-6,1003,-12,618,-2,965,-5,647,-2,985,-5,645,-7,1137,-10,654,-8,1116,-9,736,-4,1051,-9,443,-3,1043,-7,626,-5,"1,043",-8
08:26,632,-8,999,-4,615,-3,960,-5,640,-7,975,-10,637,-8,1129,-8,645,-9,1108,-8,732,-4,1042,-9,440,-3,1034,-9,620,-6,"1,035",-8
08:27,629,-3,992,-7,613,-2,958,-2,634,-6,966,-9,632,-5,1122,-7,641,-4,1098,-10,725,-7,1032,-10,438,-2,1027,-7,616,-4,"1,028",-7
08:28,623,-6,981,-11,612,-1,955,-3,631,-3,954,-12,626,-6,1113,-9,637,-4,1090,-8,719,-6,1031,-1,436,-2,1022,-5,612,-4,"1,021",-7
08:29,621,-2,974,-7,610,-2,950,-5,627,-4,944,-10,624,-2,1107,-6,630,-7,1080,-10,714,-5,1019,-12,434,-2,1010,-12,609,-3,"1,012",-9
08:30,615,-6,964,-10,609,-1,947,-3,624,-3,933,-11,622,-2,1099,-8,623,-7,1070,-10,713,-1,1010,-9,432,-2,1003,-7,605,-3,"1,004",-8
08:31,609,-6,954,-10,608,-1,946,-1,619,-5,921,-12,619,-3,1091,-8,620,-3,1060,-10,709,-4,1000,-10,431,-1,992,-11,602,-3,995,-9
08:32,608,-1,943,-11,605,-3,943,-3,611,-8,909,-12,617,-2,1081,-10,616,-4,1051,-9,704,-5,990,-10,428,-3,985,-7,598,-4,986,-9
08:33,606,-2,933,-10,602,-3,934,-9,606,-5,903,-6,617,0,1076,-5,614,-2,1043,-8,699,-5,987,-3,426,-2,978,-7,596,-3,979,-7
08:34,605,-1,926,-7,600,-2,930,-4,604,-2,895,-8,614,-3,1068,-8,613,-1,1036,-7,698,-1,978,-9,424,-2,968,-10,594,-2,972,-8
08:35,601,-4,919,-7,600,0,930,0,600,-4,888,-7,612,-2,1059,-9,609,-4,1026,-10,695,-3,970,-8,422,-2,961,-7,591,-3,965,-7
08:36,601,0,916,-3,599,-1,927,-3,598,-2,881,-7,610,-2,1049,-10,605,-4,1024,-2,689,-6,960,-10,419,-3,953,-8,589,-3,959,-6
08:38,601,0,897,-19,597,-2,920,-7,594,-4,873,-8,608,-2,1042,-7,601,-4,1017,-7,687,-2,953,-7,419,0,944,-9,587,-2,949,-9
08:39,584,-17,889,-8,596,-1,917,-3,590,-4,863,-10,604,-4,1033,-9,597,-4,1007,-10,684,-3,949,-4,415,-4,934,-10,581,-5,942,-8
08:40,581,-3,886,-3,596,0,914,-3,587,-3,856,-7,603,-1,1023,-10,596,-1,997,-10,682,-2,942,-7,414,-1,926,-8,580,-2,935,-7
08:41,579,-2,880,-6,594,-2,910,-4,584,-3,852,-4,597,-6,1015,-8,595,-1,994,-3,678,-4,939,-3,412,-2,919,-7,577,-3,930,-5
08:42,578,-1,875,-5,592,-2,906,-4,581,-3,845,-7,593,-4,1006,-9,591,-4,993,-1,673,-5,935,-4,412,0,911,-8,574,-3,924,-5
08:43,574,-4,868,-7,590,-2,906,0,578,-3,838,-7,590,-3,997,-9,589,-2,991,-2,671,-2,927,-8,411,-1,907,-4,572,-2,919,-5
08:44,571,-3,863,-5,590,0,905,-1,576,-2,832,-6,589,-1,990,-7,584,-5,986,-5,671,0,920,-7,411,0,903,-4,570,-2,914,-5
08:45,567,-4,855,-8,588,-2,904,-1,573,-3,825,-7,585,-4,987,-3,583,-1,983,-3,669,-2,916,-4,410,-1,898,-5,568,-2,910,-4
08:46,567,0,849,-6,586,-2,897,-7,567,-6,818,-7,583,-2,982,-5,582,-1,976,-7,669,0,910,-6,409,-1,893,-5,566,-2,904,-6
08:47,566,-1,847,-2,585,-1,888,-9,562,-5,813,-5,579,-4,978,-4,582,0,974,-2,669,0,904,-6,408,-1,891,-2,564,-2,899,-4
08:48,564,-2,841,-6,584,-1,885,-3,559,-3,813,0,577,-2,975,-3,582,0,974,0,663,-6,895,-9,408,0,889,-2,562,-2,896,-3
08:49,563,-1,840,-1,580,-4,884,-1,557,-2,807,-6,575,-2,972,-3,579,-3,965,-9,660,-3,892,-3,408,0,886,-3,560,-2,892,-4
08:50,561,-2,835,-5,581,1,881,-3,555,-2,805,-2,572,-3,970,-2,578,-1,962,-3,657,-3,886,-6,407,-1,882,-4,559,-2,889,-4
08:51,559,-2,831,-4,578,-3,877,-4,553,-2,798,-7,571,-1,963,-7,574,-4,961,-1,656,-1,883,-3,407,0,878,-4,557,-2,884,-4
08:52,559,0,828,-3,577,-1,871,-6,551,-2,792,-6,571,0,957,-6,573,-1,955,-6,654,-2,879,-4,407,0,876,-2,556,-1,880,-5
08:53,558,-1,820,-8,575,-2,868,-3,550,-1,792,0,571,0,953,-4,572,-1,954,-1,649,-5,877,-2,407,0,874,-2,555,-1,877,-3
08:54,558,0,814,-6,572,-3,860,-8,549,-1,788,-4,568,-3,953,0,571,-1,950,-4,647,-2,873,-4,407,0,869,-5,553,-1,872,-4
08:55,557,-1,810,-4,571,-1,856,-4,549,0,784,-4,565,-3,953,0,570,-1,948,-2,646,-1,868,-5,406,-1,868,-1,552,-1,870,-3
08:56,555,-2,804,-6,569,-2,855,-1,548,-1,782,-2,563,-2,951,-2,568,-2,947,-1,641,-5,866,-2,405,-1,862,-6,550,-2,867,-3
08:57,553,-2,796,-8,567,-2,852,-3,548,0,774,-8,559,-4,946,-5,568,0,945,-2,639,-2,862,-4,405,0,861,-1,548,-1,862,-4
08:58,552,-1,793,-3,565,-2,849,-3,548,0,766,-8,557,-2,938,-8,567,-1,943,-2,636,-3,854,-8,405,0,857,-4,547,-1,857,-5
08:59,551,-1,791,-2,560,-5,844,-5,546,-2,763,-3,555,-2,933,-5,566,-1,942,-1,633,-3,849,-5,404,-1,852,-5,545,-2,853,-4
09:00,551,0,785,-6,559,-1,842,-2,543,-3,758,-5,552,-3,928,-5,566,0,937,-5,633,0,848,-1,404,0,850,-2,544,-1,850,-4
09:01,548,-3,780,-5,556,-3,839,-3,536,-7,753,-5,552,0,922,-6,562,-4,933,-4,632,-1,846,-2,403,-1,846,-4,541,-3,846,-4
09:02,545,-3,773,-7,553,-3,836,-3,535,-1,749,-4,552,0,915,-7,562,0,932,-1,630,-2,844,-2,402,-1,846,0,540,-1,842,-3
09:03,544,-1,772,-1,550,-3,836,0,534,-1,740,-9,550,-2,912,-3,560,-2,929,-3,630,0,841,-3,402,0,839,-7,539,-1,838,-4
09:04,544,0,768,-4,546,-4,830,-6,531,-3,739,-1,548,-2,907,-5,557,-3,925,-4,626,-4,835,-6,400,-2,834,-5,536,-3,834,-4
09:05,542,-2,767,-1,543,-3,826,-4,531,0,738,-1,547,-1,906,-1,555,-2,923,-2,622,-4,833,-2,399,-1,833,-1,534,-2,832,-2
09:06,539,-3,761,-6,539,-4,822,-4,530,-1,734,-4,546,-1,901,-5,553,-2,923,0,616,-6,832,-1,400,1,832,-1,532,-2,829,-3
09:07,538,-1,757,-4,537,-2,818,-4,528,-2,727,-7,546,0,896,-5,552,-1,918,-5,613,-3,827,-5,399,-1,825,-7,530,-1,824,-5
09:08,536,-2,753,-4,534,-3,810,-8,527,-1,725,-2,544,-2,891,-5,552,0,913,-5,610,-3,821,-6,398,-1,819,-6,529,-2,819,-5
09:09,533,-3,748,-5,532,-2,807,-3,526,-1,723,-2,542,-2,889,-2,550,-2,907,-6,609,-1,819,-2,397,-1,813,-6,527,-2,815,-4
09:10,527,-6,742,-6,532,0,800,-7,526,0,718,-5,538,-4,888,-1,549,-1,905,-2,608,-1,814,-5,396,-1,810,-3,525,-2,811,-4
09:11,521,-6,733,-9,527,-5,796,-4,522,-4,715,-3,535,-3,884,-4,546,-3,903,-2,605,-3,809,-5,394,-2,807,-3,521,-4,807,-4
09:12,520,-1,725,-8,525,-2,789,-7,518,-4,709,-6,532,-3,876,-8,539,-7,901,-2,601,-4,803,-6,392,-2,800,-7,518,-3,800,-6
09:13,516,-4,721,-4,524,-1,781,-8,517,-1,699,-10,530,-2,871,-5,538,-1,895,-6,595,-6,800,-3,391,-1,797,-3,516,-2,795,-6
09:14,515,-1,718,-3,524,0,773,-8,513,-4,697,-2,529,-1,868,-3,535,-3,894,-1,591,-4,795,-5,390,-1,793,-4,514,-2,791,-4
09:15,512,-3,713,-5,519,-5,767,-6,510,-3,693,-4,525,-4,863,-5,532,-3,889,-5,588,-3,790,-5,388,-2,787,-6,511,-3,786,-5
09:16,510,-2,709,-4,516,-3,760,-7,506,-4,684,-9,522,-3,860,-3,532,0,886,-3,586,-2,783,-7,388,0,781,-6,509,-2,780,-6
09:17,506,-4,699,-10,514,-2,755,-5,506,0,682,-2,518,-4,848,-12,527,-5,885,-1,583,-3,777,-6,386,-2,776,-5,506,-3,775,-6
09:18,504,-2,691,-8,510,-4,749,-6,504,-2,678,-4,513,-5,840,-8,525,-2,884,-1,583,0,769,-8,384,-2,766,-10,503,-2,768,-6
09:19,501,-3,685,-6,505,-5,741,-8,501,-3,672,-6,510,-3,837,-3,523,-2,879,-5,581,-2,760,-9,381,-3,758,-8,500,-3,762,-6
09:20,497,-4,680,-5,501,-4,737,-4,498,-3,670,-2,506,-4,835,-2,522,-1,877,-2,579,-2,757,-3,380,-1,753,-5,498,-3,758,-3
09:21,493,-4,678,-2,496,-5,733,-4,494,-4,666,-4,503,-3,832,-3,518,-4,872,-5,572,-7,754,-3,379,-1,746,-7,494,-4,754,-4
09:22,489,-4,673,-5,491,-5,726,-7,493,-1,664,-2,502,-1,827,-5,517,-1,864,-8,571,-1,749,-5,378,-1,744,-2,492,-2,750,-5
09:23,486,-3,665,-8,491,0,718,-8,491,-2,659,-5,498,-4,820,-7,514,-3,856,-8,569,-2,747,-2,376,-2,739,-5,489,-2,743,-6
09:24,481,-5,657,-8,487,-4,709,-9,489,-2,653,-6,497,-1,817,-3,509,-5,852,-4,567,-2,742,-5,376,0,738,-1,487,-3,738,-5
09:25,477,-4,650,-7,484,-3,706,-3,486,-3,645,-8,495,-2,807,-10,501,-8,846,-6,566,-1,742,0,373,-3,733,-5,483,-3,733,-6
09:26,472,-5,642,-8,479,-5,703,-3,482,-4,634,-11,492,-3,805,-2,498,-3,841,-5,564,-2,737,-5,372,-1,727,-6,480,-3,727,-6
09:27,467,-5,633,-9,477,-2,700,-3,478,-4,624,-10,491,-1,801,-4,498,0,837,-4,561,-3,730,-7,372,0,722,-5,478,-2,721,-6
09:28,463,-4,625,-8,471,-6,692,-8,474,-4,619,-5,489,-2,796,-5,494,-4,832,-5,558,-3,722,-8,370,-2,717,-5,474,-4,715,-6
09:29,455,-8,616,-9,469,-2,684,-8,467,-7,613,-6,483,-6,786,-10,492,-2,825,-7,555,-3,719,-3,370,0,713,-4,470,-4,708,-7
09:30,450,-5,605,-11,463,-6,676,-8,464,-3,603,-10,479,-4,776,-10,490,-2,820,-5,554,-1,711,-8,371,1,707,-6,467,-3,700,-8
09:31,445,-5,598,-7,459,-4,669,-7,462,-2,593,-10,475,-4,769,-7,486,-4,813,-7,547,-7,703,-8,369,-2,700,-7,463,-4,692,-8
09:32,437,-8,590,-8,452,-7,662,-7,460,-2,583,-10,472,-3,761,-8,482,-4,808,-5,541,-6,699,-4,367,-2,690,-10,459,-5,685,-7
09:33,432,-5,581,-9,447,-5,655,-7,455,-5,575,-8,472,0,753,-8,479,-3,800,-8,535,-6,695,-4,367,0,682,-8,455,-3,677,-7
09:34,428,-4,571,-10,440,-7,646,-9,451,-4,564,-11,469,-3,745,-8,472,-7,791,-9,531,-4,687,-8,365,-2,675,-7,451,-4,668,-9
09:35,425,-3,564,-7,433,-7,639,-7,446,-5,553,-11,463,-6,739,-6,468,-4,786,-5,532,1,683,-4,364,-1,663,-12,447,-4,661,-7
09:36,422,-3,555,-9,427,-6,630,-9,443,-3,543,-10,456,-7,732,-7,465,-3,777,-9,530,-2,679,-4,362,-2,656,-7,444,-4,653,-8
09:37,415,-7,546,-9,425,-2,622,-8,436,-7,532,-11,451,-5,721,-11,462,-3,768,-9,523,-7,670,-9,361,-1,651,-5,439,-5,644,-9
09:38,411,-4,537,-9,416,-9,614,-8,435,-1,523,-9,447,-4,715,-6,461,-1,761,-7,516,-7,663,-7,358,-3,645,-6,435,-4,637,-7
09:39,409,-2,527,-10,406,-10,604,-10,433,-2,521,-2,443,-4,708,-7,459,-2,752,-9,513,-3,655,-8,357,-1,637,-8,431,-3,629,-8
09:40,403,-6,521,-6,398,-8,595,-9,429,-4,515,-6,438,-5,700,-8,455,-4,748,-4,509,-4,650,-5,355,-2,629,-8,427,-5,623,-7
09:41,398,-5,512,-9,396,-2,585,-10,419,-10,508,-7,430,-8,692,-8,451,-4,740,-8,501,-8,640,-10,354,-1,618,-11,421,-5,614,-9
09:42,392,-6,504,-8,392,-4,577,-8,412,-7,504,-4,429,-1,684,-8,447,-4,730,-10,494,-7,633,-7,351,-3,609,-9,417,-5,606,-8
09:43,386,-6,497,-7,387,-5,567,-10,405,-7,496,-8,421,-8,676,-8,441,-6,722,-8,491,-3,623,-10,349,-2,608,-1,411,-5,598,-7
09:44,377,-9,487,-10,379,-8,559,-8,398,-7,488,-8,417,-4,666,-10,440,-1,713,-9,488,-3,615,-8,348,-1,604,-4,407,-5,590,-8
09:45,371,-6,479,-8,374,-5,550,-9,389,-9,476,-12,407,-10,658,-8,434,-6,703,-10,483,-5,604,-11,346,-2,595,-9,401,-6,581,-10
09:46,367,-4,471,-8,370,-4,542,-8,386,-3,467,-9,402,-5,648,-10,428,-6,695,-8,477,-6,598,-6,344,-2,587,-8,396,-4,573,-8
09:47,364,-3,467,-4,363,-7,533,-9,380,-6,457,-10,398,-4,638,-10,423,-5,691,-4,472,-5,591,-7,343,-1,579,-8,392,-4,565,-7
09:48,362,-2,459,-8,360,-3,526,-7,370,-10,447,-10,393,-5,627,-11,420,-3,688,-3,467,-5,583,-8,339,-4,570,-9,387,-5,557,-8
09:49,361,-1,454,-5,358,-2,517,-9,366,-4,439,-8,389,-4,617,-10,419,-1,684,-4,464,-3,577,-6,336,-3,561,-9,385,-3,550,-7
09:50,356,-5,446,-8,354,-4,514,-3,361,-5,433,-6,385,-4,609,-8,419,0,678,-6,456,-8,571,-6,335,-1,551,-10,381,-4,543,-7
09:51,352,-4,437,-9,355,1,512,-2,356,-5,423,-10,381,-4,600,-9,411,-8,670,-8,448,-8,560,-11,333,-2,540,-11,377,-4,535,-9
09:52,346,-6,434,-3,355,0,509,-3,352,-4,418,-5,369,-12,593,-7,406,-5,662,-8,440,-8,550,-10,330,-3,533,-7,371,-5,528,-6
09:53,344,-2,431,-3,352,-3,502,-7,349,-3,410,-8,367,-2,590,-3,399,-7,653,-9,439,-1,541,-9,329,-1,525,-8,368,-3,522,-7
09:54,338,-6,422,-9,344,-8,497,-5,343,-6,399,-11,361,-6,581,-9,395,-4,645,-8,434,-5,530,-11,326,-3,515,-10,363,-5,513,-9
09:55,335,-3,414,-8,335,-9,492,-5,339,-4,394,-5,354,-7,576,-5,393,-2,634,-11,429,-5,521,-9,325,-1,507,-8,359,-4,505,-7
09:56,331,-4,411,-3,331,-4,485,-7,333,-6,390,-4,350,-4,570,-6,387,-6,624,-10,426,-3,517,-4,325,0,498,-9,355,-4,499,-6
09:57,330,-1,408,-3,326,-5,477,-8,328,-5,382,-8,347,-3,561,-9,382,-5,618,-6,424,-2,511,-6,324,-1,489,-9,352,-3,492,-7
09:58,327,-3,404,-4,325,-1,471,-6,324,-4,378,-4,345,-2,555,-6,380,-2,614,-4,419,-5,504,-7,323,-1,479,-10,349,-3,486,-6
09:59,325,-2,401,-3,323,-2,465,-6,322,-2,370,-8,338,-7,546,-9,376,-4,606,-8,412,-7,500,-4,322,-1,477,-2,345,-4,481,-6
10:00,324,-1,401,0,318,-5,460,-5,321,-1,368,-2,334,-4,541,-5,374,-2,603,-3,405,-7,494,-6,317,-5,472,-5,342,-4,477,-4
10:01,323,-1,395,-6,317,-1,454,-6,321,0,363,-5,330,-4,534,-7,371,-3,600,-3,404,-1,488,-6,316,-1,463,-9,340,-2,471,-6
10:02,320,-3,387,-8,319,2,451,-3,319,-2,355,-8,326,-4,532,-2,370,-1,598,-2,397,-7,483,-5,316,0,458,-5,338,-2,466,-5
10:03,317,-3,384,-3,320,1,448,-3,311,-8,350,-5,321,-5,527,-5,366,-4,596,-2,389,-8,477,-6,317,1,457,-1,334,-4,463,-4
10:04,316,-1,377,-7,315,-5,446,-2,309,-2,349,-1,319,-2,522,-5,365,-1,591,-5,384,-5,469,-8,318,1,454,-3,332,-2,458,-4
10:05,314,-2,373,-4,313,-2,442,-4,307,-2,348,-1,320,1,521,-1,360,-5,584,-7,382,-2,462,-7,318,0,447,-7,331,-2,454,-4
10:06,313,-1,371,-2,314,1,443,1,302,-5,341,-7,316,-4,516,-5,359,-1,583,-1,383,1,458,-4,317,-1,442,-5,329,-1,451,-3
10:07,312,-1,371,0,312,-2,439,-4,299,-3,339,-2,314,-2,507,-9,356,-3,580,-3,380,-3,453,-5,318,1,439,-3,327,-2,447,-4
10:08,312,0,369,-2,311,-1,434,-5,299,0,337,-2,312,-2,506,-1,354,-2,581,1,380,0,446,-7,317,-1,434,-5,326,-1,444,-3
10:09,311,-1,365,-4,310,-1,433,-1,297,-2,332,-5,312,0,497,-9,353,-1,580,-1,380,0,439,-7,316,-1,430,-4,326,-1,439,-4
10:10,310,-1,358,-7,310,0,432,-1,293,-4,330,-2,312,0,494,-3,354,1,577,-3,378,-2,428,-11,314,-2,421,-9,324,-1,434,-5
10:11,307,-3,350,-8,308,-2,426,-6,288,-5,322,-8,311,-1,489,-5,349,-5,568,-9,374,-4,426,-2,314,0,416,-5,322,-3,428,-6
10:12,304,-3,347,-3,308,0,423,-3,286,-2,317,-5,309,-2,483,-6,346,-3,559,-9,372,-2,426,0,315,1,414,-2,320,-2,424,-4
10:13,301,-3,348,1,307,-1,420,-3,286,0,315,-2,308,-1,477,-6,345,-1,552,-7,370,-2,421,-5,314,-1,410,-4,319,-1,420,-4
10:14,302,1,347,-1,308,1,420,0,286,0,313,-2,305,-3,475,-2,342,-3,545,-7,368,-2,421,0,314,0,410,0,318,-1,419,-2
10:15,300,-2,348,1,309,1,418,-2,284,-2,305,-8,302,-3,470,-5,337,-5,540,-5,368,0,416,-5,311,-3,408,-2,316,-2,415,-4
10:16,300,0,342,-6,308,-1,417,-1,280,-4,299,-6,300,-2,465,-5,336,-1,536,-4,366,-2,408,-8,311,0,404,-4,314,-1,410,-5
10:17,300,0,342,0,305,-3,415,-2,278,-2,296,-3,299,-1,463,-2,335,-1,534,-2,363,-3,405,-3,311,0,398,-6,313,-1,408,-3
10:18,297,-3,342,0,305,0,413,-2,275,-3,293,-3,299,0,458,-5,334,-1,530,-4,362,-1,402,-3,311,0,394,-4,312,-1,405,-3
10:19,297,0,339,-3,302,-3,408,-5,274,-1,291,-2,299,0,454,-4,334,0,525,-5,359,-3,401,-1,311,0,392,-2,311,-1,401,-3
10:21,296,-1,338,-1,302,0,404,-4,273,-1,287,-4,297,-2,454,0,333,-1,522,-3,359,0,398,-3,311,0,391,-1,310,-1,399,-2
10:22,295,-1,335,-3,301,-1,401,-3,271,-2,285,-2,295,-2,449,-5,333,0,520,-2,357,-2,394,-4,311,0,390,-1,309,-1,396,-3
10:23,295,0,331,-4,300,-1,398,-3,271,0,284,-1,293,-2,448,-1,333,0,516,-4,355,-2,392,-2,310,-1,387,-3,308,-1,394,-3
10:24,295,0,329,-2,299,-1,396,-2,272,1,283,-1,292,-1,445,-3,331,-2,512,-4,354,-1,392,0,310,0,387,0,308,-1,392,-2
10:25,293,-2,329,0,298,-1,392,-4,271,-1,282,-1,291,-1,444,-1,330,-1,509,-3,353,-1,387,-5,310,0,385,-2,307,-1,390,-2
10:26,291,-2,328,-1,296,-2,389,-3,269,-2,279,-3,290,-1,439,-5,328,-2,505,-4,351,-2,387,0,310,0,381,-4,305,-2,387,-3
10:27,290,-1,322,-6,296,0,387,-2,267,-2,279,0,288,-2,435,-4,328,0,500,-5,351,0,384,-3,310,0,381,0,304,-1,384,-3
10:28,286,-4,319,-3,296,0,383,-4,266,-1,278,-1,288,0,435,0,327,-1,498,-2,348,-3,383,-1,310,0,378,-3,303,-1,382,-2
10:29,286,0,319,0,295,-1,382,-1,264,-2,277,-1,287,-1,432,-3,328,1,496,-2,348,0,378,-5,310,0,376,-2,303,0,380,-2
10:30,282,-4,315,-4,291,-4,379,-3,264,0,277,0,286,-1,433,1,328,0,495,-1,347,-1,375,-3,310,0,373,-3,301,-1,378,-2
10:31,280,-2,314,-1,290,-1,378,-1,263,-1,277,0,286,0,429,-4,326,-2,492,-3,342,-5,370,-5,311,1,369,-4,300,-1,376,-3
10:32,278,-2,310,-4,289,-1,375,-3,262,-1,275,-2,285,-1,429,0,324,-2,488,-4,341,-1,368,-2,310,-1,366,-3,298,-1,373,-3
10:33,276,-2,308,-2,290,1,373,-2,262,0,274,-1,285,0,427,-2,325,1,485,-3,340,-1,368,0,311,1,365,-1,298,0,371,-2
10:34,275,-1,308,0,289,-1,370,-3,261,-1,270,-4,283,-2,423,-4,325,0,478,-7,338,-2,368,0,309,-2,364,-1,297,-1,369,-3
10:35,274,-1,305,-3,287,-2,365,-5,258,-3,271,1,281,-2,423,0,325,0,472,-6,338,0,366,-2,308,-1,358,-6,296,-1,366,-3
10:36,271,-3,300,-5,287,0,363,-2,256,-2,271,0,281,0,421,-2,323,-2,470,-2,337,-1,365,-1,308,0,357,-1,295,-1,364,-2
10:37,271,0,298,-2,285,-2,360,-3,257,1,266,-5,277,-4,419,-2,322,-1,468,-2,335,-2,363,-2,308,0,353,-4,294,-1,361,-3
10:38,270,-1,293,-5,284,-1,358,-2,256,-1,263,-3,279,2,419,0,320,-2,465,-3,335,0,359,-4,308,0,350,-3,293,0,358,-3
10:39,269,-1,290,-3,281,-3,352,-6,255,-1,261,-2,278,-1,414,-5,319,-1,465,0,335,0,359,0,305,-3,346,-4,292,-1,355,-3
10:40,269,0,288,-2,281,0,350,-2,255,0,255,-6,272,-6,411,-3,319,0,462,-3,334,-1,356,-3,305,0,341,-5,291,-1,352,-3
10:41,267,-2,287,-1,279,-2,350,0,255,0,251,-4,267,-5,408,-3,318,-1,462,0,332,-2,352,-4,304,-1,338,-3,289,-2,350,-2
10:42,266,-1,286,-1,279,0,343,-7,254,-1,251,0,265,-2,408,0,316,-2,460,-2,331,-1,353,1,304,0,337,-1,288,-1,348,-1
10:43,265,-1,286,0,277,-2,339,-4,252,-2,247,-4,263,-2,404,-4,315,-1,456,-4,330,-1,352,-1,303,-1,334,-3,286,-1,345,-3
10:44,263,-2,277,-9,276,-1,334,-5,250,-2,247,0,262,-1,404,0,313,-2,452,-4,329,-1,349,-3,302,-1,331,-3,285,-1,342,-3
10:45,262,-1,274,-3,276,0,331,-3,248,-2,242,-5,260,-2,405,1,311,-2,450,-2,328,-1,344,-5,302,0,330,-1,284,-1,339,-3
10:46,260,-2,273,-1,273,-3,328,-3,248,0,232,-10,258,-2,403,-2,311,0,446,-4,326,-2,341,-3,302,0,328,-2,283,-1,336,-4
10:47,260,0,270,-3,273,0,327,-1,245,-3,225,-7,255,-3,403,0,310,-1,442,-4,325,-1,335,-6,302,0,320,-8,281,-1,332,-4
10:48,253,-7,265,-5,273,0,324,-3,246,1,222,-3,253,-2,403,0,308,-2,440,-2,325,0,333,-2,302,0,315,-5,280,-1,329,-3
10:49,252,-1,261,-4,269,-4,323,-1,244,-2,220,-2,252,-1,397,-6,307,-1,435,-5,324,-1,332,-1,302,0,313,-2,279,-1,326,-3
10:50,251,-1,256,-5,266,-3,319,-4,241,-3,214,-6,251,-1,393,-4,305,-2,432,-3,325,1,327,-5,300,-2,308,-5,277,-2,321,-5
10:51,249,-2,253,-3,266,0,313,-6,239,-2,211,-3,250,-1,392,-1,303,-2,429,-3,323,-2,326,-1,299,-1,305,-3,276,-1,318,-3
10:52,247,-2,252,-1,260,-6,311,-2,239,0,206,-5,250,0,391,-1,302,-1,428,-1,322,-1,322,-4,299,0,302,-3,274,-1,316,-2
10:53,245,-2,250,-2,258,-2,309,-2,238,-1,200,-6,250,0,392,1,299,-3,424,-4,320,-2,315,-7,299,0,302,0,273,-1,313,-3
10:54,243,-2,245,-5,255,-3,306,-3,236,-2,199,-1,246,-4,387,-5,298,-1,423,-1,320,0,312,-3,299,0,301,-1,271,-2,310,-3
10:55,242,-1,241,-4,254,-1,299,-7,232,-4,195,-4,245,-1,386,-1,297,-1,423,0,320,0,310,-2,301,2,297,-4,270,-1,307,-3
10:56,240,-2,235,-6,253,-1,297,-2,231,-1,191,-4,245,0,383,-3,297,0,420,-3,320,0,305,-5,300,-1,293,-4,269,-1,303,-4
10:57,239,-1,227,-8,252,-1,291,-6,228,-3,188,-3,242,-3,377,-6,296,-1,416,-4,320,0,299,-6,298,-2,289,-4,268,-2,298,-5
10:58,236,-3,220,-7,248,-4,284,-7,225,-3,183,-5,240,-2,370,-7,295,-1,415,-1,320,0,296,-3,298,0,286,-3,266,-2,293,-5
10:59,229,-7,213,-7,247,-1,278,-6,222,-3,177,-6,238,-2,366,-4,295,0,411,-4,318,-2,290,-6,297,-1,282,-4,264,-2,288,-5
11:00,228,-1,211,-2,246,-1,272,-6,221,-1,175,-2,237,-1,362,-4,293,-2,409,-2,316,-2,286,-4,296,-1,277,-5,262,-1,285,-4
11:01,225,-3,205,-6,241,-5,265,-7,219,-2,173,-2,234,-3,361,-1,292,-1,405,-4,313,-3,285,-1,296,0,276,-1,260,-2,281,-3
11:02,222,-3,200,-5,238,-3,262,-3,219,0,166,-7,232,-2,358,-3,291,-1,401,-4,309,-4,284,-1,296,0,274,-2,258,-2,278,-4
11:03,219,-3,192,-8,235,-3,255,-7,218,-1,161,-5,229,-3,356,-2,289,-2,398,-3,305,-4,277,-7,296,0,270,-4,256,-2,273,-5
11:04,215,-4,188,-4,234,-1,252,-3,215,-3,162,1,230,1,350,-6,285,-4,395,-3,304,-1,270,-7,294,-2,264,-6,254,-2,269,-4
11:05,214,-1,184,-4,231,-3,249,-3,215,0,160,-2,230,0,341,-9,280,-5,390,-5,300,-4,265,-5,293,-1,260,-4,252,-2,264,-5
11:06,211,-3,177,-7,228,-3,245,-4,212,-3,153,-7,229,-1,334,-7,275,-5,385,-5,300,0,262,-3,292,-1,259,-1,250,-2,259,-5
11:07,209,-2,172,-5,226,-2,242,-3,209,-3,144,-9,227,-2,326,-8,270,-5,380,-5,299,-1,257,-5,293,1,253,-6,248,-2,253,-6
11:08,207,-2,167,-5,222,-4,233,-9,201,-8,137,-7,224,-3,318,-8,269,-1,375,-5,297,-2,250,-7,292,-1,248,-5,245,-3,247,-7
11:09,204,-3,159,-8,219,-3,227,-6,198,-3,127,-10,223,-1,317,-1,268,-1,373,-2,297,0,250,0,290,-2,241,-7,243,-2,242,-5
11:10,204,0,151,-8,213,-6,225,-2,191,-7,126,-1,220,-3,316,-1,266,-2,367,-6,296,-1,244,-6,289,-1,234,-7,240,-3,238,-4
11:11,203,-1,144,-7,209,-4,222,-3,190,-1,122,-4,221,1,313,-3,266,0,363,-4,294,-2,240,-4,286,-3,228,-6,238,-1,233,-4
11:12,200,-3,140,-4,208,-1,215,-7,190,0,118,-4,220,-1,311,-2,263,-3,359,-4,291,-3,234,-6,285,-1,228,0,237,-2,229,-4
11:13,199,-1,133,-7,207,-1,212,-3,186,-4,108,-10,215,-5,305,-6,262,-1,352,-7,289,-2,229,-5,284,-1,223,-5,235,-2,223,-6
11:14,196,-3,126,-7,204,-3,210,-2,183,-3,99,-9,211,-4,296,-9,259,-3,345,-7,286,-3,222,-7,284,0,215,-8,232,-3,216,-7
11:15,190,-6,118,-8,202,-2,201,-9,182,-1,94,-5,207,-4,292,-4,256,-3,339,-6,282,-4,220,-2,283,-1,210,-5,229,-3,211,-6
11:16,187,-3,115,-3,199,-3,195,-6,181,-1,88,-6,204,-3,285,-7,254,-2,332,-7,279,-3,218,-2,281,-2,202,-8,226,-2,205,-6
11:17,183,-4,113,-2,198,-1,197,2,178,-3,81,-7,201,-3,281,-4,249,-5,326,-6,277,-2,210,-8,281,0,197,-5,224,-3,201,-4
11:18,181,-2,106,-7,196,-2,192,-5,174,-4,76,-5,196,-5,273,-8,246,-3,323,-3,272,-5,204,-6,279,-2,194,-3,221,-3,195,-5
11:19,180,-1,103,-3,194,-2,187,-5,172,-2,70,-6,196,0,264,-9,245,-1,315,-8,266,-6,196,-8,279,0,189,-5,219,-2,189,-6
11:20,179,-1,95,-8,194,0,179,-8,171,-1,64,-6,193,-3,260,-4,243,-2,312,-3,264,-2,187,-9,278,-1,184,-5,217,-1,183,-6
11:21,177,-2,90,-5,194,0,171,-8,170,-1,61,-3,191,-2,261,1,242,-1,311,-1,260,-4,182,-5,278,0,179,-5,216,-1,179,-4
11:22,175,-2,83,-7,193,-1,167,-4,166,-4,53,-8,190,-1,252,-9,242,0,309,-2,259,-1,176,-6,277,-1,175,-4,215,-1,174,-6
11:23,174,-1,85,2,193,0,161,-6,167,1,52,-1,188,-2,252,0,241,-1,303,-6,257,-2,169,-7,275,-2,170,-5,214,-1,170,-3
11:24,172,-2,81,-4,190,-3,161,0,164,-3,52,0,182,-6,242,-10,238,-3,302,-1,257,0,164,-5,273,-2,165,-5,211,-3,167,-4
11:25,172,0,81,0,188,-2,159,-2,160,-4,45,-7,180,-2,231,-11,234,-4,297,-5,254,-3,158,-6,272,-1,160,-5,209,-2,162,-5
11:26,172,0,77,-4,187,-1,158,-1,159,-1,44,-1,179,-1,223,-8,230,-4,292,-5,252,-2,157,-1,273,1,152,-8,207,-1,158,-4
11:27,171,-1,72,-5,185,-2,151,-7,156,-3,44,0,180,1,227,4,226,-4,284,-8,246,-6,151,-6,275,2,152,0,206,-2,154,-3
11:28,172,1,75,3,185,0,146,-5,155,-1,38,-6,180,0,231,4,222,-4,279,-5,245,-1,149,-2,273,-2,148,-4,205,-1,152,-2
11:29,176,4,76,1,187,2,143,-3,154,-1,34,-4,174,-6,231,0,220,-2,275,-4,242,-3,143,-6,275,2,148,0,204,-1,150,-2
11:30,179,3,82,6,186,-1,145,2,153,-1,36,2,176,2,229,-2,218,-2,273,-2,239,-3,142,-1,273,-2,147,-1,203,-1,151,1
11:31,180,1,86,4,186,0,144,-1,151,-2,28,-8,176,0,228,-1,216,-2,271,-2,238,-1,143,1,275,2,149,2,203,0,150,-1
11:32,177,-3,86,0,184,-2,144,0,145,-6,22,-6,176,0,224,-4,215,-1,268,-3,241,3,144,1,282,7,152,3,203,0,149,-1
11:33,179,2,89,3,183,-1,142,-2,145,0,29,7,176,0,224,0,216,1,270,2,244,3,140,-4,283,1,154,2,204,1,150,1
11:34,182,3,91,2,185,2,142,0,144,-1,32,3,176,0,219,-5,217,1,270,0,246,2,140,0,284,1,158,4,205,1,150,1
11:35,183,1,86,-5,189,4,141,-1,145,1,33,1,176,0,221,2,217,0,269,-1,246,0,142,2,286,2,157,-1,206,1,150,0
11:36,183,0,87,1,189,0,138,-3,142,-3,34,1,174,-2,219,-2,214,-3,272,3,246,0,146,4,286,0,158,1,205,-1,151,1
11:37,181,-2,86,-1,190,1,135,-3,144,2,31,-3,175,1,218,-1,218,4,274,2,249,3,149,3,286,0,157,-1,206,1,150,-1
11:38,181,0,86,0,190,0,133,-2,144,0,30,-1,174,-1,215,-3,216,-2,277,3,252,3,147,-2,284,-2,158,1,206,0,149,-1
11:39,181,0,84,-2,193,3,136,3,140,-4,33,3,175,1,211,-4,215,-1,277,0,253,1,151,4,285,1,157,-1,206,0,150,0
11:40,177,-4,83,-1,192,-1,136,0,141,1,31,-2,177,2,215,4,216,1,275,-2,252,-1,153,2,287,2,156,-1,206,0,150,0
11:41,177,0,83,0,192,0,134,-2,142,1,33,2,175,-2,213,-2,213,-3,274,-1,248,-4,155,2,288,1,155,-1,205,-1,150,0
11:42,177,0,82,-1,193,1,134,0,143,1,33,0,174,-1,215,2,211,-2,271,-3,247,-1,151,-4,289,1,151,-4,205,0,148,-1
11:43,177,0,84,2,190,-3,131,-3,142,-1,33,0,174,0,212,-3,211,0,268,-3,247,0,150,-1,291,2,147,-4,205,0,146,-2
11:44,176,-1,83,-1,191,1,130,-1,141,-1,31,-2,174,0,211,-1,212,1,266,-2,247,0,144,-6,291,0,142,-5,205,0,144,-3
11:45,176,0,80,-3,192,1,128,-2,139,-2,32,1,171,-3,215,4,210,-2,261,-5,246,-1,140,-4,293,2,138,-4,204,-1,142,-2
11:46,176,0,83,3,193,1,128,0,140,1,32,0,174,3,213,-2,212,2,261,0,244,-2,137,-3,293,0,142,4,205,1,142,0
11:47,176,0,82,-1,194,1,124,-4,137,-3,29,-3,175,1,213,0,211,-1,257,-4,244,0,133,-4,294,1,141,-1,204,0,140,-2
11:48,175,-1,79,-3,194,0,120,-4,139,2,27,-2,174,-1,213,0,206,-5,255,-2,242,-2,131,-2,292,-2,135,-6,203,-1,137,-3
11:49,175,0,78,-1,194,0,120,0,139,0,23,-4,176,2,210,-3,207,1,255,0,243,1,128,-3,292,0,132,-3,204,1,135,-2
11:50,175,0,75,-3,193,-1,116,-4,138,-1,23,0,174,-2,208,-2,205,-2,253,-2,244,1,126,-2,290,-2,131,-1,203,-1,133,-2
11:51,173,-2,75,0,193,0,110,-6,137,-1,15,-8,176,2,207,-1,205,0,251,-2,243,-1,125,-1,290,0,131,0,202,0,131,-3
11:52,172,-1,76,1,192,-1,106,-4,135,-2,13,-2,176,0,203,-4,204,-1,247,-4,241,-2,120,-5,289,-1,132,1,201,-1,128,-2
11:53,170,-2,72,-4,195,3,103,-3,133,-2,11,-2,174,-2,202,-1,203,-1,244,-3,242,1,120,0,291,2,131,-1,201,0,126,-2
11:54,169,-1,68,-4,194,-1,105,2,132,-1,10,-1,174,0,200,-2,203,0,245,1,242,0,116,-4,291,0,130,-1,201,0,125,-1
11:55,169,0,66,-2,194,0,105,0,132,0,8,-2,173,-1,199,-1,203,0,245,0,241,-1,116,0,290,-1,128,-2,200,0,124,-1
11:56,169,0,64,-2,190,-4,106,1,131,-1,6,-2,172,-1,198,-1,202,-1,244,-1,241,0,114,-2,290,0,125,-3,199,-1,122,-1
11:57,168,-1,62,-2,188,-2,106,0,131,0,5,-1,170,-2,199,1,200,-2,242,-2,241,0,114,0,291,1,126,1,198,-1,122,0
11:58,167,-1,55,-7,188,0,103,-3,130,-1,5,0,170,0,195,-4,200,0,235,-7,241,0,113,-1,291,0,125,-1,198,0,119,-3
11:59,167,0,54,-1,187,-1,103,0,129,-1,3,-2,171,1,193,-2,200,0,237,2,241,0,113,0,290,-1,122,-3,198,0,118,-1
12:00,165,-2,51,-3,186,-1,103,0,128,-1,2,-1,171,0,191,-2,200,0,237,0,240,-1,107,-6,290,0,121,-1,197,-1,116,-2
12:01,164,-1,51,0,185,-1,99,-4,128,0,4,2,169,-2,192,1,198,-2,234,-3,240,0,104,-3,290,0,119,-2,196,-1,115,-1
12:02,161,-3,49,-2,183,-2,97,-2,129,1,1,-3,166,-3,190,-2,199,1,232,-2,241,1,100,-4,291,1,112,-7,196,-1,112,-3
12:03,160,-1,48,-1,178,-5,97,0,127,-2,-1,-2,166,0,186,-4,198,-1,228,-4,241,0,101,1,290,-1,109,-3,194,-1,110,-2
12:04,159,-1,47,-1,177,-1,95,-2,126,-1,-2,-1,163,-3,185,-1,197,-1,228,0,240,-1,98,-3,289,-1,107,-2,193,-1,108,-1
12:05,155,-4,46,-1,173,-4,94,-1,123,-3,-4,-2,163,0,187,2,196,-1,227,-1,239,-1,96,-2,289,0,105,-2,191,-2,107,-1
12:06,155,0,45,-1,172,-1,94,0,118,-5,-4,0,161,-2,188,1,195,-1,228,1,238,-1,94,-2,289,0,100,-5,190,-1,106,-1
12:07,154,-1,44,-1,172,0,93,-1,117,-1,-10,-6,159,-2,187,-1,197,2,225,-3,236,-2,96,2,289,0,99,-1,189,-1,105,-2
12:08,153,-1,41,-3,168,-4,94,1,114,-3,-11,-1,158,-1,184,-3,195,-2,224,-1,236,0,94,-2,289,0,98,-1,188,-2,103,-1
12:09,152,-1,40,-1,166,-2,91,-3,112,-2,-11,0,156,-2,181,-3,194,-1,224,0,236,0,91,-3,288,-1,95,-3,186,-1,102,-2
12:10,151,-1,36,-4,163,-3,90,-1,111,-1,-15,-4,156,0,181,0,192,-2,220,-4,235,-1,91,0,287,-1,93,-2,185,-1,99,-2
12:11,151,0,33,-3,159,-4,90,0,111,0,-17,-2,155,-1,178,-3,190,-2,219,-1,235,0,94,3,287,0,92,-1,184,-1,98,-1
12:12,149,-2,31,-2,157,-2,90,0,111,0,-17,0,153,-2,178,0,189,-1,216,-3,237,2,92,-2,287,0,92,0,183,-1,97,-1
12:13,147,-2,25,-6,156,-1,85,-5,110,-1,-21,-4,151,-2,173,-5,189,0,213,-3,237,0,91,-1,287,0,87,-5,182,-1,93,-4
12:14,148,1,25,0,154,-2,83,-2,113,3,-24,-3,148,-3,174,1,187,-2,208,-5,237,0,92,1,285,-2,82,-5,182,-1,91,-2
12:15,146,-2,25,0,153,-1,82,-1,113,0,-26,-2,148,0,170,-4,185,-2,209,1,236,-1,90,-2,285,0,82,0,181,-1,90,-1
12:16,139,-7,24,-1,154,1,80,-2,114,1,-25,1,143,-5,166,-4,183,-2,207,-2,236,0,90,0,286,1,78,-4,179,-2,89,-2
12:17,137,-2,21,-3,148,-6,84,4,112,-2,-26,-1,142,-1,165,-1,181,-2,208,1,235,-1,88,-2,287,1,76,-2,177,-2,88,-1
12:18,133,-4,17,-4,147,-1,82,-2,110,-2,-25,1,138,-4,159,-6,181,0,206,-2,235,0,88,0,289,2,77,1,176,-1,86,-2
12:19,130,-3,11,-6,147,0,79,-3,108,-2,-25,0,135,-3,155,-4,180,-1,203,-3,235,0,88,0,289,0,73,-4,175,-1,83,-3
12:20,127,-3,10,-1,145,-2,77,-2,106,-2,-25,0,135,0,152,-3,179,-1,200,-3,234,-1,87,-1,290,1,71,-2,174,-1,82,-2
12:21,123,-4,7,-3,143,-2,73,-4,82,-24,-42,-17,135,0,149,-3,178,-1,199,-1,234,0,84,-3,289,-1,63,-8,169,-5,76,-6
12:22,119,-4,7,0,141,-2,69,-4,73,-9,-45,-3,133,-2,146,-3,177,-1,198,-1,233,-1,82,-2,289,0,57,-6,166,-3,73,-3
12:23,117,-2,3,-4,140,-1,68,-1,69,-4,-44,1,132,-1,144,-2,177,0,197,-1,232,-1,77,-5,290,1,54,-3,165,-1,71,-2
12:24,116,-1,-2,-5,137,-3,67,-1,67,-2,-47,-3,130,-2,142,-2,174,-3,195,-2,231,-1,76,-1,289,-1,48,-6,163,-2,68,-3
12:25,116,0,-8,-6,135,-2,66,-1,65,-2,-51,-4,129,-1,142,0,175,1,187,-8,229,-2,71,-5,291,2,48,0,163,-1,65,-3
12:26,112,-4,-13,-5,133,-2,66,0,57,-8,-56,-5,128,-1,143,1,174,-1,184,-3,223,-6,72,1,289,-2,45,-3,159,-3,63,-2
12:27,108,-4,-14,-1,130,-3,62,-4,55,-2,-61,-5,124,-4,140,-3,171,-3,180,-4,223,0,71,-1,287,-2,40,-5,157,-3,60,-3
12:28,106,-2,-18,-4,128,-2,60,-2,50,-5,-67,-6,120,-4,137,-3,169,-2,177,-3,223,0,73,2,286,-1,39,-1,155,-2,57,-2
12:29,98,-8,-19,-1,124,-4,55,-5,50,0,-72,-5,118,-2,138,1,165,-4,171,-6,221,-2,70,-3,286,0,35,-4,152,-3,54,-3
12:30,96,-2,-22,-3,119,-5,51,-4,46,-4,-71,1,116,-2,139,1,160,-5,170,-1,218,-3,67,-3,286,0,31,-4,149,-3,52,-2
12:31,96,0,-20,2,121,2,46,-5,46,0,-74,-3,113,-3,133,-6,154,-6,166,-4,215,-3,67,0,285,-1,26,-5,147,-2,49,-3
12:32,96,0,-20,0,121,0,44,-2,44,-2,-75,-1,110,-3,130,-3,152,-2,166,0,216,1,62,-5,284,-1,23,-3,146,-1,47,-2
12:33,94,-2,-19,1,117,-4,42,-2,39,-5,-79,-4,108,-2,126,-4,152,0,165,-1,212,-4,60,-2,283,-1,21,-2,144,-3,45,-2
12:34,92,-2,-20,-1,115,-2,39,-3,37,-2,-79,0,104,-4,119,-7,150,-2,160,-5,212,0,55,-5,284,1,15,-6,142,-2,41,-4
12:35,81,-11,-20,0,113,-2,36,-3,32,-5,-83,-4,98,-6,119,0,148,-2,154,-6,208,-4,51,-4,285,1,15,0,138,-4,39,-2
12:36,72,-9,-19,1,113,0,28,-8,33,1,-86,-3,98,0,116,-3,144,-4,154,0,206,-2,52,1,284,-1,10,-5,136,-2,36,-2
12:37,70,-2,-18,1,113,0,26,-2,30,-3,-85,1,93,-5,112,-4,145,1,150,-4,206,0,51,-1,284,0,6,-4,134,-1,35,-2
12:38,65,-5,-17,1,110,-3,24,-2,30,0,-89,-4,90,-3,106,-6,144,-1,151,1,205,-1,46,-5,284,0,4,-2,133,-2,32,-2
12:39,62,-3,-16,1,108,-2,20,-4,24,-6,-90,-1,87,-3,104,-2,144,0,152,1,203,-2,44,-2,284,0,-1,-5,130,-2,30,-2
12:40,59,-3,-13,3,106,-2,18,-2,20,-4,-90,0,85,-2,102,-2,140,-4,152,0,199,-4,43,-1,284,0,-3,-2,128,-3,30,-1
12:41,52,-7,-12,1,103,-3,14,-4,16,-4,-92,-2,83,-2,99,-3,137,-3,150,-2,194,-5,39,-4,283,-1,-5,-2,124,-4,28,-2
12:42,50,-2,-8,4,96,-7,10,-4,10,-6,-93,-1,79,-4,92,-7,133,-4,146,-4,190,-4,38,-1,279,-4,-10,-5,120,-4,25,-3
12:43,41,-9,-7,1,91,-5,9,-1,5,-5,-98,-5,76,-3,89,-3,132,-1,138,-8,187,-3,35,-3,278,-1,-17,-7,116,-4,21,-4
12:44,32,-9,-7,0,90,-1,1,-8,3,-2,-100,-2,71,-5,90,1,130,-2,130,-8,186,-1,33,-2,276,-2,-20,-3,113,-3,18,-3
12:45,24,-8,-5,2,89,-1,0,-1,1,-2,-97,3,67,-4,90,0,130,0,129,-1,182,-4,30,-3,275,-1,-21,-1,110,-3,18,0
12:46,14,-10,-4,1,86,-3,-3,-3,1,0,-99,-2,62,-5,81,-9,124,-6,127,-2,177,-5,26,-4,275,0,-24,-3,106,-4,15,-3
12:47,8,-6,-3,1,81,-5,-7,-4,-3,-4,-101,-2,58,-4,78,-3,119,-5,124,-3,173,-4,19,-7,273,-2,-24,0,101,-4,12,-3
12:48,0,-8,-1,2,78,-3,-12,-5,-4,-1,-102,-1,58,0,74,-4,114,-5,120,-4,169,-4,19,0,274,1,-26,-2,98,-3,10,-2
12:49,-7,-7,3,4,76,-2,-18,-6,-6,-2,-101,1,56,-2,70,-4,108,-6,115,-5,168,-1,17,-2,275,1,-28,-2,96,-3,8,-2
12:50,-11,-4,7,4,73,-3,-17,1,-13,-7,-104,-3,50,-6,67,-3,108,0,111,-4,166,-2,17,0,275,0,-30,-2,93,-3,7,-1
12:51,-10,1,11,4,68,-5,-19,-2,-13,0,-107,-3,45,-5,66,-1,108,0,108,-3,163,-3,17,0,273,-2,-31,-1,91,-2,6,-1
12:52,-13,-3,12,1,67,-1,-22,-3,-14,-1,-109,-2,44,-1,66,0,106,-2,100,-8,162,-1,14,-3,272,-1,-33,-2,89,-1,4,-2
12:53,-19,-6,16,4,68,1,-20,2,-15,-1,-105,4,43,-1,64,-2,106,0,98,-2,162,0,7,-7,273,1,-34,-1,88,-1,4,0
12:54,-18,1,17,1,68,0,-23,-3,-16,-1,-106,-1,42,-1,66,2,103,-3,99,1,161,-1,4,-3,270,-3,-36,-2,87,-1,3,-1
12:55,-16,2,18,1,70,2,-28,-5,-16,0,-106,0,43,1,62,-4,101,-2,96,-3,155,-6,4,0,266,-4,-36,0,86,-1,1,-2
12:56,-16,0,25,7,71,1,-31,-3,-12,4,-104,2,42,-1,60,-2,99,-2,90,-6,154,-1,-1,-5,265,-1,-41,-5,86,0,0,-2
12:57,-16,0,26,1,67,-4,-28,3,-14,-2,-102,2,40,-2,60,0,96,-3,89,-1,154,0,1,2,265,0,-45,-4,85,-2,0,0
12:58,-17,-1,31,5,69,2,-27,1,-12,2,-98,4,38,-2,59,-1,94,-2,88,-1,152,-2,1,0,265,0,-40,5,84,0,2,2
12:59,-16,1,36,5,70,1,-22,5,-13,-1,-96,2,35,-3,60,1,91,-3,88,0,151,-1,-2,-3,263,-2,-35,5,83,-1,4,2
13:00,-14,2,42,6,73,3,-18,4,-13,0,-93,3,34,-1,57,-3,88,-3,91,3,148,-3,2,4,263,0,-30,5,83,0,7,3
13:01,-10,4,44,2,73,0,-18,0,-13,0,-91,2,34,0,60,3,89,1,96,5,146,-2,6,4,264,1,-30,0,83,1,10,2
13:02,-8,2,50,6,72,-1,-12,6,-15,-2,-86,5,35,1,59,-1,88,-1,93,-3,144,-2,13,7,265,1,-30,0,83,0,12,3
13:03,-1,7,57,7,72,0,-6,6,-10,5,-84,2,34,-1,66,7,90,2,92,-1,144,0,21,8,266,1,42,72,85,2,27,14
13:04,0,1,60,3,74,2,1,7,-7,3,-85,-1,37,3,66,0,93,3,90,-2,145,1,20,-1,265,-1,49,7,87,2,29,2
13:05,2,2,64,4,76,2,4,3,-6,1,-88,-3,38,1,68,2,93,0,96,6,146,1,24,4,266,1,52,3,88,1,31,3
13:06,4,2,65,1,77,1,7,3,-6,0,-87,1,42,4,69,1,94,1,99,3,148,2,31,7,269,3,49,-3,90,2,33,2
13:07,6,2,68,3,76,-1,6,-1,-5,1,-83,4,42,0,70,1,94,0,101,2,150,2,33,2,270,1,50,1,90,1,35,2
13:08,8,2,69,1,75,-1,6,0,-6,-1,-84,-1,43,1,76,6,96,2,104,3,153,3,36,3,271,1,52,2,91,1,37,2
13:09,9,1,67,-2,78,3,7,1,-5,1,-85,-1,44,1,77,1,99,3,106,2,153,0,43,7,270,-1,56,4,93,1,39,2
13:10,9,0,68,1,77,-1,6,-1,-7,-2,-81,4,42,-2,75,-2,100,1,106,0,152,-1,44,1,273,3,59,3,92,0,40,1
13:11,10,1,70,2,75,-2,6,0,-6,1,-82,-1,45,3,77,2,101,1,104,-2,150,-2,46,2,274,1,61,2,93,0,40,1
13:12,11,1,68,-2,75,0,5,-1,-5,1,-81,1,43,-2,80,3,101,0,110,6,149,-1,44,-2,277,3,62,1,93,0,41,1
13:13,12,1,70,2,76,1,6,1,-4,1,-80,1,41,-2,82,2,103,2,112,2,150,1,44,0,276,-1,64,2,93,0,43,1
13:14,13,1,71,1,74,-2,7,1,-6,-2,-78,2,43,2,82,0,105,2,113,1,150,0,44,0,278,2,64,0,94,0,43,1
13:15,13,0,71,0,74,0,7,0,-5,1,-75,3,44,1,85,3,103,-2,113,0,151,1,43,-1,280,2,64,0,94,0,44,1
13:16,14,1,73,2,77,3,7,0,-5,0,-78,-3,43,-1,84,-1,102,-1,110,-3,153,2,45,2,282,2,65,1,95,1,44,0
13:17,16,2,71,-2,77,0,7,0,-6,-1,-76,2,43,0,84,0,101,-1,108,-2,154,1,42,-3,282,0,67,2,95,0,43,0
13:18,16,0,69,-2,74,-3,6,-1,-6,0,-78,-2,41,-2,83,-1,99,-2,107,-1,153,-1,43,1,282,0,71,4,94,-1,43,0
13:19,17,1,66,-3,73,-1,4,-2,-6,0,-79,-1,42,1,82,-1,99,0,105,-2,153,0,45,2,282,0,67,-4,94,0,41,-2
13:20,12,-5,65,-1,72,-1,2,-2,-7,-1,-79,0,40,-2,80,-2,99,0,103,-2,155,2,46,1,284,2,63,-4,94,-1,40,-1
13:21,12,0,66,1,73,1,2,0,-7,0,-80,-1,40,0,81,1,100,1,103,0,157,2,45,-1,284,0,62,-1,94,1,40,0
13:22,12,0,68,2,74,1,2,0,-8,-1,-82,-2,37,-3,81,0,99,-1,102,-1,154,-3,47,2,285,1,60,-2,93,-1,40,0
13:23,10,-2,66,-2,73,-1,6,4,-6,2,-82,0,38,1,85,4,99,0,102,0,152,-2,47,0,285,0,58,-2,93,0,40,1
13:24,11,1,65,-1,74,1,9,3,-5,1,-82,0,38,0,83,-2,98,-1,101,-1,152,0,44,-3,285,0,61,3,93,0,40,0
13:25,11,0,63,-2,73,-1,10,1,-5,0,-82,0,38,0,83,0,96,-2,100,-1,153,1,42,-2,284,-1,59,-2,93,0,39,-1
13:26,13,2,65,2,71,-2,10,0,-5,0,-83,-1,38,0,83,0,96,0,99,-1,153,0,42,0,286,2,61,2,93,0,40,0
13:27,14,1,65,0,70,-1,8,-2,-5,0,-83,0,38,0,84,1,95,-1,100,1,153,0,41,-1,287,1,61,0,93,0,39,0
13:28,15,1,64,-1,70,0,8,0,-5,0,-82,1,38,0,84,0,94,-1,95,-5,154,1,40,-1,288,1,60,-1,93,0,38,-1
13:29,15,0,63,-1,68,-2,8,0,-7,-2,-84,-2,37,-1,81,-3,92,-2,93,-2,157,3,41,1,287,-1,58,-2,93,-1,37,-1
13:30,15,0,62,-1,68,0,9,1,-6,1,-86,-2,41,4,83,2,92,0,93,0,158,1,43,2,286,-1,59,1,93,1,38,0
13:32,16,1,63,1,68,0,9,0,-5,1,-86,0,42,1,82,-1,92,0,93,0,157,-1,43,0,286,0,57,-2,94,0,37,0
13:33,17,1,65,2,68,0,10,1,-5,0,-86,0,41,-1,81,-1,91,-1,95,2,157,0,42,-1,288,2,59,2,94,0,38,1
13:34,18,1,66,1,68,0,9,-1,-6,-1,-88,-2,41,0,81,0,91,0,97,2,157,0,42,0,289,1,59,0,94,0,38,0
13:35,16,-2,66,0,68,0,9,0,-7,-1,-89,-1,42,1,79,-2,91,0,95,-2,159,2,42,0,290,1,62,3,94,0,38,0
13:36,13,-3,67,1,67,-1,9,0,-4,3,-91,-2,41,-1,78,-1,92,1,93,-2,161,2,40,-2,290,0,63,1,94,0,37,-1
13:37,13,0,66,-1,69,2,9,0,-7,-3,-91,0,42,1,78,0,91,-1,90,-3,160,-1,40,0,289,-1,64,1,94,0,37,0
13:38,14,1,68,2,68,-1,8,-1,-7,0,-92,-1,43,1,78,0,90,-1,90,0,162,2,44,4,290,1,65,1,94,0,37,1
13:39,14,0,68,0,68,0,9,1,-7,0,-90,2,44,1,78,0,89,-1,90,0,161,-1,43,-1,290,0,64,-1,94,0,37,0
13:40,11,-3,70,2,69,1,9,0,-6,1,-91,-1,46,2,78,0,89,0,91,1,161,0,43,0,290,0,65,1,94,0,38,0
13:41,9,-2,70,0,68,-1,10,1,-5,1,-93,-2,46,0,77,-1,88,-1,89,-2,161,0,41,-2,291,1,66,1,94,0,37,-1
13:42,10,1,72,2,70,2,11,1,-5,0,-94,-1,48,2,75,-2,91,3,86,-3,161,0,40,-1,291,0,66,0,95,1,37,-1
13:43,10,0,72,0,70,0,10,-1,-5,0,-95,-1,47,-1,72,-3,89,-2,84,-2,162,1,40,0,291,0,68,2,95,0,36,-1
13:44,9,-1,71,-1,69,-1,9,-1,-3,2,-95,0,46,-1,71,-1,89,0,83,-1,163,1,38,-2,293,2,66,-2,95,0,35,-1
13:45,10,1,71,0,70,1,10,1,-3,0,-96,-1,46,0,71,0,90,1,81,-2,161,-2,39,1,294,1,77,11,95,0,36,1
13:46,11,1,71,0,67,-3,10,0,-4,-1,-95,1,45,-1,71,0,89,-1,83,2,161,0,39,0,293,-1,76,-1,95,-1,36,0
13:47,12,1,67,-4,67,0,11,1,-4,0,-93,2,46,1,70,-1,88,-1,84,1,161,0,37,-2,294,1,68,-8,95,0,35,-2
13:48,13,1,64,-3,66,-1,15,4,-5,-1,-96,-3,47,1,68,-2,86,-2,83,-1,160,-1,38,1,213,-81,69,1,83,-12,34,0
13:49,12,-1,66,2,66,0,16,1,-4,1,-94,2,48,1,69,1,84,-2,85,2,160,0,39,1,213,0,69,0,83,0,36,1
13:50,11,-1,69,3,66,0,17,1,-4,0,-93,1,47,-1,70,1,84,0,88,3,160,0,39,0,214,1,69,0,83,0,37,1
13:51,12,1,68,-1,66,0,17,0,-5,-1,-93,0,46,-1,66,-4,82,-2,87,-1,158,-2,37,-2,216,2,68,-1,82,0,36,-1
13:52,11,-1,71,3,66,0,16,-1,-6,-1,-89,4,44,-2,65,-1,80,-2,88,1,158,0,38,1,216,0,69,1,81,-1,37,1
13:53,10,-1,72,1,67,1,19,3,-7,-1,-88,1,42,-2,67,2,78,-2,88,0,157,-1,38,0,216,0,67,-2,80,-1,38,1
13:54,10,0,73,1,66,-1,20,1,-7,0,-89,-1,43,1,67,0,78,0,86,-2,157,0,36,-2,216,0,68,1,80,0,37,0
13:55,7,-3,72,-1,62,-4,18,-2,-2,5,-90,-1,43,0,67,0,77,-1,86,0,155,-2,33,-3,217,1,67,-1,80,-1,36,-1
13:56,8,1,71,-1,63,1,20,2,-2,0,-91,-1,43,0,68,1,78,1,88,2,156,1,31,-2,217,0,66,-1,80,1,36,0
13:57,9,1,72,1,63,0,21,1,-1,1,-92,-1,44,1,67,-1,78,0,86,-2,156,0,32,1,217,0,65,-1,81,0,36,0
13:58,10,1,72,0,62,-1,23,2,-4,-3,-96,-4,47,3,69,2,77,-1,87,1,155,-1,35,3,217,0,66,1,81,0,37,1
13:59,12,2,71,-1,61,-1,22,-1,-5,-1,-95,1,48,1,66,-3,76,-1,82,-5,155,0,36,1,216,-1,67,1,80,0,36,-1
14:00,12,0,71,0,62,1,20,-2,-3,2,-97,-2,50,2,68,2,73,-3,85,3,153,-2,36,0,216,0,68,1,80,0,36,0
14:01,9,-3,71,0,62,0,21,1,-3,0,-98,-1,48,-2,68,0,72,-1,86,1,153,0,35,-1,216,0,67,-1,80,-1,36,0
14:02,9,0,70,-1,61,-1,21,0,-2,1,-97,1,44,-4,67,-1,70,-2,85,-1,153,0,32,-3,218,2,63,-4,79,-1,34,-1
14:03,8,-1,67,-3,61,0,20,-1,-2,0,-101,-4,45,1,72,5,67,-3,84,-1,151,-2,34,2,219,1,66,3,78,-1,35,0
14:04,7,-1,66,-1,62,1,17,-3,-3,-1,-101,0,47,2,76,4,65,-2,83,-1,152,1,34,0,218,-1,67,1,78,0,35,0
14:05,8,1,65,-1,61,-1,16,-1,-1,2,-101,0,46,-1,76,0,67,2,81,-2,151,-1,33,-1,220,2,68,1,79,1,34,-1
14:06,5,-3,62,-3,60,-1,16,0,-1,0,-100,1,47,1,78,2,66,-1,81,0,151,0,32,-1,221,1,69,1,78,0,34,0
14:07,7,2,62,0,59,-1,16,0,-2,-1,-101,-1,45,-2,81,3,67,1,78,-3,152,1,30,-2,223,2,62,-7,79,0,33,-1
14:08,8,1,63,1,58,-1,15,-1,-1,1,-103,-2,44,-1,83,2,67,0,78,0,151,-1,28,-2,226,3,64,2,79,0,33,0
14:09,9,1,59,-4,56,-2,14,-1,-2,-1,-105,-2,45,1,85,2,68,1,76,-2,151,0,27,-1,228,2,62,-2,79,0,31,-1
14:10,9,0,59,0,57,1,12,-2,-5,-3,-103,2,46,1,90,5,69,1,78,2,150,-1,27,0,228,0,62,0,79,0,32,1
14:11,11,2,57,-2,56,-1,9,-3,-5,0,-101,2,47,1,87,-3,69,0,80,2,148,-2,25,-2,229,1,61,-1,79,0,31,-1
14:12,12,1,53,-4,59,3,9,0,-3,2,-101,0,48,1,85,-2,68,-1,78,-2,146,-2,25,0,230,1,63,2,80,1,30,-1
14:13,16,4,53,0,60,1,7,-2,-4,-1,-102,-1,50,2,86,1,69,1,78,0,145,-1,26,1,232,2,64,1,81,1,30,0
14:14,17,1,51,-2,61,1,6,-1,-2,2,-101,1,49,-1,86,0,68,-1,76,-2,148,3,24,-2,232,0,64,0,82,1,29,-1
14:15,18,1,51,0,62,1,10,4,-4,-2,-101,0,50,1,88,2,67,-1,83,7,148,0,22,-2,236,4,61,-3,82,1,31,1
14:16,20,2,55,4,62,0,5,-5,-5,-1,-100,1,50,0,94,6,68,1,82,-1,146,-2,27,5,237,1,62,1,83,0,32,2
14:17,21,1,57,2,62,0,6,1,-6,-1,-100,0,50,0,94,0,68,0,84,2,149,3,27,0,236,-1,62,0,83,0,33,1
14:18,23,2,59,2,62,0,5,-1,-3,3,-98,2,52,2,93,-1,67,-1,79,-5,150,1,28,1,236,0,60,-2,84,1,32,-1
14:19,22,-1,59,0,61,-1,4,-1,0,3,-93,5,53,1,93,0,66,-1,80,1,150,0,29,1,238,2,61,1,84,0,33,1
14:20,22,0,60,1,59,-2,3,-1,1,1,-94,-1,53,0,97,4,64,-2,81,1,150,0,29,0,237,-1,64,3,84,-1,34,1
14:21,22,0,60,0,59,0,1,-2,5,4,-92,2,56,3,96,-1,65,1,81,0,151,1,29,0,238,1,62,-2,85,1,34,0
14:22,24,2,60,0,59,0,-1,-2,7,2,-87,5,58,2,97,1,66,1,79,-2,151,0,29,0,238,0,59,-3,86,1,34,0
14:23,22,-2,63,3,61,2,-2,-1,10,3,-90,-3,56,-2,93,-4,66,0,77,-2,150,-1,28,-1,238,0,59,0,86,0,33,-1
14:24,21,-1,65,2,61,0,1,3,14,4,-87,3,58,2,92,-1,65,-1,76,-1,149,-1,26,-2,240,2,60,1,87,1,33,1
14:25,22,1,69,4,62,1,6,5,18,4,-77,10,59,1,92,0,64,-1,75,-1,148,-1,26,0,240,0,60,0,88,1,36,3
14:26,23,1,73,4,66,4,7,1,25,7,-68,9,62,3,92,0,67,3,74,-1,151,3,23,-3,240,0,60,0,91,3,37,1
14:27,25,2,78,5,70,4,7,0,30,5,-60,8,67,5,94,2,68,1,76,2,151,0,22,-1,248,8,61,1,94,4,40,2
14:28,26,1,80,2,73,3,15,8,36,6,-54,6,67,0,96,2,68,0,80,4,151,0,21,-1,250,2,62,1,96,2,43,3
14:29,32,6,82,2,77,4,19,4,40,4,-48,6,71,4,100,4,68,0,82,2,151,0,22,1,249,-1,63,1,98,2,46,3
14:30,39,7,92,10,81,4,30,11,43,3,-39,9,75,4,101,1,70,2,83,1,153,2,28,6,251,2,67,4,102,3,52,6
14:31,50,11,101,9,86,5,36,6,45,2,-37,2,78,3,106,5,72,2,89,6,157,4,33,5,252,1,69,2,106,4,57,5
14:32,57,7,110,9,90,4,48,12,53,8,-37,0,76,-2,107,1,75,3,89,0,161,4,34,1,258,6,69,0,110,4,60,3
14:33,61,4,116,6,99,9,56,8,61,8,-28,9,81,5,106,-1,86,11,98,9,166,5,36,2,260,2,74,5,116,6,65,5
14:34,64,3,131,15,100,1,65,9,70,9,-19,9,84,3,113,7,94,8,103,5,166,0,40,4,264,4,78,4,120,4,73,8
14:35,69,5,140,9,102,2,69,4,70,0,-17,2,89,5,121,8,96,2,106,3,173,7,45,5,268,4,79,1,124,4,78,5
14:36,76,7,147,7,107,5,74,5,73,3,-16,1,96,7,122,1,102,6,119,13,176,3,53,8,274,6,84,5,129,5,83,6
14:37,80,4,151,4,110,3,78,4,71,-2,-11,5,100,4,127,5,109,7,125,6,182,6,66,13,278,4,96,12,133,4,90,7
14:38,84,4,155,4,116,6,81,3,72,1,-10,1,106,6,132,5,114,5,129,4,191,9,72,6,284,6,105,9,138,5,95,5
14:39,87,3,156,1,119,3,86,5,74,2,-8,2,110,4,145,13,120,6,137,8,195,4,77,5,293,9,109,4,143,4,100,5
14:40,88,1,159,3,125,6,87,1,74,0,-4,4,112,2,153,8,128,8,145,8,198,3,88,11,298,5,115,6,146,4,106,6
14:41,91,3,159,0,128,3,89,2,75,1,-5,-1,121,9,165,12,129,1,154,9,202,4,90,2,301,3,126,11,150,3,111,5
14:42,91,0,164,5,131,3,88,-1,76,1,-2,3,129,8,175,10,135,6,163,9,207,5,98,8,305,4,133,7,153,4,117,6
14:43,92,1,166,2,137,6,89,1,82,6,0,2,132,3,180,5,137,2,169,6,209,2,100,2,307,2,138,5,157,3,120,3
14:44,92,0,165,-1,139,2,87,-2,83,1,2,2,137,5,186,6,137,0,173,4,208,-1,104,4,309,2,139,1,158,1,122,2
14:45,95,3,167,2,139,0,86,-1,83,0,3,1,142,5,189,3,137,0,175,2,215,7,105,1,313,4,142,3,161,3,124,2
14:46,94,-1,170,3,141,2,86,0,82,-1,5,2,145,3,193,4,138,1,176,1,217,2,105,0,318,5,147,5,162,2,126,2
14:47,96,2,172,2,143,2,87,1,84,2,9,4,145,0,196,3,143,5,179,3,221,4,108,3,321,3,147,0,165,3,128,2
14:48,98,2,170,-2,142,-1,88,1,85,1,6,-3,147,2,197,1,143,0,183,4,223,2,106,-2,324,3,146,-1,166,1,128,0
14:49,99,1,170,0,144,2,89,1,84,-1,7,1,151,4,198,1,142,-1,186,3,227,4,112,6,326,2,146,0,168,2,130,2
14:50,100,1,167,-3,144,0,89,0,84,0,8,1,156,5,199,1,142,0,188,2,230,3,114,2,325,-1,148,2,169,1,130,1
14:51,106,6,170,3,144,0,89,0,85,1,9,1,158,2,201,2,143,1,188,0,231,1,118,4,324,-1,149,1,170,1,132,2
14:52,106,0,170,0,146,2,90,1,84,-1,10,1,162,4,200,-1,143,0,188,0,233,2,120,2,326,2,151,2,171,1,133,1
14:53,106,0,171,1,146,0,92,2,89,5,13,3,165,3,203,3,147,4,191,3,234,1,121,1,329,3,154,3,174,2,135,2
14:54,107,1,172,1,147,1,93,1,90,1,14,1,166,1,206,3,150,3,191,0,235,1,125,4,329,0,155,1,175,1,137,2
14:55,110,3,169,-3,147,0,94,1,91,1,16,2,168,2,210,4,151,1,191,0,235,0,127,2,330,1,158,3,176,1,138,1
14:56,109,-1,170,1,149,2,95,1,93,2,19,3,170,2,212,2,150,-1,190,-1,236,1,130,3,331,1,159,1,177,1,139,1
14:57,109,0,176,6,149,0,98,3,96,3,19,0,172,2,213,1,150,0,191,1,238,2,131,1,330,-1,161,2,178,1,141,2
14:58,110,1,177,1,150,1,99,1,96,0,20,1,173,1,213,0,151,1,191,0,238,0,131,0,333,3,161,0,179,1,142,0
14:59,115,5,179,2,154,4,98,-1,96,0,22,2,176,3,214,1,151,0,190,-1,238,0,129,-2,335,2,161,0,181,2,142,0
15:00,117,2,182,3,154,0,96,-2,97,1,21,-1,176,0,219,5,150,-1,189,-1,239,1,132,3,339,4,161,0,182,1,143,1
15:01,117,0,182,0,154,0,98,2,98,1,20,-1,177,1,221,2,152,2,189,0,239,0,134,2,339,0,163,2,182,1,144,1
15:02,118,1,181,-1,153,-1,98,0,97,-1,24,4,179,2,222,1,153,1,189,0,238,-1,135,1,340,1,164,1,183,0,145,1
15:03,117,-1,186,5,154,1,101,3,98,1,25,1,180,1,222,0,154,1,191,2,240,2,138,3,339,-1,163,-1,183,1,147,2
15:04,119,2,186,0,155,1,105,4,99,1,27,2,181,1,224,2,157,3,191,0,241,1,140,2,340,1,165,2,185,1,148,2
15:05,119,0,187,1,158,3,106,1,98,-1,29,2,181,0,225,1,158,1,195,4,243,2,141,1,341,1,167,2,185,1,150,2
15:06,121,2,190,3,158,0,108,2,98,0,29,0,182,1,225,0,160,2,195,0,244,1,141,0,342,1,166,-1,186,1,151,1
15:07,122,1,188,-2,159,1,110,2,100,2,31,2,184,2,229,4,162,2,195,0,244,0,146,5,341,-1,167,1,187,1,152,2
15:08,124,2,191,3,159,0,111,1,99,-1,32,1,183,-1,230,1,163,1,198,3,247,3,148,2,343,2,165,-2,188,1,154,1
15:09,126,2,191,0,161,2,110,-1,100,1,34,2,182,-1,231,1,164,1,202,4,249,2,147,-1,344,1,168,3,189,1,155,1
15:10,127,1,189,-2,160,-1,114,4,102,2,36,2,182,0,234,3,165,1,205,3,250,1,147,0,344,0,166,-2,190,1,156,1
15:11,132,5,189,0,162,2,115,1,104,2,37,1,184,2,233,-1,165,0,206,1,248,-2,150,3,345,1,165,-1,191,1,156,1
15:12,133,1,191,2,163,1,115,0,105,1,36,-1,187,3,236,3,164,-1,206,0,247,-1,152,2,348,3,163,-2,192,1,157,1
15:13,133,0,191,0,164,1,116,1,108,3,37,1,186,-1,235,-1,163,-1,207,1,248,1,152,0,347,-1,165,2,193,0,158,1
15:14,134,1,190,-1,163,-1,118,2,111,3,38,1,184,-2,236,1,163,0,208,1,247,-1,157,5,348,1,167,2,193,0,159,2
15:15,135,1,190,0,163,0,115,-3,112,1,38,0,184,0,235,-1,166,3,209,1,248,1,154,-3,348,0,167,0,194,1,158,-1
15:16,136,1,190,0,165,2,119,4,113,1,40,2,186,2,235,0,167,1,210,1,248,0,156,2,349,1,168,1,195,1,160,1
15:17,135,-1,191,1,166,1,118,-1,112,-1,39,-1,187,1,236,1,168,1,212,2,251,3,156,0,350,1,169,1,196,1,160,0
15:18,134,-1,194,3,167,1,117,-1,112,0,39,0,188,1,237,1,168,0,214,2,252,1,156,0,351,1,176,7,196,0,162,2
15:19,138,4,194,0,166,-1,119,2,113,1,42,3,189,1,237,0,169,1,214,0,255,3,160,4,352,1,177,1,197,1,163,1
15:20,139,1,197,3,165,-1,122,3,114,1,44,2,188,-1,238,1,169,0,215,1,262,7,164,4,354,2,178,1,199,1,165,2
15:21,140,1,196,-1,166,1,119,-3,114,0,42,-2,187,-1,244,6,172,3,217,2,262,0,165,1,356,2,179,1,200,1,166,1
15:22,142,2,197,1,166,0,118,-1,113,-1,44,2,188,1,249,5,173,1,218,1,263,1,167,2,358,2,183,4,200,1,168,2
15:23,142,0,200,3,168,2,120,2,113,0,46,2,189,1,253,4,172,-1,217,-1,263,0,169,2,359,1,182,-1,201,0,170,2
15:24,143,1,199,-1,168,0,122,2,115,2,47,1,188,-1,255,2,170,-2,217,0,266,3,166,-3,360,1,183,1,201,1,170,0
15:25,143,0,202,3,168,0,122,0,118,3,49,2,189,1,259,4,170,0,219,2,267,1,165,-1,362,2,185,2,202,1,172,2
15:26,145,2,202,0,167,-1,123,1,118,0,48,-1,191,2,259,0,171,1,220,1,267,0,167,2,363,1,186,1,203,1,172,1
15:27,145,0,203,1,169,2,122,-1,120,2,50,2,191,0,258,-1,173,2,220,0,268,1,165,-2,362,-1,187,1,204,1,172,0
15:28,145,0,206,3,172,3,119,-3,121,1,49,-1,191,0,258,0,176,3,225,5,268,0,168,3,364,2,187,0,205,1,173,1
15:29,145,0,208,2,172,0,121,2,119,-2,50,1,193,2,260,2,174,-2,230,5,268,0,169,1,368,4,187,0,206,0,175,2
15:30,142,-3,208,0,172,0,120,-1,122,3,53,3,192,-1,261,1,176,2,231,1,270,2,170,1,369,1,189,2,206,1,176,1
15:31,141,-1,209,1,171,-1,125,5,124,2,53,0,194,2,264,3,178,2,232,1,271,1,169,-1,368,-1,191,2,207,1,178,2
15:32,141,0,209,0,174,3,125,0,124,0,53,0,197,3,264,0,178,0,234,2,271,0,169,0,371,3,191,0,208,1,178,0
15:33,145,4,206,-3,172,-2,126,1,125,1,50,-3,199,2,263,-1,181,3,235,1,272,1,171,2,372,1,194,3,209,1,178,0
15:34,146,1,205,-1,171,-1,128,2,128,3,51,1,201,2,265,2,180,-1,235,0,273,1,172,1,373,1,194,0,210,1,179,1
15:35,148,2,208,3,167,-4,130,2,126,-2,50,-1,204,3,265,0,177,-3,237,2,274,1,173,1,376,3,198,4,210,0,180,2
15:36,151,3,210,2,167,0,129,-1,125,-1,49,-1,208,4,270,5,179,2,240,3,274,0,175,2,377,1,195,-3,212,1,181,1
15:37,153,2,212,2,167,0,133,4,126,1,49,0,208,0,272,2,183,4,241,1,273,-1,178,3,377,0,196,1,212,1,183,2
15:38,153,0,216,4,166,-1,135,2,125,-1,53,4,211,3,271,-1,183,0,246,5,273,0,180,2,378,1,197,1,213,0,185,2
15:39,150,-3,214,-2,163,-3,136,1,125,0,53,0,212,1,277,6,183,0,246,0,276,3,182,2,379,1,197,0,213,0,186,1
15:40,151,1,217,3,164,1,134,-2,127,2,52,-1,215,3,279,2,184,1,250,4,276,0,184,2,382,3,195,-2,214,2,187,1
15:41,151,0,220,3,162,-2,136,2,124,-3,50,-2,219,4,282,3,188,4,252,2,276,0,189,5,383,1,200,5,215,1,190,3
15:42,151,0,220,0,161,-1,131,-5,124,0,55,5,222,3,285,3,189,1,253,1,280,4,189,0,389,6,202,2,217,2,191,1
15:43,150,-1,221,1,163,2,133,2,126,2,57,2,223,1,282,-3,190,1,253,0,281,1,190,1,390,1,199,-3,218,1,191,0
15:44,150,0,223,2,164,1,135,2,130,4,60,3,225,2,287,5,188,-2,253,0,278,-3,190,0,392,2,198,-1,218,1,192,2
15:45,151,1,222,-1,164,0,135,0,131,1,64,4,226,1,291,4,189,1,251,-2,280,2,190,0,393,1,198,0,219,1,193,1
15:46,152,1,225,3,166,2,135,0,131,0,67,3,228,2,293,2,190,1,251,0,281,1,192,2,395,2,196,-2,220,1,194,1
15:47,154,2,228,3,163,-3,134,-1,132,1,71,4,230,2,298,5,190,0,252,1,284,3,194,2,400,5,200,4,222,1,197,3
15:48,156,2,230,2,167,4,134,0,132,0,74,3,232,2,299,1,187,-3,250,-2,285,1,193,-1,402,2,199,-1,223,1,197,0
15:49,159,3,232,2,170,3,136,2,134,2,72,-2,234,2,305,6,186,-1,253,3,286,1,195,2,403,1,203,4,225,2,199,2
15:50,162,3,237,5,172,2,139,3,135,1,72,0,235,1,308,3,190,4,256,3,287,1,198,3,407,4,200,-3,227,2,201,2
15:51,163,1,238,1,173,1,139,0,138,3,75,3,236,1,306,-2,190,0,260,4,288,1,202,4,407,0,207,7,228,1,204,2
15:52,162,-1,245,7,171,-2,144,5,139,1,78,3,235,-1,312,6,191,1,260,0,287,-1,202,0,409,2,214,7,228,0,208,4
15:53,163,1,250,5,176,5,148,4,139,0,82,4,236,1,321,9,191,0,263,3,288,1,203,1,412,3,213,-1,229,2,211,4
15:54,166,3,259,9,181,5,150,2,138,-1,87,5,240,4,324,3,193,2,266,3,287,-1,204,1,417,5,218,5,232,2,215,4
15:55,169,3,263,4,183,2,158,8,144,6,97,10,244,4,330,6,193,0,270,4,290,3,207,3,418,1,219,1,234,3,221,5
15:56,172,3,270,7,188,5,166,8,154,10,105,8,244,0,334,4,198,5,272,2,292,2,212,5,422,4,222,3,239,4,226,5
15:57,174,2,278,8,190,2,175,9,157,3,112,7,248,4,334,0,201,3,274,2,296,4,217,5,426,4,222,0,242,3,230,4
15:58,182,8,283,5,202,12,188,13,163,6,125,13,251,3,339,5,203,2,273,-1,298,2,224,7,428,2,228,6,247,5,237,7
15:59,184,2,292,9,212,10,193,5,172,9,140,15,254,3,343,4,207,4,280,7,302,4,225,1,430,2,234,6,252,5,244,7
16:00,196,12,302,10,221,9,198,5,170,-2,149,9,257,3,350,7,210,3,290,10,310,8,228,3,435,5,239,5,257,5,251,7
16:01,209,13,309,7,232,11,205,7,172,2,151,2,257,0,357,7,218,8,297,7,309,-1,231,3,438,3,249,10,262,5,257,6
16:02,222,13,317,8,238,6,212,7,180,8,150,-1,261,4,366,9,223,5,305,8,309,0,236,5,441,3,253,4,268,6,263,6
16:03,228,6,324,7,248,10,223,11,187,7,157,7,262,1,370,4,229,6,317,12,312,3,243,7,441,0,268,15,272,5,272,9
16:04,238,10,331,7,256,8,227,4,191,4,165,8,270,8,380,10,231,2,323,6,314,2,251,8,449,8,272,4,278,6,278,7
16:05,244,6,335,4,258,2,234,7,192,1,171,6,282,12,394,14,239,8,333,10,323,9,258,7,456,7,276,4,285,6,286,7
16:06,250,6,344,9,262,4,237,3,196,4,180,9,286,4,398,4,246,7,345,12,324,1,260,2,460,4,282,6,289,4,292,6
16:07,252,2,346,2,266,4,241,4,198,2,182,2,290,4,409,11,258,12,357,12,327,3,264,4,462,2,292,10,293,4,299,6
16:08,259,7,351,5,266,0,249,8,200,2,185,3,300,10,418,9,266,8,364,7,333,6,271,7,467,5,303,11,299,5,306,7
16:09,263,4,350,-1,267,1,252,3,200,0,188,3,303,3,422,4,275,9,364,0,339,6,280,9,470,3,303,0,302,4,308,3
16:10,265,2,353,3,269,2,257,5,201,1,190,2,308,5,434,12,277,2,367,3,345,6,287,7,476,6,304,1,306,3,313,5
16:11,267,2,356,3,272,3,259,2,205,4,189,-1,309,1,441,7,280,3,374,7,346,1,291,4,480,4,307,3,308,3,317,4
16:12,268,1,358,2,274,2,263,4,206,1,190,1,314,5,445,4,282,2,376,2,347,1,298,7,486,6,311,4,311,3,320,3
16:13,272,4,359,1,276,2,267,4,209,3,194,4,321,7,446,1,284,2,379,3,353,6,301,3,488,2,323,12,315,4,324,4
16:14,275,3,362,3,278,2,272,5,211,2,196,2,322,1,452,6,288,4,381,2,356,3,307,6,491,3,328,5,317,3,328,4
16:15,274,-1,366,4,279,1,273,1,210,-1,199,3,323,1,455,3,291,3,386,5,357,1,310,3,497,6,330,2,319,1,331,3
16:16,275,1,368,2,279,0,278,5,215,5,199,0,324,1,458,3,293,2,393,7,357,0,314,4,500,3,335,5,320,2,335,4
16:17,279,4,370,2,280,1,279,1,215,0,199,0,326,2,464,6,295,2,398,5,358,1,320,6,501,1,339,4,322,2,338,3
16:18,282,3,371,1,282,2,281,2,217,2,200,1,328,2,460,-4,294,-1,403,5,360,2,322,2,501,0,339,0,323,1,339,1
16:19,283,1,373,2,286,4,281,0,218,1,200,0,329,1,462,2,297,3,413,10,362,2,325,3,503,2,342,3,325,2,342,3
16:20,284,1,373,0,288,2,282,1,218,0,200,0,333,4,468,6,296,-1,417,4,364,2,325,0,505,2,346,4,327,1,344,2
16:21,283,-1,377,4,289,1,287,5,221,3,203,3,334,1,469,1,299,3,423,6,367,3,327,2,506,1,349,3,328,2,348,3
16:22,288,5,381,4,292,3,287,0,222,1,205,2,335,1,473,4,298,-1,428,5,370,3,328,1,508,2,350,1,330,2,350,2
16:23,289,1,381,0,295,3,288,1,223,1,205,0,335,0,477,4,298,0,430,2,371,1,329,1,510,2,353,3,332,1,352,2
16:24,288,-1,383,2,295,0,294,6,224,1,207,2,335,0,479,2,301,3,432,2,374,3,333,4,514,4,354,1,333,1,355,3
16:25,289,1,381,-2,294,-1,298,4,225,1,207,0,335,0,478,-1,302,1,434,2,377,3,333,0,514,0,355,1,334,1,355,1
16:26,291,2,384,3,296,2,299,1,226,1,211,4,337,2,484,6,305,3,435,1,377,0,333,0,515,1,359,4,335,2,358,3
16:27,291,0,383,-1,295,-1,302,3,225,-1,209,-2,338,1,486,2,307,2,434,-1,376,-1,337,4,518,3,362,3,336,0,359,1
16:28,290,-1,385,2,295,0,306,4,224,-1,208,-1,339,1,490,4,309,2,438,4,375,-1,336,-1,519,1,368,6,336,0,362,3
16:29,291,1,388,3,296,1,307,1,226,2,208,0,341,2,492,2,310,1,440,2,376,1,340,4,524,5,369,1,338,2,363,2
16:30,296,5,390,2,297,1,308,1,227,1,211,3,342,1,497,5,312,2,443,3,377,1,338,-2,526,2,371,2,340,2,365,2
16:31,297,1,396,6,297,0,310,2,229,2,210,-1,343,1,497,0,313,1,447,4,378,1,338,0,532,6,372,1,341,2,367,2
16:32,299,2,400,4,298,1,312,2,228,-1,212,2,344,1,499,2,314,1,448,1,380,2,339,1,534,2,377,5,342,1,370,2
16:33,299,0,401,1,300,2,318,6,228,0,220,8,344,0,500,1,313,-1,450,2,382,2,338,-1,537,3,380,3,343,1,372,3
16:34,299,0,404,3,301,1,320,2,228,0,219,-1,345,1,505,5,313,0,450,0,384,2,339,1,544,7,381,1,345,2,374,2
16:35,298,-1,409,5,302,1,327,7,227,-1,226,7,345,0,508,3,313,0,449,-1,386,2,340,1,548,4,382,1,346,1,377,3
16:36,297,-1,412,3,303,1,334,7,229,2,230,4,346,1,509,1,313,0,447,-2,388,2,339,-1,550,2,386,4,347,1,380,2
16:37,298,1,411,-1,305,2,337,3,227,-2,234,4,346,0,508,-1,310,-3,451,4,392,4,342,3,552,2,387,1,347,1,381,2
16:38,302,4,414,3,307,2,340,3,231,4,240,6,345,-1,507,-1,310,0,448,-3,395,3,339,-3,555,3,391,4,349,2,383,1
16:39,309,7,421,7,309,2,345,5,232,1,245,5,348,3,507,0,313,3,454,6,395,0,344,5,557,2,395,4,352,3,387,5
16:40,310,1,427,6,311,2,353,8,232,0,253,8,352,4,515,8,315,2,458,4,395,0,348,4,561,4,397,2,354,2,393,6
16:41,312,2,433,6,313,2,362,9,234,2,256,3,350,-2,520,5,315,0,464,6,399,4,350,2,563,2,400,3,355,1,398,5
16:42,318,6,437,4,315,2,370,8,241,7,260,4,350,0,524,4,316,1,467,3,398,-1,353,3,568,5,404,4,358,3,402,4
16:43,321,3,441,4,318,3,377,7,242,1,262,2,352,2,529,5,317,1,470,3,404,6,359,6,570,2,408,4,361,3,407,4
16:44,325,4,446,5,321,3,383,6,244,2,266,4,353,1,537,8,320,3,476,6,404,0,366,7,571,1,411,3,363,2,412,6
16:45,327,2,449,3,324,3,392,9,247,3,272,6,355,2,537,0,323,3,486,10,406,2,376,10,575,4,412,1,365,3,418,6
16:46,329,2,451,2,332,8,397,5,250,3,274,2,359,4,541,4,327,4,493,7,410,4,381,5,575,0,427,15,369,4,423,6
16:48,334,5,453,2,332,0,407,10,252,2,273,-1,362,3,539,-2,329,2,500,7,415,5,388,7,580,5,429,2,372,3,427,4
16:49,335,1,461,8,332,0,409,2,254,2,273,0,363,1,543,4,332,3,502,2,416,1,390,2,584,4,437,8,374,2,431,4
16:50,340,5,466,5,337,5,413,4,255,1,273,0,365,2,549,6,338,6,504,2,418,2,391,1,586,2,437,0,377,3,433,3
16:51,346,6,470,4,338,1,417,4,259,4,272,-1,368,3,554,5,340,2,513,9,417,-1,396,5,589,3,442,5,380,3,438,4
16:52,345,-1,471,1,340,2,421,4,259,0,274,2,370,2,554,0,348,8,519,6,418,1,398,2,595,6,448,6,382,3,441,3
16:53,348,3,474,3,342,2,421,0,261,2,275,1,372,2,556,2,350,2,523,4,421,3,402,4,598,3,457,9,385,2,444,3
16:54,349,1,473,-1,345,3,429,8,261,0,279,4,373,1,559,3,350,0,532,9,421,0,407,5,600,2,466,9,386,1,449,5
16:55,352,3,473,0,346,1,429,0,262,1,278,-1,375,2,560,1,353,3,537,5,424,3,415,8,603,3,470,4,388,2,452,2
16:56,353,1,472,-1,348,2,433,4,262,0,285,7,376,1,563,3,355,2,536,-1,423,-1,414,-1,605,2,473,3,389,1,454,2
16:57,357,4,475,3,350,2,435,2,261,-1,284,-1,376,0,567,4,359,4,539,3,423,0,415,1,606,1,482,9,390,1,457,3
16:58,358,1,474,-1,352,2,434,-1,263,2,289,5,376,0,567,0,361,2,539,0,424,1,419,4,607,1,485,3,392,1,458,1
16:59,358,0,474,0,354,2,436,2,265,2,287,-2,376,0,569,2,363,2,546,7,424,0,424,5,611,4,490,5,393,1,461,3
17:00,358,0,479,5,356,2,443,7,266,1,288,1,374,-2,574,5,364,1,549,3,425,1,425,1,612,1,494,4,394,1,465,4
17:01,360,2,483,4,355,-1,445,2,268,2,288,0,377,3,572,-2,366,2,555,6,425,0,426,1,614,2,498,4,395,1,467,2
17:02,362,2,482,-1,358,3,448,3,267,-1,291,3,379,2,574,2,366,0,557,2,423,-2,426,0,617,3,501,3,396,1,468,2
17:03,363,1,483,1,359,1,452,4,266,-1,291,0,379,0,573,-1,367,1,558,1,423,0,427,1,621,4,506,5,397,1,470,2
17:04,364,1,482,-1,365,6,455,3,267,1,292,1,378,-1,578,5,370,3,560,2,425,2,427,0,624,3,508,2,399,2,472,2
17:05,367,3,483,1,368,3,457,2,265,-2,293,1,379,1,579,1,369,-1,566,6,426,1,427,0,626,2,507,-1,400,1,473,1
17:06,367,0,486,3,372,4,463,6,265,0,297,4,380,1,582,3,370,1,571,5,431,5,429,2,632,6,511,4,402,2,477,4
17:07,370,3,493,7,376,4,467,4,264,-1,302,5,381,1,583,1,373,3,571,0,431,0,425,-4,635,3,511,0,404,2,479,2
17:08,371,1,496,3,385,9,470,3,267,3,306,4,381,0,581,-2,372,-1,573,2,430,-1,424,-1,636,1,509,-2,406,2,480,1
17:09,372,1,498,2,390,5,473,3,268,1,307,1,382,1,585,4,375,3,576,3,429,-1,422,-2,641,5,508,-1,408,2,481,1
17:10,372,0,501,3,397,7,477,4,276,8,308,1,385,3,586,1,377,2,575,-1,429,0,421,-1,643,2,514,6,411,3,483,2
17:11,377,5,504,3,399,2,479,2,276,0,308,0,386,1,586,0,381,4,575,0,431,2,425,4,643,0,516,2,413,2,485,2
17:12,376,-1,505,1,400,1,481,2,279,3,313,5,384,-2,589,3,380,-1,582,7,432,1,425,0,645,2,517,1,414,0,487,3
17:13,377,1,501,-4,397,-3,488,7,277,-2,316,3,384,0,587,-2,382,2,586,4,432,0,426,1,647,2,519,2,414,0,489,2
17:14,382,5,502,1,398,1,497,9,281,4,321,5,385,1,593,6,385,3,587,1,433,1,428,2,649,2,526,7,416,2,493,4
17:15,381,-1,501,-1,402,4,501,4,287,6,324,3,386,1,591,-2,387,2,588,1,433,0,429,1,650,1,528,2,418,2,495,1
17:16,382,1,501,0,409,7,506,5,288,1,326,2,391,5,591,0,388,1,589,1,435,2,431,2,654,4,532,4,421,3,497,2
17:17,382,0,500,-1,409,0,512,6,290,2,329,3,393,2,595,4,385,-3,592,3,436,1,436,5,656,2,535,3,422,1,500,3
17:18,382,0,503,3,407,-2,520,8,289,-1,330,1,393,0,599,4,387,2,594,2,435,-1,440,4,662,6,538,3,422,1,503,4
17:19,380,-2,507,4,410,3,522,2,287,-2,331,1,396,3,603,4,387,0,593,-1,438,3,441,1,665,3,543,5,423,1,506,2
17:20,378,-2,503,-4,412,2,528,6,290,3,335,4,395,-1,602,-1,388,1,600,7,437,-1,445,4,670,5,545,2,424,1,508,3
17:21,379,1,501,-2,416,4,527,-1,289,-1,337,2,395,0,600,-2,389,1,599,-1,438,1,444,-1,674,4,548,3,426,1,508,0
17:22,381,2,502,1,417,1,528,1,289,0,339,2,400,5,598,-2,389,0,596,-3,441,3,448,4,676,2,548,0,428,2,508,0
17:23,382,1,504,2,419,2,525,-3,289,0,340,1,399,-1,599,1,392,3,597,1,442,1,452,4,676,0,549,1,428,1,509,1
17:24,385,3,505,1,422,3,529,4,290,1,340,0,401,2,604,5,396,4,595,-2,439,-3,457,5,678,2,547,-2,430,2,511,2
17:25,389,4,503,-2,428,6,528,-1,289,-1,343,3,401,0,604,0,396,0,597,2,440,1,461,4,681,3,548,1,432,2,512,1
17:26,387,-2,505,2,426,-2,528,0,290,1,344,1,403,2,605,1,401,5,600,3,436,-4,463,2,681,0,549,1,432,0,513,1
17:27,388,1,506,1,431,5,534,6,294,4,343,-1,404,1,602,-3,405,4,601,1,437,1,462,-1,683,2,548,-1,435,3,514,0
17:28,385,-3,506,0,431,0,536,2,297,3,344,1,404,0,604,2,405,0,602,1,438,1,465,3,688,5,547,-1,435,1,515,1
17:29,386,1,503,-3,434,3,533,-3,296,-1,346,2,406,2,605,1,406,1,607,5,439,1,467,2,691,3,547,0,437,1,515,1
17:30,385,-1,502,-1,439,5,538,5,299,3,347,1,406,0,610,5,406,0,610,3,441,2,471,4,693,2,548,1,438,2,518,3
17:31,386,1,506,4,445,6,540,2,304,5,348,1,404,-2,609,-1,407,1,608,-2,441,0,473,2,693,0,552,4,440,2,519,1
17:32,384,-2,502,-4,446,1,544,4,305,1,343,-5,403,-1,614,5,406,-1,604,-4,440,-1,478,5,693,0,556,4,440,0,520,1
17:33,388,4,501,-1,449,3,543,-1,305,0,344,1,406,3,617,3,409,3,605,1,440,0,478,0,695,2,555,-1,442,2,520,0
17:34,389,1,503,2,451,2,544,1,306,1,345,1,406,0,616,-1,408,-1,607,2,444,4,480,2,696,1,552,-3,443,1,521,1
17:35,391,2,504,1,451,0,547,3,310,4,346,1,406,0,616,0,410,2,611,4,446,2,481,1,698,2,558,6,445,2,523,2
17:36,393,2,503,-1,453,2,551,4,313,3,351,5,409,3,621,5,414,4,610,-1,448,2,483,2,699,1,555,-3,447,2,525,2
17:37,394,1,501,-2,455,2,553,2,315,2,353,2,411,2,623,2,413,-1,606,-4,447,-1,486,3,700,1,557,2,448,1,526,1
17:38,393,-1,502,1,458,3,549,-4,317,2,354,1,413,2,624,1,415,2,606,0,450,3,487,1,704,4,561,4,450,2,526,1
17:39,391,-2,498,-4,458,0,547,-2,321,4,364,10,412,-1,619,-5,414,-1,604,-2,451,1,483,-4,709,5,560,-1,451,1,525,-1
17:40,392,1,499,1,460,2,545,-2,319,-2,365,1,412,0,614,-5,412,-2,604,0,451,0,480,-3,711,2,566,6,451,0,525,0
17:41,393,1,497,-2,460,0,540,-5,320,1,362,-3,416,4,617,3,413,1,605,1,453,2,480,0,711,0,569,3,452,1,524,0
17:42,392,-1,497,0,460,0,539,-1,322,2,362,0,418,2,616,-1,410,-3,604,-1,455,2,479,-1,714,3,566,-3,453,1,523,-1
17:43,391,-1,495,-2,461,1,540,1,325,3,359,-3,421,3,619,3,410,0,604,0,456,1,482,3,715,1,563,-3,454,1,523,0
17:44,389,-2,491,-4,462,1,541,1,328,3,360,1,420,-1,620,1,411,1,602,-2,457,1,482,0,715,0,570,7,455,0,524,1
17:45,388,-1,490,-1,462,0,542,1,333,5,364,4,415,-5,617,-3,410,-1,601,-1,458,1,483,1,718,3,572,2,455,0,524,0
17:46,389,1,490,0,460,-2,545,3,335,2,362,-2,412,-3,609,-8,412,2,599,-2,460,2,479,-4,721,3,568,-4,456,1,522,-2
17:47,388,-1,492,2,460,0,540,-5,336,1,361,-1,413,1,603,-6,412,0,596,-3,467,7,479,0,722,1,570,2,457,1,520,-2
17:48,387,-1,497,5,460,0,542,2,339,3,365,4,415,2,604,1,413,1,594,-2,467,0,483,4,726,4,569,-1,458,1,522,2
17:49,386,-1,498,1,461,1,538,-4,338,-1,368,3,415,0,601,-3,413,0,593,-1,470,3,487,4,727,1,572,3,459,0,522,0
17:50,388,2,498,0,464,3,534,-4,341,3,375,7,417,2,603,2,414,1,586,-7,468,-2,483,-4,727,0,574,2,460,1,522,-1
17:51,388,0,497,-1,460,-4,532,-2,342,1,381,6,415,-2,601,-2,415,1,582,-4,470,2,482,-1,727,0,576,2,460,0,522,0
17:52,388,0,498,1,459,-1,533,1,346,4,379,-2,416,1,599,-2,414,-1,581,-1,469,-1,483,1,729,2,571,-5,460,1,521,-1
17:53,389,1,496,-2,459,0,531,-2,348,2,379,0,418,2,598,-1,413,-1,583,2,469,0,480,-3,731,2,571,0,461,1,520,-1
17:54,393,4,500,4,459,0,528,-3,349,1,382,3,420,2,599,1,412,-1,580,-3,468,-1,480,0,731,0,567,-4,462,1,519,0
17:55,396,3,502,2,459,0,525,-3,351,2,383,1,419,-1,600,1,413,1,578,-2,468,0,477,-3,731,0,568,1,462,1,519,0
17:56,401,5,502,0,456,-3,525,0,354,3,386,3,418,-1,603,3,412,-1,576,-2,465,-3,479,2,733,2,570,2,463,0,520,1
17:57,403,2,506,4,456,0,524,-1,354,0,390,4,417,-1,599,-4,414,2,573,-3,468,3,478,-1,734,1,570,0,464,1,520,0
17:58,407,4,509,3,455,-1,524,0,360,6,395,5,417,0,600,1,415,1,571,-2,467,-1,479,1,734,0,566,-4,465,1,521,1
17:59,411,4,511,2,454,-1,524,0,367,7,398,3,414,-3,599,-1,417,2,573,2,470,3,480,1,735,1,564,-2,467,2,521,1
18:00,420,9,519,8,455,1,526,2,367,0,407,9,417,3,600,1,419,2,574,1,471,1,481,1,738,3,563,-1,470,3,524,3
18:01,425,5,521,2,453,-2,526,0,367,0,411,4,418,1,594,-6,418,-1,573,-1,468,-3,483,2,738,0,562,-1,470,0,524,0
18:02,425,0,530,9,456,3,526,0,373,6,414,3,418,0,598,4,418,0,573,0,469,1,485,2,742,4,562,0,472,2,527,3
18:03,426,1,534,4,457,1,526,0,376,3,417,3,419,1,596,-2,419,1,573,0,470,1,484,-1,740,-2,561,-1,472,1,527,0
18:04,435,9,539,5,457,0,531,5,380,4,421,4,419,0,598,2,414,-5,573,0,471,1,488,4,740,0,564,3,474,1,531,3
18:05,444,9,545,6,457,0,531,0,384,4,421,0,421,2,604,6,415,1,568,-5,478,7,495,7,741,1,563,-1,477,3,532,2
18:06,452,8,552,7,459,2,536,5,384,0,427,6,422,1,611,7,415,0,568,0,481,3,499,4,740,-1,565,2,479,2,537,4
18:07,457,5,549,-3,458,-1,542,6,386,2,432,5,425,3,609,-2,414,-1,566,-2,484,3,503,4,742,2,567,2,481,2,538,1
18:08,459,2,551,2,457,-1,543,1,388,2,434,2,426,1,615,6,415,1,561,-5,491,7,508,5,744,2,567,0,483,2,540,2
18:09,462,3,556,5,458,1,546,3,389,1,439,5,425,-1,619,4,417,2,559,-2,498,7,512,4,745,1,563,-4,485,2,542,2
18:10,464,2,557,1,459,1,547,1,390,1,438,-1,427,2,618,-1,415,-2,562,3,499,1,516,4,746,1,566,3,486,1,543,1
18:11,464,0,557,0,458,-1,549,2,394,4,439,1,426,-1,621,3,417,2,561,-1,500,1,520,4,748,2,565,-1,487,1,545,1
18:12,467,3,558,1,458,0,549,0,394,0,447,8,426,0,621,0,419,2,559,-2,505,5,521,1,750,2,566,1,488,2,546,1
18:13,470,3,564,6,458,0,550,1,395,1,446,-1,425,-1,622,1,421,2,562,3,510,5,523,2,752,2,568,2,490,2,548,2
18:14,475,5,566,2,460,2,554,4,397,2,451,5,427,2,624,2,423,2,559,-3,513,3,524,1,751,-1,567,-1,492,2,549,1
18:15,478,3,569,3,460,0,555,1,398,1,451,0,428,1,627,3,422,-1,557,-2,513,0,522,-2,753,2,568,1,493,1,550,1
18:16,481,3,572,3,460,0,558,3,399,1,456,5,429,1,629,2,425,3,560,3,513,0,524,2,755,2,567,-1,495,1,552,2
18:17,482,1,578,6,461,1,562,4,400,1,460,4,431,2,633,4,430,5,560,0,513,0,525,1,756,1,569,2,496,2,555,3
18:18,485,3,584,6,463,2,563,1,403,3,466,6,431,0,636,3,435,5,562,2,515,2,526,1,758,2,570,1,499,2,558,3
18:19,486,1,586,2,465,2,567,4,403,0,467,1,434,3,638,2,436,1,568,6,518,3,525,-1,759,1,569,-1,500,2,560,2
18:20,488,2,588,2,467,2,568,1,404,1,470,3,434,0,638,0,437,1,569,1,528,10,529,4,763,4,569,0,503,3,562,2
18:21,488,0,590,2,468,1,570,2,404,0,471,1,433,-1,639,1,439,2,571,2,529,1,535,6,764,1,577,8,504,1,565,3
18:22,489,1,593,3,467,-1,575,5,406,2,472,1,435,2,640,1,443,4,570,-1,531,2,536,1,763,-1,580,3,505,1,567,2
18:23,490,1,595,2,467,0,579,4,407,1,476,4,436,1,642,2,443,0,571,1,532,1,538,2,765,2,580,0,506,1,569,2
18:24,493,3,597,2,469,2,583,4,407,0,481,5,438,2,644,2,444,1,570,-1,533,1,540,2,764,-1,581,1,507,1,571,2
18:25,493,0,598,1,470,1,586,3,407,0,481,0,439,1,643,-1,443,-1,572,2,534,1,541,1,766,2,580,-1,507,1,572,1
18:26,495,2,600,2,470,0,586,0,408,1,482,1,438,-1,646,3,443,0,573,1,535,1,542,1,767,1,582,2,508,1,573,1
18:27,495,0,602,2,472,2,591,5,410,2,486,4,442,4,646,0,445,2,573,0,540,5,544,2,768,1,581,-1,510,2,575,2
18:28,495,0,604,2,472,0,593,2,410,0,484,-2,441,-1,652,6,446,1,574,1,541,1,546,2,768,0,582,1,510,0,576,2
18:29,495,0,608,4,472,0,594,1,412,2,484,0,443,2,652,0,447,1,576,2,542,1,545,-1,768,0,586,4,511,1,578,1
18:30,496,1,609,1,472,0,594,0,415,3,486,2,444,1,655,3,448,1,578,2,543,1,548,3,768,0,588,2,512,1,580,2
18:31,496,0,611,2,473,1,596,2,415,0,490,4,447,3,656,1,448,0,581,3,542,-1,550,2,768,0,590,2,513,0,582,2
18:32,497,1,613,2,474,1,599,3,415,0,492,2,447,0,657,1,452,4,584,3,544,2,552,2,768,0,591,1,514,1,584,2
18:33,501,4,613,0,474,0,601,2,417,2,492,0,451,4,660,3,452,0,585,1,547,3,554,2,769,1,595,4,516,2,586,2
18:34,501,0,618,5,475,1,602,1,416,-1,490,-2,451,0,663,3,453,1,586,1,550,3,554,0,770,1,597,2,517,1,587,1
18:35,501,0,622,4,476,1,600,-2,418,2,494,4,451,0,665,2,452,-1,586,0,551,1,559,5,771,1,598,1,517,1,589,2
18:36,501,0,621,-1,476,0,602,2,420,2,494,0,451,0,667,2,452,0,589,3,552,1,559,0,770,-1,598,0,517,0,590,1
18:37,501,0,623,2,476,0,603,1,423,3,494,0,452,1,669,2,452,0,592,3,555,3,559,0,772,2,599,1,519,1,591,1
18:38,502,1,626,3,478,2,604,1,427,4,497,3,452,0,667,-2,452,0,594,2,558,3,564,5,775,3,602,3,521,2,593,2
18:39,502,0,630,4,478,0,606,2,427,0,499,2,454,2,673,6,453,1,596,2,560,2,567,3,778,3,603,1,522,1,596,3
18:40,503,1,632,2,479,1,607,1,428,1,503,4,456,2,674,1,454,1,597,1,561,1,567,0,778,0,607,4,523,1,598,2
18:41,505,2,633,1,478,-1,604,-3,429,1,506,3,457,1,677,3,455,1,598,1,564,3,567,0,778,0,607,0,524,1,599,1
18:42,505,0,633,0,481,3,605,1,431,2,510,4,457,0,678,1,454,-1,599,1,566,2,570,3,781,3,607,0,525,1,600,1
18:43,506,1,635,2,482,1,606,1,432,1,512,2,457,0,678,0,456,2,600,1,567,1,569,-1,782,1,609,2,526,1,601,1
18:44,507,1,636,1,483,1,608,2,432,0,514,2,456,-1,681,3,457,1,602,2,570,3,571,2,783,1,610,1,527,1,603,2
18:45,507,0,637,1,484,1,609,1,433,1,515,1,457,1,683,2,458,1,604,2,571,1,573,2,783,0,610,0,528,1,604,1
18:46,507,0,637,0,485,1,610,1,435,2,518,3,458,1,681,-2,460,2,604,0,572,1,573,0,785,2,612,2,529,1,605,1
18:47,508,1,637,0,488,3,610,0,439,4,522,4,458,0,683,2,460,0,608,4,572,0,575,2,786,1,614,2,530,1,607,2
18:48,510,2,638,1,490,2,611,1,442,3,522,0,459,1,690,7,463,3,612,4,573,1,577,2,788,2,614,0,532,2,609,2
18:49,511,1,639,1,490,0,611,0,442,0,525,3,460,1,693,3,464,1,614,2,573,0,577,0,789,1,617,3,533,1,611,2
18:50,513,2,642,3,490,0,612,1,442,0,525,0,460,0,696,3,464,0,618,4,573,0,578,1,789,0,621,4,533,0,613,2
18:51,513,0,641,-1,490,0,614,2,444,2,524,-1,461,1,697,1,464,0,622,4,574,1,579,1,791,2,621,0,534,1,614,1
18:52,515,2,643,2,492,2,614,0,444,0,524,0,461,0,698,1,465,1,621,-1,575,1,580,1,794,3,621,0,535,1,614,0
18:53,516,1,646,3,492,0,615,1,444,0,528,4,462,1,700,2,467,2,623,2,577,2,583,3,796,2,621,0,536,1,617,2
18:54,518,2,645,-1,492,0,618,3,444,0,529,1,471,9,698,-2,467,0,626,3,579,2,587,4,796,0,620,-1,538,2,618,1
18:55,518,0,645,0,492,0,619,1,443,-1,528,-1,471,0,703,5,467,0,629,3,579,0,587,0,798,2,621,1,538,0,619,1
18:56,523,5,645,0,493,1,618,-1,446,3,533,5,472,1,706,3,466,-1,630,1,580,1,589,2,799,1,624,3,540,2,621,2
18:57,524,1,647,2,493,0,617,-1,448,2,534,1,473,1,707,1,467,1,632,2,581,1,589,0,800,1,624,0,541,1,621,1
18:58,526,2,648,1,494,1,619,2,449,1,537,3,473,0,709,2,467,0,634,2,581,0,589,0,801,1,625,1,542,1,623,2
18:59,528,2,650,2,496,2,619,0,452,3,541,4,475,2,710,1,469,2,637,3,580,-1,592,3,801,0,628,3,543,1,625,2
19:00,531,3,653,3,496,0,618,-1,452,0,540,-1,477,2,714,4,471,2,638,1,581,1,592,0,803,2,629,1,544,1,626,1
19:01,533,2,657,4,496,0,626,8,453,1,541,1,478,1,716,2,473,2,637,-1,581,0,593,1,803,0,629,0,545,1,628,2
19:02,534,1,660,3,498,2,627,1,454,1,544,3,478,0,717,1,473,0,640,3,581,0,596,3,803,0,630,1,546,1,631,2
19:03,535,1,662,2,499,1,627,0,455,1,546,2,479,1,718,1,476,3,644,4,582,1,600,4,804,1,632,2,547,1,633,2
19:04,536,1,665,3,499,0,629,2,456,1,547,1,479,0,721,3,477,1,646,2,582,0,601,1,805,1,634,2,548,1,635,2
19:05,539,3,665,0,500,1,632,3,461,5,550,3,480,1,721,0,477,0,648,2,583,1,603,2,806,1,636,2,549,2,636,2
19:06,542,3,668,3,501,1,635,3,462,1,551,1,482,2,731,10,479,2,651,3,585,2,604,1,809,3,635,-1,551,2,639,3
19:07,544,2,669,1,501,0,636,1,463,1,551,0,483,1,734,3,479,0,653,2,586,1,605,1,809,0,637,2,552,1,641,1
19:08,550,6,672,3,501,0,638,2,464,1,549,-2,486,3,738,4,478,-1,655,2,586,0,609,4,810,1,641,4,554,1,643,2
19:09,554,4,675,3,502,1,639,1,467,3,551,2,487,1,741,3,479,1,654,-1,588,2,612,3,810,0,643,2,555,2,645,2
19:10,553,-1,676,1,503,1,640,1,468,1,554,3,488,1,747,6,481,2,655,1,587,-1,615,3,810,0,645,2,556,0,647,2
19:11,553,0,676,0,504,1,640,0,467,-1,556,2,491,3,752,5,481,0,657,2,588,1,617,2,812,2,647,2,557,1,649,2
19:12,553,0,676,0,507,3,640,0,470,3,558,2,495,4,755,3,481,0,657,0,588,0,617,0,815,3,651,4,558,2,651,1
19:13,554,1,676,0,510,3,640,0,469,-1,565,7,498,3,759,4,480,-1,660,3,588,0,620,3,818,3,652,1,560,1,653,3
19:14,555,1,676,0,512,2,642,2,470,1,569,4,499,1,762,3,484,4,660,0,588,0,620,0,820,2,656,4,561,2,655,2
19:15,557,2,679,3,512,0,648,6,470,0,570,1,502,3,763,1,484,0,660,0,590,2,622,2,823,3,659,3,563,1,657,2
19:16,558,1,679,0,514,2,649,1,469,-1,573,3,504,2,765,2,484,0,665,5,593,3,626,4,826,3,659,0,564,1,659,2
19:17,558,0,681,2,515,1,650,1,472,3,577,4,507,3,767,2,486,2,666,1,592,-1,629,3,827,1,663,4,565,1,662,2
19:18,558,0,682,1,515,0,653,3,474,2,580,3,509,2,769,2,488,2,668,2,593,1,633,4,828,1,667,4,566,1,665,3
19:19,559,1,683,1,516,1,657,4,476,2,582,2,508,-1,772,3,488,0,670,2,596,3,634,1,829,1,669,2,567,1,667,2
19:20,559,0,686,3,516,0,663,6,481,5,585,3,508,0,778,6,489,1,673,3,599,3,636,2,831,2,672,3,569,2,670,4
19:21,561,2,690,4,517,1,663,0,484,3,589,4,508,0,780,2,490,1,675,2,600,1,637,1,833,2,673,1,570,1,672,2