,2021_10_07,,,,2021_10_14,,,,2021_10_21,,,,2021_10_28,,,,2021_11_04,,,,2021_11_11,,,,2021_11_18,,,,,,,
Time,TECH,dTECH,PARK,dPARK,TECH,dTECH,PARK,dPARK,TECH,dTECH,PARK,dPARK,TECH,dTECH,PARK,dPARK,TECH,dTECH,PARK,dPARK,TECH,dTECH,PARK,dPARK,TECH,dTECH,PARK,dPARK,AVG(TECH),dAVG(TECH),AVG(PARK),dAVG(PARK)
07:00,818,,1290,,800,,1254,,835,,1200,,797,,1356,,883,,1313,,1087,,1233,,1764,,1289,,998,,"1,276",
07:01,818,0,1289,-1,799,-1,1254,0,835,0,1196,-4,798,1,1353,-3,883,0,1313,0,1087,0,1234,1,1764,0,1290,1,998,0,"1,276",-1
07:02,818,0,1286,-3,797,-2,1253,-1,834,-1,1190,-6,797,-1,1353,0,883,0,1313,0,1087,0,1234,0,1764,0,1289,-1,997,-1,"1,274",-2
07:03,818,0,1286,0,796,-1,1253,0,834,0,1186,-4,797,0,1353,0,882,-1,1313,0,1087,0,1233,-1,1764,0,1290,1,997,0,"1,273",-1
07:04,818,0,1287,1,794,-2,1252,-1,832,-2,1187,1,796,-1,1353,0,881,-1,1313,0,1087,0,1233,0,1764,0,1291,1,996,-1,"1,274",0
07:05,816,-2,1287,0,794,0,1251,-1,830,-2,1185,-2,796,0,1352,-1,882,1,1314,1,1087,0,1232,-1,1763,-1,1290,-1,995,-1,"1,273",-1
07:06,815,-1,1285,-2,793,-1,1249,-2,831,1,1181,-4,795,-1,1352,0,883,1,1314,0,1087,0,1232,0,1762,-1,1290,0,995,0,"1,272",-1
07:07,815,0,1285,0,792,-1,1248,-1,831,0,1178,-3,794,-1,1350,-2,883,0,1314,0,1086,-1,1233,1,1762,0,1289,-1,995,0,"1,271",-1
07:08,815,0,1284,-1,791,-1,1248,0,830,-1,1178,0,794,0,1350,0,883,0,1312,-2,1086,0,1231,-2,1762,0,1290,1,994,0,"1,270",-1
07:09,814,-1,1284,0,791,0,1248,0,826,-4,1174,-4,794,0,1349,-1,881,-2,1314,2,1086,0,1230,-1,1762,0,1289,-1,993,-1,"1,270",-1
07:10,815,1,1284,0,790,-1,1248,0,824,-2,1172,-2,794,0,1348,-1,881,0,1315,1,1086,0,1228,-2,1762,0,1289,0,993,0,"1,269",-1
07:11,814,-1,1282,-2,790,0,1247,-1,824,0,1171,-1,794,0,1349,1,880,-1,1313,-2,1085,-1,1228,0,1762,0,1287,-2,993,0,"1,268",-1
07:12,815,1,1279,-3,790,0,1243,-4,823,-1,1169,-2,794,0,1349,0,880,0,1312,-1,1084,-1,1228,0,1762,0,1287,0,993,0,"1,267",-1
07:13,814,-1,1278,-1,791,1,1241,-2,823,0,1167,-2,794,0,1349,0,880,0,1312,0,1084,0,1228,0,1762,0,1288,1,993,0,"1,266",-1
07:14,813,-1,1279,1,791,0,1238,-3,823,0,1164,-3,794,0,1346,-3,878,-2,1311,-1,1084,0,1228,0,1763,1,1287,-1,992,0,"1,265",-1
07:15,813,0,1278,-1,791,0,1237,-1,822,-1,1163,-1,792,-2,1345,-1,876,-2,1311,0,1085,1,1228,0,1763,0,1287,0,992,-1,"1,264",-1
07:16,812,-1,1276,-2,790,-1,1233,-4,822,0,1162,-1,791,-1,1343,-2,874,-2,1310,-1,1085,0,1225,-3,1763,0,1285,-2,991,-1,"1,262",-2
07:17,810,-2,1274,-2,790,0,1232,-1,822,0,1159,-3,791,0,1343,0,874,0,1310,0,1085,0,1222,-3,1762,-1,1284,-1,991,0,"1,261",-1
07:18,810,0,1272,-2,789,-1,1231,-1,820,-2,1157,-2,791,0,1341,-2,874,0,1307,-3,1085,0,1219,-3,1762,0,1283,-1,990,0,"1,259",-2
07:19,808,-2,1271,-1,787,-2,1231,0,820,0,1153,-4,791,0,1341,0,873,-1,1306,-1,1086,1,1216,-3,1762,0,1284,1,990,-1,"1,257",-1
07:20,807,-1,1271,0,787,0,1230,-1,820,0,1152,-1,792,1,1339,-2,873,0,1306,0,1085,-1,1214,-2,1762,0,1283,-1,989,0,"1,256",-1
07:21,807,0,1272,1,787,0,1228,-2,818,-2,1151,-1,792,0,1338,-1,873,0,1305,-1,1084,-1,1211,-3,1761,-1,1283,0,989,-1,"1,255",-1
07:22,806,-1,1273,1,787,0,1226,-2,818,0,1148,-3,791,-1,1335,-3,873,0,1305,0,1084,0,1211,0,1762,1,1282,-1,989,0,"1,254",-1
07:23,806,0,1272,-1,786,-1,1226,0,818,0,1145,-3,788,-3,1336,1,871,-2,1304,-1,1084,0,1210,-1,1761,-1,1280,-2,988,-1,"1,253",-1
07:24,807,1,1271,-1,784,-2,1225,-1,814,-4,1142,-3,787,-1,1335,-1,869,-2,1301,-3,1083,-1,1210,0,1761,0,1279,-1,986,-1,"1,252",-1
07:25,805,-2,1270,-1,782,-2,1224,-1,813,-1,1141,-1,786,-1,1335,0,869,0,1300,-1,1083,0,1209,-1,1761,0,1277,-2,986,-1,"1,251",-1
07:26,805,0,1269,-1,782,0,1222,-2,813,0,1140,-1,785,-1,1333,-2,869,0,1300,0,1084,1,1207,-2,1761,0,1273,-4,986,0,"1,249",-2
07:27,804,-1,1268,-1,782,0,1217,-5,810,-3,1141,1,784,-1,1331,-2,869,0,1298,-2,1082,-2,1205,-2,1761,0,1274,1,985,-1,"1,248",-1
07:28,804,0,1267,-1,780,-2,1216,-1,809,-1,1141,0,783,-1,1329,-2,868,-1,1296,-2,1082,0,1204,-1,1760,-1,1272,-2,984,-1,"1,246",-1
07:29,800,-4,1266,-1,780,0,1216,0,808,-1,1139,-2,783,0,1326,-3,868,0,1294,-2,1080,-2,1200,-4,1760,0,1269,-3,983,-1,"1,244",-2
07:30,800,0,1265,-1,780,0,1215,-1,806,-2,1137,-2,783,0,1325,-1,867,-1,1292,-2,1080,0,1199,-1,1760,0,1268,-1,982,0,"1,243",-1
07:31,800,0,1262,-3,781,1,1213,-2,806,0,1137,0,782,-1,1324,-1,866,-1,1291,-1,1079,-1,1195,-4,1760,0,1266,-2,982,0,"1,241",-2
07:32,799,-1,1258,-4,781,0,1212,-1,805,-1,1135,-2,781,-1,1323,-1,864,-2,1287,-4,1079,0,1190,-5,1759,-1,1263,-3,981,-1,"1,238",-3
07:33,797,-2,1257,-1,781,0,1207,-5,805,0,1133,-2,781,0,1322,-1,864,0,1285,-2,1079,0,1189,-1,1758,-1,1263,0,981,0,"1,237",-2
07:34,795,-2,1255,-2,780,-1,1203,-4,802,-3,1130,-3,779,-2,1319,-3,864,0,1283,-2,1079,0,1186,-3,1757,-1,1261,-2,979,-1,"1,234",-3
07:35,795,0,1250,-5,779,-1,1202,-1,801,-1,1126,-4,778,-1,1319,0,863,-1,1281,-2,1079,0,1183,-3,1757,0,1260,-1,979,-1,"1,232",-2
07:36,793,-2,1248,-2,778,-1,1200,-2,801,0,1123,-3,776,-2,1318,-1,862,-1,1281,0,1079,0,1180,-3,1757,0,1258,-2,978,-1,"1,230",-2
07:37,792,-1,1246,-2,778,0,1200,0,800,-1,1122,-1,774,-2,1316,-2,862,0,1277,-4,1079,0,1179,-1,1757,0,1257,-1,977,-1,"1,228",-2
07:38,792,0,1243,-3,775,-3,1197,-3,800,0,1118,-4,774,0,1312,-4,861,-1,1276,-1,1076,-3,1178,-1,1757,0,1256,-1,976,-1,"1,226",-2
07:39,792,0,1242,-1,773,-2,1196,-1,800,0,1116,-2,774,0,1307,-5,859,-2,1273,-3,1076,0,1174,-4,1758,1,1255,-1,976,0,"1,223",-2
07:40,791,-1,1239,-3,772,-1,1195,-1,799,-1,1113,-3,773,-1,1304,-3,859,0,1271,-2,1076,0,1170,-4,1756,-2,1254,-1,975,-1,"1,221",-2
07:41,788,-3,1238,-1,771,-1,1192,-3,799,0,1111,-2,773,0,1301,-3,858,-1,1270,-1,1075,-1,1164,-6,1756,0,1252,-2,974,-1,"1,218",-3
07:42,787,-1,1235,-3,770,-1,1190,-2,799,0,1110,-1,772,-1,1300,-1,857,-1,1264,-6,1075,0,1161,-3,1756,0,1251,-1,974,-1,"1,216",-2
07:43,785,-2,1232,-3,768,-2,1184,-6,798,-1,1110,0,772,0,1296,-4,855,-2,1260,-4,1074,-1,1159,-2,1755,-1,1248,-3,972,-1,"1,213",-3
07:44,785,0,1229,-3,765,-3,1180,-4,794,-4,1105,-5,772,0,1296,0,852,-3,1257,-3,1073,-1,1157,-2,1754,-1,1245,-3,971,-2,"1,210",-3
07:45,784,-1,1226,-3,764,-1,1175,-5,794,0,1103,-2,772,0,1291,-5,852,0,1255,-2,1072,-1,1155,-2,1754,0,1244,-1,970,0,"1,207",-3
07:46,782,-2,1226,0,762,-2,1173,-2,791,-3,1100,-3,769,-3,1286,-5,849,-3,1254,-1,1072,0,1152,-3,1754,0,1240,-4,968,-2,"1,204",-3
07:47,780,-2,1222,-4,757,-5,1168,-5,791,0,1096,-4,767,-2,1279,-7,849,0,1250,-4,1072,0,1148,-4,1755,1,1240,0,967,-1,"1,200",-4
07:48,777,-3,1219,-3,756,-1,1163,-5,790,-1,1093,-3,766,-1,1275,-4,846,-3,1249,-1,1070,-2,1142,-6,1754,-1,1236,-4,966,-2,"1,197",-4
07:49,776,-1,1218,-1,752,-4,1158,-5,788,-2,1090,-3,764,-2,1273,-2,842,-4,1245,-4,1069,-1,1136,-6,1754,0,1232,-4,964,-2,"1,193",-4
07:50,774,-2,1214,-4,751,-1,1153,-5,786,-2,1084,-6,759,-5,1266,-7,840,-2,1244,-1,1069,0,1131,-5,1754,0,1228,-4,962,-2,"1,189",-5
07:51,767,-7,1210,-4,750,-1,1143,-10,786,0,1078,-6,758,-1,1266,0,836,-4,1240,-4,1069,0,1127,-4,1754,0,1228,0,960,-2,"1,185",-4
07:52,768,1,1206,-4,750,0,1133,-10,786,0,1078,0,756,-2,1265,-1,836,0,1237,-3,1068,-1,1121,-6,1753,-1,1220,-8,960,0,"1,180",-5
07:53,766,-2,1203,-3,748,-2,1126,-7,785,-1,1075,-3,756,0,1264,-1,833,-3,1232,-5,1068,0,1113,-8,1751,-2,1215,-5,958,-1,"1,175",-5
07:54,765,-1,1197,-6,743,-5,1124,-2,783,-2,1071,-4,752,-4,1260,-4,832,-1,1227,-5,1066,-2,1109,-4,1750,-1,1212,-3,956,-2,"1,171",-4
07:55,764,-1,1191,-6,741,-2,1120,-4,783,0,1068,-3,749,-3,1257,-3,832,0,1222,-5,1065,-1,1106,-3,1749,-1,1209,-3,955,-1,"1,168",-4
07:56,763,-1,1185,-6,737,-4,1112,-8,780,-3,1063,-5,747,-2,1251,-6,830,-2,1218,-4,1063,-2,1098,-8,1751,2,1203,-6,953,-2,"1,161",-6
07:57,757,-6,1179,-6,732,-5,1107,-5,779,-1,1061,-2,746,-1,1251,0,828,-2,1214,-4,1064,1,1093,-5,1751,0,1199,-4,951,-2,"1,158",-4
07:58,753,-4,1178,-1,729,-3,1100,-7,778,-1,1053,-8,745,-1,1245,-6,825,-3,1210,-4,1063,-1,1083,-10,1750,-1,1192,-7,949,-2,"1,152",-6
07:59,748,-5,1169,-9,728,-1,1095,-5,778,0,1044,-9,743,-2,1237,-8,824,-1,1206,-4,1062,-1,1077,-6,1750,0,1190,-2,948,-1,"1,145",-6
08:00,747,-1,1165,-4,727,-1,1086,-9,775,-3,1045,1,742,-1,1232,-5,821,-3,1203,-3,1061,-1,1072,-5,1750,0,1187,-3,946,-1,"1,141",-4
08:01,744,-3,1163,-2,725,-2,1079,-7,772,-3,1040,-5,740,-2,1226,-6,818,-3,1198,-5,1061,0,1062,-10,1750,0,1183,-4,944,-2,"1,136",-6
08:02,739,-5,1154,-9,721,-4,1071,-8,769,-3,1036,-4,739,-1,1224,-2,814,-4,1187,-11,1059,-2,1058,-4,1750,0,1181,-2,942,-3,"1,130",-6
08:03,737,-2,1144,-10,719,-2,1066,-5,760,-9,1035,-1,736,-3,1218,-6,811,-3,1173,-14,1057,-2,1054,-4,1750,0,1175,-6,939,-3,"1,124",-7
08:04,736,-1,1131,-13,717,-2,1059,-7,756,-4,1033,-2,734,-2,1211,-7,809,-2,1162,-11,1056,-1,1050,-4,1750,0,1168,-7,937,-2,"1,116",-7
08:05,733,-3,1121,-10,713,-4,1051,-8,756,0,1025,-8,731,-3,1206,-5,802,-7,1155,-7,1052,-4,1042,-8,1749,-1,1164,-4,934,-3,"1,109",-7
08:06,730,-3,1116,-5,704,-9,1046,-5,753,-3,1022,-3,729,-2,1201,-5,792,-10,1145,-10,1052,0,1034,-8,1748,-1,1157,-7,930,-4,"1,103",-6
08:07,725,-5,1112,-4,696,-8,1035,-11,750,-3,1011,-11,728,-1,1190,-11,789,-3,1135,-10,1050,-2,1028,-6,1747,-1,1151,-6,926,-3,"1,095",-8
08:08,721,-4,1103,-9,692,-4,1027,-8,746,-4,1005,-6,724,-4,1183,-7,787,-2,1126,-9,1049,-1,1022,-6,1745,-2,1144,-7,923,-3,"1,087",-7
08:09,720,-1,1095,-8,689,-3,1017,-10,744,-2,998,-7,721,-3,1174,-9,784,-3,1115,-11,1045,-4,1016,-6,1743,-2,1137,-7,921,-3,"1,079",-8
08:10,713,-7,1089,-6,679,-10,1008,-9,741,-3,984,-14,720,-1,1165,-9,782,-2,1111,-4,1043,-2,1011,-5,1743,0,1133,-4,917,-4,"1,072",-7
08:11,710,-3,1077,-12,674,-5,996,-12,738,-3,971,-13,716,-4,1155,-10,774,-8,1105,-6,1041,-2,1007,-4,1742,-1,1129,-4,914,-4,"1,063",-9
08:12,707,-3,1071,-6,669,-5,980,-16,732,-6,958,-13,713,-3,1149,-6,771,-3,1096,-9,1039,-2,1000,-7,1742,0,1127,-2,910,-3,"1,054",-8
08:13,702,-5,1062,-9,663,-6,969,-11,727,-5,950,-8,710,-3,1142,-7,769,-2,1090,-6,1038,-1,991,-9,1741,-1,1121,-6,907,-3,"1,046",-8
08:14,695,-7,1052,-10,655,-8,957,-12,721,-6,942,-8,706,-4,1137,-5,765,-4,1083,-7,1036,-2,979,-12,1740,-1,1119,-2,903,-5,"1,038",-8
08:16,691,-4,1042,-10,649,-6,953,-4,720,-1,933,-9,693,-13,1129,-8,764,-1,1073,-10,1035,-1,971,-8,1738,-2,1113,-6,899,-4,"1,031",-8
08:17,686,-5,1032,-10,647,-2,944,-9,715,-5,920,-13,689,-4,1119,-10,763,-1,1065,-8,1035,0,962,-9,1738,0,1108,-5,896,-2,"1,021",-9
08:18,680,-6,1022,-10,645,-2,936,-8,710,-5,910,-10,685,-4,1109,-10,754,-9,1059,-6,1032,-3,954,-8,1737,-1,1102,-6,892,-4,"1,013",-8
08:19,676,-4,1015,-7,638,-7,926,-10,705,-5,905,-5,677,-8,1104,-5,751,-3,1048,-11,1030,-2,945,-9,1736,-1,1096,-6,888,-4,"1,006",-8
08:20,672,-4,1007,-8,631,-7,917,-9,698,-7,898,-7,672,-5,1103,-1,745,-6,1039,-9,1027,-3,937,-8,1736,0,1089,-7,883,-5,999,-7
08:21,666,-6,998,-9,623,-8,907,-10,695,-3,892,-6,662,-10,1096,-7,741,-4,1028,-11,1026,-1,929,-8,1736,0,1085,-4,878,-5,991,-8
08:22,656,-10,987,-11,620,-3,897,-10,687,-8,882,-10,660,-2,1087,-9,738,-3,1017,-11,1026,0,919,-10,501,-1235,1077,-8,698,-180,981,-10
08:23,653,-3,976,-11,613,-7,887,-10,677,-10,879,-3,659,-1,1078,-9,733,-5,1009,-8,1025,-1,910,-9,702,201,1067,-10,723,25,972,-9
08:24,648,-5,967,-9,608,-5,876,-11,672,-5,872,-7,654,-5,1069,-9,731,-2,1001,-8,1025,0,904,-6,699,-3,1058,-9,720,-4,964,-8
08:25,645,-3,958,-9,606,-2,865,-11,670,-2,868,-4,652,-2,1060,-9,728,-3,997,-4,1024,-1,898,-6,698,-1,1049,-9,718,-2,956,-7
08:26,642,-3,946,-12,604,-2,857,-8,668,-2,860,-8,646,-6,1051,-9,725,-3,993,-4,1020,-4,891,-7,692,-6,1039,-10,714,-4,948,-8
08:27,639,-3,937,-9,602,-2,846,-11,660,-8,848,-12,641,-5,1043,-8,720,-5,986,-7,1020,0,884,-7,690,-2,1027,-12,710,-4,939,-9
08:28,637,-2,927,-10,598,-4,837,-9,651,-9,835,-13,632,-9,1034,-9,716,-4,975,-11,1020,0,876,-8,688,-2,1017,-10,706,-4,929,-10
08:29,634,-3,918,-9,594,-4,827,-10,641,-10,824,-11,627,-5,1025,-9,711,-5,966,-9,1019,-1,869,-7,685,-3,1008,-9,702,-4,920,-9
08:30,630,-4,908,-10,592,-2,819,-8,641,0,814,-10,623,-4,1014,-11,706,-5,958,-8,1016,-3,861,-8,679,-6,1000,-8,698,-3,911,-9
08:31,629,-1,900,-8,591,-1,807,-12,634,-7,810,-4,618,-5,1004,-10,703,-3,947,-11,1015,-1,859,-2,678,-1,995,-5,695,-3,903,-7
08:32,624,-5,889,-11,585,-6,800,-7,627,-7,806,-4,608,-10,993,-11,701,-2,938,-9,1015,0,853,-6,675,-3,987,-8,691,-5,895,-8
08:33,619,-5,879,-10,581,-4,791,-9,624,-3,797,-9,601,-7,983,-10,698,-3,931,-7,1014,-1,848,-5,672,-3,977,-10,687,-4,887,-9
08:34,617,-2,870,-9,581,0,782,-9,619,-5,793,-4,598,-3,974,-9,694,-4,925,-6,1014,0,844,-4,672,0,968,-9,685,-2,879,-7
08:35,616,-1,866,-4,579,-2,777,-5,615,-4,786,-7,593,-5,963,-11,690,-4,918,-7,1013,-1,835,-9,667,-5,965,-3,682,-3,873,-7
08:36,615,-1,864,-2,580,1,772,-5,611,-4,777,-9,591,-2,955,-8,689,-1,913,-5,1011,-2,831,-4,666,-1,962,-3,680,-1,868,-5
08:38,602,-13,856,-8,577,-3,768,-4,610,-1,766,-11,584,-7,944,-11,686,-3,909,-4,1009,-2,827,-4,662,-4,958,-4,676,-5,861,-7
08:39,600,-2,849,-7,573,-4,765,-3,606,-4,759,-7,580,-4,939,-5,684,-2,902,-7,1008,-1,824,-3,660,-2,952,-6,673,-3,856,-5
08:40,599,-1,846,-3,568,-5,762,-3,604,-2,755,-4,576,-4,934,-5,680,-4,898,-4,1007,-1,818,-6,659,-1,942,-10,670,-3,851,-5
08:41,598,-1,845,-1,566,-2,756,-6,603,-1,750,-5,573,-3,928,-6,680,0,897,-1,1007,0,814,-4,657,-2,931,-11,669,-1,846,-5
08:42,596,-2,839,-6,565,-1,751,-5,600,-3,744,-6,571,-2,920,-8,680,0,891,-6,1005,-2,810,-4,656,-1,920,-11,668,-2,839,-7
08:43,593,-3,835,-4,564,-1,747,-4,595,-5,741,-3,569,-2,918,-2,676,-4,885,-6,1005,0,804,-6,655,-1,914,-6,665,-2,835,-4
08:44,591,-2,833,-2,560,-4,744,-3,591,-4,738,-3,568,-1,911,-7,674,-2,883,-2,1005,0,802,-2,652,-3,907,-7,663,-2,831,-4
08:45,589,-2,828,-5,558,-2,740,-4,589,-2,734,-4,565,-3,907,-4,669,-5,882,-1,1004,-1,797,-5,647,-5,899,-8,660,-3,827,-4
08:46,587,-2,825,-3,557,-1,739,-1,586,-3,728,-6,564,-1,903,-4,668,-1,872,-10,1004,0,791,-6,648,1,896,-3,659,-1,822,-5
08:47,584,-3,821,-4,557,0,738,-1,586,0,724,-4,560,-4,900,-3,664,-4,870,-2,1004,0,788,-3,646,-2,893,-3,657,-2,819,-3
08:48,582,-2,818,-3,556,-1,735,-3,585,-1,720,-4,556,-4,897,-3,663,-1,868,-2,1003,-1,781,-7,645,-1,889,-4,656,-2,815,-4
08:49,581,-1,817,-1,554,-2,732,-3,583,-2,719,-1,554,-2,891,-6,659,-4,862,-6,1003,0,777,-4,644,-1,885,-4,654,-2,812,-4
08:50,579,-2,814,-3,553,-1,726,-6,583,0,715,-4,554,0,887,-4,659,0,861,-1,1003,0,775,-2,642,-2,881,-4,653,-1,808,-3
08:51,578,-1,807,-7,551,-2,722,-4,582,-1,709,-6,554,0,885,-2,659,0,858,-3,1002,-1,769,-6,642,0,877,-4,653,-1,804,-5
08:52,576,-2,804,-3,549,-2,713,-9,578,-4,702,-7,552,-2,882,-3,655,-4,856,-2,1001,-1,767,-2,638,-4,872,-5,650,-3,799,-4
08:53,573,-3,798,-6,549,0,710,-3,577,-1,700,-2,551,-1,880,-2,654,-1,855,-1,1001,0,767,0,638,0,868,-4,649,-1,797,-3
08:54,569,-4,794,-4,547,-2,708,-2,575,-2,697,-3,549,-2,874,-6,653,-1,850,-5,1001,0,761,-6,637,-1,861,-7,647,-2,792,-5
08:55,568,-1,791,-3,547,0,709,1,573,-2,691,-6,547,-2,871,-3,651,-2,845,-5,1000,-1,760,-1,633,-4,857,-4,646,-2,789,-3
08:56,566,-2,784,-7,546,-1,702,-7,570,-3,688,-3,546,-1,871,0,647,-4,843,-2,1000,0,759,-1,632,-1,851,-6,644,-2,785,-4
08:57,565,-1,778,-6,545,-1,698,-4,566,-4,685,-3,544,-2,869,-2,646,-1,843,0,999,-1,756,-3,630,-2,842,-9,642,-2,782,-4
08:58,565,0,775,-3,540,-5,692,-6,564,-2,679,-6,542,-2,867,-2,644,-2,832,-11,999,0,755,-1,629,-1,838,-4,640,-2,777,-5
08:59,565,0,771,-4,538,-2,686,-6,561,-3,676,-3,539,-3,863,-4,644,0,827,-5,998,-1,751,-4,625,-4,832,-6,639,-2,772,-5
09:00,563,-2,767,-4,535,-3,684,-2,560,-1,673,-3,535,-4,861,-2,642,-2,821,-6,997,-1,749,-2,622,-3,825,-7,636,-2,769,-4
09:01,557,-6,767,0,533,-2,678,-6,555,-5,668,-5,529,-6,856,-5,641,-1,813,-8,997,0,743,-6,621,-1,824,-1,633,-3,764,-4
09:02,552,-5,759,-8,531,-2,675,-3,553,-2,664,-4,528,-1,851,-5,639,-2,809,-4,996,-1,741,-2,621,0,821,-3,631,-2,760,-4
09:03,552,0,754,-5,529,-2,671,-4,551,-2,663,-1,526,-2,848,-3,638,-1,808,-1,996,0,737,-4,621,0,818,-3,630,-1,757,-3
09:04,550,-2,752,-2,525,-4,668,-3,549,-2,659,-4,524,-2,846,-2,635,-3,808,0,996,0,737,0,620,-1,813,-5,628,-2,755,-2
09:05,547,-3,751,-1,524,-1,668,0,547,-2,652,-7,521,-3,844,-2,633,-2,807,-1,996,0,734,-3,620,0,811,-2,627,-2,752,-2
09:06,544,-3,744,-7,525,1,663,-5,546,-1,646,-6,517,-4,839,-5,631,-2,800,-7,996,0,731,-3,618,-2,808,-3,625,-2,747,-5
09:07,542,-2,740,-4,522,-3,660,-3,545,-1,645,-1,517,0,833,-6,631,0,795,-5,997,1,727,-4,618,0,804,-4,625,-1,743,-4
09:08,537,-5,735,-5,518,-4,656,-4,543,-2,645,0,514,-3,830,-3,631,0,791,-4,996,-1,723,-4,615,-3,799,-5,622,-3,740,-4
09:09,534,-3,727,-8,515,-3,651,-5,542,-1,643,-2,513,-1,824,-6,627,-4,788,-3,996,0,723,0,614,-1,795,-4,620,-2,736,-4
09:10,531,-3,725,-2,514,-1,648,-3,539,-3,638,-5,510,-3,821,-3,626,-1,784,-4,995,-1,721,-2,613,-1,793,-2,618,-2,733,-3
09:11,527,-4,721,-4,510,-4,646,-2,537,-2,637,-1,510,0,819,-2,622,-4,779,-5,994,-1,716,-5,610,-3,788,-5,616,-3,729,-3
09:12,526,-1,716,-5,506,-4,638,-8,536,-1,632,-5,506,-4,816,-3,620,-2,773,-6,993,-1,714,-2,609,-1,782,-6,614,-2,724,-5
09:13,524,-2,708,-8,500,-6,632,-6,531,-5,627,-5,504,-2,813,-3,617,-3,767,-6,991,-2,711,-3,606,-3,773,-9,610,-3,719,-6
09:14,523,-1,708,0,495,-5,631,-1,527,-4,622,-5,501,-3,809,-4,616,-1,764,-3,989,-2,710,-1,603,-3,768,-5,608,-3,716,-3
09:15,520,-3,699,-9,495,0,624,-7,523,-4,616,-6,499,-2,806,-3,617,1,764,0,988,-1,708,-2,601,-2,760,-8,606,-2,711,-5
09:16,518,-2,693,-6,493,-2,618,-6,522,-1,610,-6,499,0,805,-1,615,-2,760,-4,988,0,703,-5,597,-4,753,-7,605,-2,706,-5
09:17,516,-2,687,-6,487,-6,608,-10,519,-3,606,-4,496,-3,799,-6,613,-2,752,-8,987,-1,698,-5,597,0,750,-3,602,-2,700,-6
09:18,516,0,680,-7,484,-3,596,-12,516,-3,602,-4,495,-1,792,-7,610,-3,748,-4,986,-1,691,-7,593,-4,743,-7,600,-2,693,-7
09:19,513,-3,674,-6,474,-10,589,-7,512,-4,595,-7,488,-7,786,-6,609,-1,744,-4,985,-1,685,-6,591,-2,739,-4,596,-4,687,-6
09:20,512,-1,670,-4,469,-5,579,-10,507,-5,587,-8,487,-1,785,-1,606,-3,741,-3,985,0,676,-9,590,-1,738,-1,594,-2,682,-5
09:21,506,-6,665,-5,467,-2,571,-8,505,-2,581,-6,486,-1,780,-5,604,-2,738,-3,986,1,670,-6,589,-1,731,-7,592,-2,677,-6
09:22,501,-5,656,-9,463,-4,561,-10,503,-2,576,-5,486,0,774,-6,602,-2,733,-5,985,-1,662,-8,586,-3,728,-3,589,-2,670,-7
09:23,499,-2,646,-10,460,-3,553,-8,500,-3,573,-3,485,-1,766,-8,602,0,731,-2,984,-1,663,1,586,0,727,-1,588,-1,666,-4
09:24,493,-6,637,-9,457,-3,545,-8,498,-2,570,-3,483,-2,762,-4,601,-1,724,-7,983,-1,660,-3,585,-1,724,-3,586,-2,660,-5
09:25,491,-2,630,-7,452,-5,537,-8,496,-2,559,-11,481,-2,756,-6,597,-4,717,-7,981,-2,657,-3,582,-3,718,-6,583,-3,653,-7
09:26,485,-6,626,-4,446,-6,526,-11,493,-3,554,-5,480,-1,748,-8,593,-4,712,-5,980,-1,655,-2,581,-1,708,-10,580,-3,647,-6
09:27,481,-4,620,-6,438,-8,516,-10,490,-3,551,-3,477,-3,743,-5,585,-8,706,-6,977,-3,651,-4,579,-2,702,-6,575,-4,641,-6
09:28,476,-5,618,-2,434,-4,508,-8,488,-2,546,-5,474,-3,737,-6,582,-3,699,-7,974,-3,644,-7,576,-3,699,-3,572,-3,636,-5
09:29,471,-5,609,-9,427,-7,498,-10,485,-3,542,-4,472,-2,731,-6,579,-3,692,-7,974,0,639,-5,571,-5,695,-4,568,-4,629,-6
09:30,467,-4,605,-4,415,-12,490,-8,480,-5,537,-5,468,-4,724,-7,575,-4,688,-4,973,-1,629,-10,571,0,691,-4,564,-4,623,-6
09:31,460,-7,602,-3,404,-11,483,-7,472,-8,534,-3,464,-4,717,-7,571,-4,681,-7,970,-3,626,-3,569,-2,689,-2,559,-6,619,-5
09:32,457,-3,599,-3,402,-2,473,-10,470,-2,527,-7,461,-3,713,-4,567,-4,674,-7,968,-2,621,-5,565,-4,680,-9,556,-3,612,-6
09:33,453,-4,591,-8,394,-8,463,-10,466,-4,522,-5,455,-6,704,-9,562,-5,669,-5,967,-1,617,-4,561,-4,672,-8,551,-5,605,-7
09:34,446,-7,580,-11,389,-5,452,-11,458,-8,516,-6,453,-2,700,-4,560,-2,666,-3,965,-2,608,-9,560,-1,669,-3,547,-4,599,-7
09:35,438,-8,570,-10,386,-3,443,-9,454,-4,513,-3,450,-3,694,-6,554,-6,661,-5,965,0,601,-7,559,-1,663,-6,544,-4,592,-7
09:36,430,-8,559,-11,381,-5,436,-7,445,-9,503,-10,446,-4,686,-8,545,-9,652,-9,963,-2,594,-7,554,-5,656,-7,538,-6,584,-8
09:37,424,-6,551,-8,374,-7,424,-12,439,-6,494,-9,438,-8,680,-6,539,-6,647,-5,959,-4,584,-10,550,-4,650,-6,532,-6,576,-8
09:38,418,-6,541,-10,369,-5,414,-10,434,-5,487,-7,431,-7,675,-5,537,-2,640,-7,954,-5,581,-3,548,-2,645,-5,527,-5,569,-7
09:39,412,-6,531,-10,365,-4,404,-10,429,-5,476,-11,425,-6,668,-7,532,-5,629,-11,953,-1,574,-7,548,0,641,-4,523,-4,560,-9
09:40,407,-5,522,-9,359,-6,395,-9,424,-5,464,-12,418,-7,658,-10,526,-6,621,-8,951,-2,565,-9,547,-1,640,-1,519,-5,552,-8
09:41,400,-7,511,-11,349,-10,385,-10,415,-9,454,-10,411,-7,652,-6,525,-1,615,-6,951,0,561,-4,546,-1,636,-4,514,-5,545,-7
09:42,397,-3,502,-9,346,-3,376,-9,403,-12,444,-10,405,-6,643,-9,521,-4,608,-7,949,-2,555,-6,546,0,632,-4,510,-4,537,-8
09:43,392,-5,491,-11,337,-9,365,-11,395,-8,435,-9,401,-4,635,-8,519,-2,602,-6,948,-1,553,-2,544,-2,627,-5,505,-4,530,-7
09:44,386,-6,482,-9,330,-7,352,-13,392,-3,427,-8,399,-2,628,-7,514,-5,597,-5,947,-1,548,-5,539,-5,620,-7,501,-4,522,-8
09:45,379,-7,475,-7,323,-7,345,-7,385,-7,414,-13,393,-6,620,-8,508,-6,588,-9,946,-1,541,-7,536,-3,615,-5,496,-5,514,-8
09:46,371,-8,468,-7,317,-6,339,-6,376,-9,403,-11,387,-6,610,-10,501,-7,576,-12,944,-2,532,-9,532,-4,612,-3,490,-6,506,-8
09:47,359,-12,458,-10,315,-2,334,-5,367,-9,401,-2,380,-7,605,-5,497,-4,564,-12,943,-1,528,-4,529,-3,609,-3,484,-5,500,-6
09:48,349,-10,450,-8,311,-4,326,-8,362,-5,392,-9,369,-11,595,-10,493,-4,554,-10,940,-3,519,-9,525,-4,603,-6,478,-6,491,-9
09:49,344,-5,441,-9,306,-5,324,-2,353,-9,381,-11,363,-6,589,-6,485,-8,547,-7,941,1,511,-8,522,-3,597,-6,473,-5,484,-7
09:50,340,-4,430,-11,305,-1,317,-7,351,-2,376,-5,355,-8,579,-10,481,-4,544,-3,936,-5,505,-6,518,-4,588,-9,469,-4,477,-7
09:51,337,-3,426,-4,302,-3,310,-7,347,-4,365,-11,348,-7,571,-8,472,-9,537,-7,935,-1,496,-9,515,-3,580,-8,465,-4,469,-8
09:52,334,-3,417,-9,300,-2,304,-6,339,-8,356,-9,342,-6,569,-2,465,-7,528,-9,933,-2,490,-6,512,-3,572,-8,461,-4,462,-7
09:53,327,-7,409,-8,298,-2,300,-4,335,-4,345,-11,341,-1,561,-8,455,-10,528,0,933,0,482,-8,509,-3,564,-8,457,-4,456,-7
09:54,321,-6,403,-6,293,-5,292,-8,327,-8,339,-6,334,-7,552,-9,450,-5,521,-7,931,-2,478,-4,506,-3,556,-8,452,-5,449,-7
09:55,321,0,396,-7,290,-3,290,-2,318,-9,328,-11,331,-3,545,-7,444,-6,511,-10,927,-4,473,-5,502,-4,549,-7,448,-4,442,-7
09:56,319,-2,393,-3,288,-2,283,-7,315,-3,323,-5,324,-7,539,-6,439,-5,501,-10,927,0,467,-6,499,-3,541,-8,444,-3,435,-6
09:57,320,1,391,-2,286,-2,281,-2,312,-3,318,-5,319,-5,533,-6,436,-3,496,-5,926,-1,463,-4,496,-3,528,-13,442,-2,430,-5
09:58,321,1,392,1,285,-1,274,-7,307,-5,307,-11,310,-9,525,-8,430,-6,485,-11,925,-1,456,-7,495,-1,523,-5,439,-3,423,-7
09:59,315,-6,387,-5,286,1,272,-2,306,-1,302,-5,307,-3,517,-8,423,-7,476,-9,926,1,448,-8,495,0,515,-8,437,-2,417,-6
10:00,314,-1,381,-6,284,-2,270,-2,305,-1,296,-6,304,-3,513,-4,417,-6,474,-2,923,-3,448,0,494,-1,509,-6,434,-2,413,-4
10:01,309,-5,380,-1,283,-1,268,-2,301,-4,290,-6,299,-5,509,-4,413,-4,470,-4,922,-1,446,-2,494,0,503,-6,432,-3,409,-4
10:02,309,0,376,-4,280,-3,267,-1,296,-5,292,2,296,-3,503,-6,411,-2,464,-6,921,-1,447,1,490,-4,496,-7,429,-3,406,-3
10:03,305,-4,373,-3,277,-3,267,0,295,-1,289,-3,292,-4,494,-9,412,1,458,-6,923,2,445,-2,487,-3,491,-5,427,-2,402,-4
10:04,303,-2,370,-3,271,-6,267,0,292,-3,289,0,287,-5,494,0,406,-6,451,-7,921,-2,437,-8,486,-1,485,-6,424,-4,399,-3
10:05,300,-3,367,-3,265,-6,260,-7,296,4,286,-3,284,-3,490,-4,407,1,447,-4,922,1,430,-7,484,-2,476,-9,423,-1,394,-5
10:06,299,-1,361,-6,263,-2,259,-1,295,-1,278,-8,281,-3,482,-8,406,-1,438,-9,921,-1,425,-5,483,-1,468,-8,421,-1,387,-6
10:07,294,-5,359,-2,263,0,252,-7,297,2,276,-2,281,0,476,-6,404,-2,431,-7,922,1,421,-4,481,-2,462,-6,420,-1,382,-5
10:08,292,-2,357,-2,264,1,248,-4,295,-2,275,-1,280,-1,470,-6,404,0,430,-1,921,-1,418,-3,482,1,460,-2,420,-1,380,-3
10:09,290,-2,349,-8,264,0,248,0,291,-4,271,-4,278,-2,462,-8,401,-3,429,-1,922,1,411,-7,482,0,455,-5,418,-1,375,-5
10:10,289,-1,344,-5,261,-3,251,3,291,0,271,0,276,-2,459,-3,399,-2,424,-5,921,-1,403,-8,479,-3,451,-4,417,-2,372,-3
10:11,287,-2,343,-1,260,-1,249,-2,291,0,268,-3,273,-3,458,-1,398,-1,419,-5,919,-2,402,-1,478,-1,450,-1,415,-1,370,-2
10:12,285,-2,342,-1,261,1,244,-5,290,-1,265,-3,271,-2,456,-2,395,-3,416,-3,922,3,398,-4,476,-2,447,-3,414,-1,367,-3
10:13,285,0,340,-2,260,-1,239,-5,289,-1,259,-6,270,-1,453,-3,391,-4,411,-5,922,0,397,-1,475,-1,445,-2,413,-1,363,-3
10:14,285,0,339,-1,258,-2,238,-1,289,0,255,-4,268,-2,447,-6,388,-3,406,-5,925,3,394,-3,475,0,441,-4,413,-1,360,-3
10:15,284,-1,331,-8,257,-1,235,-3,287,-2,247,-8,267,-1,441,-6,389,1,397,-9,924,-1,389,-5,473,-2,435,-6,412,-1,354,-6
10:16,283,-1,324,-7,256,-1,234,-1,286,-1,244,-3,264,-3,439,-2,389,0,392,-5,924,0,384,-5,474,1,433,-2,411,-1,350,-4
10:17,284,1,324,0,256,0,233,-1,286,0,243,-1,262,-2,439,0,384,-5,388,-4,924,0,377,-7,475,1,430,-3,410,-1,348,-2
10:18,283,-1,320,-4,254,-2,233,0,285,-1,238,-5,261,-1,431,-8,382,-2,386,-2,923,-1,373,-4,474,-1,426,-4,409,-1,344,-4
10:19,279,-4,314,-6,252,-2,233,0,282,-3,239,1,259,-2,427,-4,379,-3,383,-3,922,-1,372,-1,475,1,423,-3,407,-2,342,-2
10:21,279,0,312,-2,249,-3,231,-2,283,1,231,-8,259,0,424,-3,377,-2,383,0,922,0,372,0,474,-1,419,-4,406,-1,339,-3
10:22,277,-2,310,-2,249,0,224,-7,281,-2,224,-7,258,-1,422,-2,376,-1,382,-1,921,-1,367,-5,474,0,414,-5,405,-1,335,-4
10:23,278,1,306,-4,248,-1,224,0,281,0,219,-5,257,-1,415,-7,376,0,378,-4,919,-2,364,-3,474,0,414,0,405,0,331,-3
10:24,278,0,306,0,247,-1,224,0,281,0,217,-2,256,-1,413,-2,375,-1,370,-8,919,0,363,-1,474,0,414,0,404,0,330,-2
10:25,277,-1,303,-3,248,1,220,-4,281,0,212,-5,256,0,410,-3,374,-1,366,-4,918,-1,358,-5,472,-2,411,-3,404,-1,326,-4
10:26,277,0,299,-4,246,-2,218,-2,280,-1,209,-3,256,0,409,-1,374,0,363,-3,919,1,354,-4,470,-2,404,-7,403,-1,322,-3
10:27,276,-1,296,-3,246,0,217,-1,275,-5,209,0,256,0,408,-1,375,1,363,0,917,-2,350,-4,468,-2,400,-4,402,-1,320,-2
10:28,275,-1,295,-1,246,0,214,-3,274,-1,205,-4,254,-2,405,-3,374,-1,362,-1,917,0,351,1,469,1,397,-3,401,-1,318,-2
10:29,275,0,292,-3,242,-4,212,-2,271,-3,202,-3,251,-3,403,-2,372,-2,358,-4,917,0,348,-3,466,-3,397,0,399,-2,316,-2
10:30,273,-2,291,-1,239,-3,210,-2,270,-1,202,0,250,-1,402,-1,371,-1,356,-2,916,-1,342,-6,467,1,395,-2,398,-1,314,-2
10:31,271,-2,290,-1,241,2,208,-2,268,-2,202,0,246,-4,398,-4,370,-1,353,-3,916,0,338,-4,467,0,393,-2,397,-1,312,-2
10:32,268,-3,287,-3,240,-1,205,-3,267,-1,201,-1,245,-1,397,-1,367,-3,350,-3,915,-1,337,-1,464,-3,389,-4,395,-2,309,-2
10:33,268,0,285,-2,240,0,204,-1,265,-2,197,-4,245,0,397,0,367,0,349,-1,915,0,337,0,463,-1,387,-2,395,0,308,-1
10:34,267,-1,283,-2,239,-1,201,-3,262,-3,192,-5,244,-1,394,-3,366,-1,344,-5,915,0,335,-2,462,-1,381,-6,394,-1,304,-4
10:35,266,-1,283,0,237,-2,196,-5,261,-1,190,-2,244,0,393,-1,364,-2,342,-2,914,-1,333,-2,462,0,377,-4,393,-1,302,-2
10:36,264,-2,279,-4,235,-2,194,-2,261,0,190,0,242,-2,389,-4,363,-1,339,-3,914,0,331,-2,461,-1,377,0,391,-1,300,-2
10:37,264,0,277,-2,234,-1,192,-2,261,0,190,0,241,-1,386,-3,363,0,336,-3,914,0,331,0,460,-1,376,-1,391,0,298,-2
10:38,263,-1,276,-1,233,-1,189,-3,257,-4,187,-3,240,-1,384,-2,362,-1,334,-2,915,1,327,-4,459,-1,375,-1,390,-1,296,-2
10:39,262,-1,274,-2,232,-1,189,0,257,0,183,-4,240,0,381,-3,360,-2,332,-2,915,0,324,-3,461,2,374,-1,390,0,294,-2
10:40,261,-1,274,0,228,-4,186,-3,256,-1,182,-1,239,-1,377,-4,361,1,329,-3,915,0,324,0,459,-2,372,-2,388,-1,292,-2
10:41,259,-2,270,-4,226,-2,184,-2,253,-3,180,-2,237,-2,376,-1,361,0,327,-2,915,0,320,-4,458,-1,366,-6,387,-1,289,-3
10:42,256,-3,264,-6,223,-3,178,-6,250,-3,179,-1,236,-1,376,0,358,-3,322,-5,915,0,319,-1,458,0,366,0,385,-2,286,-3
10:43,254,-2,262,-2,222,-1,175,-3,248,-2,176,-3,236,0,370,-6,359,1,321,-1,915,0,315,-4,457,-1,360,-6,384,-1,283,-4
10:44,251,-3,260,-2,219,-3,173,-2,246,-2,171,-5,233,-3,361,-9,357,-2,319,-2,915,0,313,-2,456,-1,357,-3,382,-2,279,-4
10:45,250,-1,259,-1,215,-4,170,-3,245,-1,170,-1,232,-1,358,-3,357,0,315,-4,914,-1,310,-3,456,0,355,-2,381,-1,277,-2
10:46,247,-3,258,-1,214,-1,172,2,245,0,163,-7,232,0,354,-4,356,-1,315,0,914,0,306,-4,456,0,351,-4,381,-1,274,-3
10:47,243,-4,255,-3,214,0,170,-2,241,-4,157,-6,232,0,354,0,356,0,315,0,914,0,302,-4,456,0,350,-1,379,-1,272,-2
10:48,241,-2,253,-2,212,-2,170,0,241,0,155,-2,230,-2,352,-2,358,2,313,-2,914,0,303,1,454,-2,346,-4,379,-1,270,-2
10:49,240,-1,251,-2,211,-1,168,-2,237,-4,152,-3,227,-3,347,-5,356,-2,312,-1,913,-1,302,-1,452,-2,340,-6,377,-2,267,-3
10:50,239,-1,250,-1,210,-1,162,-6,236,-1,152,0,226,-1,345,-2,353,-3,307,-5,912,-1,300,-2,449,-3,336,-4,375,-2,265,-3
10:51,238,-1,250,0,208,-2,157,-5,237,1,149,-3,224,-2,344,-1,352,-1,304,-3,910,-2,298,-2,449,0,333,-3,374,-1,262,-2
10:52,236,-2,245,-5,205,-3,152,-5,234,-3,146,-3,222,-2,343,-1,351,-1,299,-5,910,0,295,-3,449,0,331,-2,372,-2,259,-3
10:53,235,-1,241,-4,203,-2,145,-7,233,-1,143,-3,223,1,342,-1,351,0,298,-1,911,1,294,-1,449,0,328,-3,372,0,256,-3
10:54,234,-1,239,-2,199,-4,144,-1,233,0,140,-3,221,-2,339,-3,348,-3,299,1,912,1,287,-7,446,-3,326,-2,370,-2,253,-2
10:55,231,-3,238,-1,193,-6,140,-4,231,-2,140,0,221,0,334,-5,345,-3,298,-1,912,0,282,-5,446,0,326,0,368,-2,251,-2
10:56,228,-3,235,-3,191,-2,133,-7,231,0,138,-2,217,-4,331,-3,345,0,292,-6,912,0,277,-5,446,0,322,-4,367,-1,247,-4
10:57,225,-3,230,-5,188,-3,129,-4,230,-1,138,0,214,-3,331,0,342,-3,290,-2,911,-1,272,-5,444,-2,316,-6,365,-2,244,-3
10:58,223,-2,228,-2,187,-1,122,-7,227,-3,134,-4,211,-3,328,-3,338,-4,288,-2,911,0,269,-3,443,-1,315,-1,363,-2,241,-3
10:59,220,-3,226,-2,183,-4,115,-7,227,0,134,0,210,-1,325,-3,338,0,284,-4,909,-2,263,-6,444,1,311,-4,362,-1,237,-4
11:00,220,0,218,-8,179,-4,109,-6,223,-4,134,0,208,-2,321,-4,337,-1,279,-5,910,1,258,-5,446,2,308,-3,360,-1,232,-4
11:01,218,-2,213,-5,175,-4,107,-2,219,-4,130,-4,208,0,319,-2,333,-4,275,-4,908,-2,254,-4,444,-2,306,-2,358,-3,229,-3
11:02,213,-5,209,-4,168,-7,103,-4,219,0,127,-3,207,-1,317,-2,329,-4,272,-3,908,0,254,0,443,-1,302,-4,355,-3,226,-3
11:03,211,-2,203,-6,166,-2,100,-3,215,-4,125,-2,207,0,314,-3,327,-2,270,-2,908,0,245,-9,444,1,301,-1,354,-1,223,-4
11:04,206,-5,199,-4,163,-3,96,-4,210,-5,117,-8,204,-3,310,-4,326,-1,268,-2,906,-2,239,-6,445,1,299,-2,351,-3,218,-4
11:05,203,-3,192,-7,160,-3,90,-6,209,-1,113,-4,201,-3,304,-6,324,-2,260,-8,906,0,234,-5,445,0,295,-4,350,-2,213,-6
11:06,200,-3,190,-2,155,-5,87,-3,207,-2,110,-3,200,-1,298,-6,322,-2,259,-1,906,0,232,-2,443,-2,294,-1,348,-2,210,-3
11:07,195,-5,181,-9,150,-5,85,-2,205,-2,103,-7,198,-2,295,-3,318,-4,255,-4,905,-1,225,-7,442,-1,288,-6,345,-3,205,-5
11:08,192,-3,172,-9,150,0,81,-4,195,-10,97,-6,197,-1,290,-5,313,-5,254,-1,904,-1,218,-7,443,1,287,-1,342,-3,200,-5
11:09,190,-2,167,-5,148,-2,77,-4,193,-2,95,-2,195,-2,290,0,313,0,252,-2,903,-1,216,-2,442,-1,284,-3,341,-1,197,-3
11:10,186,-4,166,-1,144,-4,74,-3,191,-2,93,-2,193,-2,286,-4,311,-2,246,-6,903,0,208,-8,441,-1,280,-4,338,-2,193,-4
11:11,184,-2,158,-8,138,-6,70,-4,191,0,84,-9,185,-8,281,-5,308,-3,244,-2,903,0,206,-2,440,-1,276,-4,336,-3,188,-5
11:12,183,-1,153,-5,137,-1,64,-6,186,-5,80,-4,184,-1,275,-6,309,1,244,0,904,1,201,-5,436,-4,273,-3,334,-1,184,-4
11:13,176,-7,143,-10,131,-6,57,-7,181,-5,78,-2,180,-4,268,-7,308,-1,241,-3,904,0,194,-7,435,-1,264,-9,331,-3,178,-6
11:14,170,-6,135,-8,129,-2,53,-4,178,-3,73,-5,175,-5,263,-5,304,-4,235,-6,902,-2,187,-7,433,-2,257,-7,327,-3,172,-6
11:15,166,-4,132,-3,128,-1,51,-2,177,-1,73,0,174,-1,256,-7,306,2,232,-3,901,-1,182,-5,431,-2,254,-3,326,-1,169,-3
11:16,166,0,130,-2,125,-3,48,-3,174,-3,70,-3,168,-6,252,-4,302,-4,226,-6,900,-1,180,-2,428,-3,247,-7,323,-3,165,-4
11:17,164,-2,125,-5,123,-2,47,-1,172,-2,68,-2,164,-4,246,-6,301,-1,222,-4,897,-3,174,-6,425,-3,245,-2,321,-2,161,-4
11:18,162,-2,121,-4,121,-2,46,-1,167,-5,64,-4,163,-1,244,-2,299,-2,221,-1,897,0,170,-4,425,0,245,0,319,-2,159,-2
11:19,162,0,120,-1,121,0,44,-2,165,-2,57,-7,158,-5,239,-5,295,-4,218,-3,896,-1,165,-5,423,-2,240,-5,317,-2,155,-4
11:20,160,-2,117,-3,120,-1,48,4,164,-1,55,-2,156,-2,234,-5,290,-5,213,-5,897,1,162,-3,419,-4,240,0,315,-2,153,-2
11:21,158,-2,114,-3,121,1,50,2,163,-1,49,-6,153,-3,229,-5,287,-3,215,2,897,0,158,-4,418,-1,231,-9,314,-1,149,-3
11:22,158,0,110,-4,116,-5,55,5,159,-4,41,-8,151,-2,226,-3,282,-5,205,-10,896,-1,156,-2,419,1,226,-5,312,-2,146,-4
11:23,155,-3,112,2,114,-2,57,2,160,1,40,-1,149,-2,220,-6,280,-2,201,-4,894,-2,154,-2,420,1,223,-3,310,-1,144,-2
11:24,155,0,109,-3,117,3,55,-2,160,0,39,-1,144,-5,216,-4,279,-1,201,0,894,0,152,-2,419,-1,220,-3,310,-1,142,-2
11:25,155,0,107,-2,115,-2,55,0,157,-3,35,-4,140,-4,212,-4,274,-5,197,-4,895,1,146,-6,415,-4,215,-5,307,-2,138,-4
11:26,152,-3,106,-1,117,2,53,-2,158,1,33,-2,138,-2,212,0,271,-3,196,-1,893,-2,146,0,415,0,212,-3,306,-1,137,-1
11:27,151,-1,102,-4,118,1,57,4,154,-4,30,-3,138,0,210,-2,270,-1,194,-2,895,2,145,-1,416,1,212,0,306,0,136,-1
11:28,149,-2,106,4,118,0,58,1,151,-3,29,-1,134,-4,207,-3,268,-2,193,-1,897,2,141,-4,413,-3,214,2,304,-2,135,0
11:29,147,-2,114,8,120,2,55,-3,149,-2,26,-3,132,-2,207,0,267,-1,189,-4,898,1,141,0,412,-1,212,-2,304,-1,135,-1
11:30,150,3,113,-1,118,-2,58,3,147,-2,25,-1,128,-4,206,-1,266,-1,186,-3,900,2,142,1,411,-1,207,-5,303,-1,134,-1
11:31,153,3,116,3,118,0,55,-3,147,0,25,0,126,-2,202,-4,269,3,189,3,900,0,145,3,412,1,205,-2,304,1,134,0
11:32,153,0,118,2,116,-2,56,1,147,0,23,-2,125,-1,201,-1,267,-2,192,3,900,0,143,-2,411,-1,207,2,303,-1,134,0
11:33,156,3,118,0,119,3,55,-1,148,1,24,1,127,2,201,0,266,-1,196,4,901,1,142,-1,412,1,211,4,304,1,135,1
11:34,158,2,115,-3,117,-2,52,-3,152,4,24,0,125,-2,201,0,266,0,196,0,902,1,141,-1,414,2,211,0,305,1,134,-1
11:35,159,1,118,3,118,1,50,-2,151,-1,23,-1,124,-1,202,1,267,1,191,-5,904,2,137,-4,414,0,216,5,305,0,134,0
11:36,152,-7,117,-1,118,0,51,1,149,-2,26,3,124,0,201,-1,267,0,194,3,903,-1,143,6,414,0,213,-3,304,-1,135,1
11:37,151,-1,119,2,120,2,47,-4,150,1,31,5,122,-2,197,-4,267,0,192,-2,905,2,144,1,414,0,212,-1,304,0,135,0
11:38,152,1,118,-1,120,0,46,-1,152,2,26,-5,124,2,196,-1,269,2,189,-3,906,1,142,-2,415,1,210,-2,305,1,132,-2
11:39,150,-2,117,-1,119,-1,47,1,154,2,29,3,124,0,196,0,268,-1,191,2,908,2,148,6,416,1,212,2,306,0,134,2
11:40,149,-1,119,2,117,-2,49,2,153,-1,27,-2,125,1,194,-2,269,1,189,-2,911,3,148,0,417,1,212,0,306,0,134,0
11:41,147,-2,116,-3,117,0,48,-1,154,1,26,-1,127,2,194,0,270,1,189,0,911,0,149,1,418,1,212,0,306,0,133,-1
11:42,145,-2,115,-1,118,1,46,-2,155,1,26,0,125,-2,192,-2,270,0,187,-2,910,-1,149,0,420,2,211,-1,306,0,132,-1
11:43,142,-3,112,-3,117,-1,39,-7,157,2,24,-2,127,2,194,2,268,-2,187,0,912,2,147,-2,418,-2,212,1,306,0,131,-2
11:44,143,1,108,-4,117,0,39,0,157,0,29,5,126,-1,190,-4,268,0,186,-1,912,0,149,2,418,0,209,-3,306,0,130,-1
11:45,142,-1,107,-1,116,-1,39,0,158,1,28,-1,126,0,191,1,269,1,185,-1,912,0,148,-1,418,0,207,-2,306,0,129,-1
11:46,142,0,106,-1,115,-1,38,-1,158,0,26,-2,126,0,187,-4,268,-1,187,2,913,1,146,-2,418,0,212,5,306,0,129,0
11:47,141,-1,102,-4,111,-4,37,-1,157,-1,25,-1,123,-3,187,0,267,-1,182,-5,912,-1,145,-1,420,2,206,-6,304,-1,126,-3
11:48,141,0,98,-4,115,4,35,-2,157,0,21,-4,121,-2,186,-1,264,-3,181,-1,912,0,144,-1,421,1,202,-4,304,0,124,-2
11:49,141,0,97,-1,114,-1,37,2,157,0,18,-3,120,-1,182,-4,264,0,180,-1,912,0,142,-2,421,0,200,-2,304,0,122,-2
11:50,140,-1,95,-2,112,-2,36,-1,158,1,19,1,118,-2,175,-7,263,-1,176,-4,910,-2,144,2,420,-1,198,-2,303,-1,120,-2
11:51,140,0,96,1,110,-2,36,0,157,-1,18,-1,118,0,172,-3,263,0,175,-1,911,1,143,-1,420,0,199,1,303,0,120,-1
11:52,138,-2,94,-2,109,-1,35,-1,157,0,18,0,117,-1,174,2,263,0,172,-3,912,1,140,-3,420,0,200,1,302,0,119,-1
11:53,139,1,94,0,108,-1,34,-1,158,1,16,-2,115,-2,172,-2,263,0,172,0,912,0,140,0,421,1,198,-2,302,0,118,-1
11:54,139,0,92,-2,107,-1,34,0,158,0,15,-1,116,1,172,0,264,1,172,0,914,2,136,-4,420,-1,199,1,303,0,117,-1
11:55,137,-2,89,-3,107,0,30,-4,155,-3,14,-1,114,-2,171,-1,264,0,167,-5,916,2,136,0,419,-1,198,-1,302,-1,115,-2
11:56,137,0,89,0,103,-4,31,1,156,1,11,-3,114,0,170,-1,264,0,165,-2,915,-1,138,2,419,0,196,-2,301,-1,114,-1
11:57,134,-3,88,-1,99,-4,29,-2,155,-1,14,3,112,-2,170,0,262,-2,164,-1,914,-1,138,0,420,1,194,-2,299,-2,114,0
11:58,134,0,87,-1,96,-3,26,-3,155,0,13,-1,114,2,171,1,261,-1,159,-5,915,1,134,-4,420,0,189,-5,299,0,111,-3
11:59,133,-1,84,-3,94,-2,27,1,155,0,10,-3,114,0,170,-1,260,-1,157,-2,915,0,132,-2,421,1,189,0,299,0,110,-1
12:00,130,-3,80,-4,93,-1,25,-2,157,2,10,0,113,-1,170,0,260,0,155,-2,915,0,134,2,421,0,188,-1,298,0,109,-1
12:01,126,-4,77,-3,93,0,24,-1,156,-1,6,-4,112,-1,168,-2,260,0,155,0,916,1,134,0,420,-1,189,1,298,-1,108,-1
12:02,124,-2,77,0,90,-3,22,-2,156,0,5,-1,111,-1,166,-2,261,1,154,-1,918,2,133,-1,421,1,188,-1,297,0,106,-1
12:03,124,0,76,-1,89,-1,17,-5,156,0,2,-3,111,0,166,0,261,0,155,1,919,1,135,2,421,0,186,-2,297,0,105,-1
12:04,122,-2,75,-1,88,-1,13,-4,155,-1,0,-2,110,-1,162,-4,259,-2,154,-1,919,0,132,-3,422,1,186,0,296,-1,103,-2
12:05,120,-2,75,0,88,0,8,-5,153,-2,-2,-2,110,0,158,-4,259,0,154,0,919,0,130,-2,423,1,186,0,296,0,101,-2
12:06,118,-2,68,-7,86,-2,9,1,151,-2,0,2,110,0,153,-5,257,-2,150,-4,919,0,129,-1,422,-1,186,0,295,-1,99,-2
12:07,117,-1,66,-2,86,0,7,-2,149,-2,0,0,108,-2,153,0,256,-1,147,-3,920,1,131,2,421,-1,185,-1,294,-1,98,-1
12:08,115,-2,64,-2,86,0,3,-4,146,-3,-4,-4,108,0,149,-4,256,0,142,-5,920,0,129,-2,420,-1,180,-5,293,-1,95,-4
12:09,116,1,59,-5,87,1,3,0,145,-1,-2,2,109,1,147,-2,255,-1,139,-3,920,0,126,-3,418,-2,178,-2,293,0,93,-2
12:10,112,-4,59,0,88,1,0,-3,142,-3,-1,1,109,0,146,-1,254,-1,137,-2,919,-1,127,1,417,-1,175,-3,292,-1,92,-1
12:11,110,-2,55,-4,86,-2,0,0,142,0,-3,-2,109,0,144,-2,253,-1,135,-2,919,0,126,-1,416,-1,173,-2,291,-1,90,-2
12:12,109,-1,53,-2,82,-4,3,3,141,-1,-3,0,109,0,145,1,253,0,134,-1,919,0,126,0,417,1,171,-2,290,-1,90,0
12:13,108,-1,51,-2,82,0,0,-3,139,-2,-6,-3,108,-1,142,-3,252,-1,134,0,919,0,119,-7,417,0,171,0,289,-1,87,-3
12:14,106,-2,50,-1,81,-1,-1,-1,139,0,-7,-1,108,0,138,-4,252,0,129,-5,919,0,118,-1,416,-1,170,-1,289,-1,85,-2
12:15,105,-1,45,-5,81,0,-4,-3,138,-1,-7,0,108,0,135,-3,251,-1,125,-4,919,0,118,0,416,0,168,-2,288,0,83,-2
12:16,104,-1,44,-1,80,-1,-9,-5,134,-4,-12,-5,105,-3,132,-3,246,-5,126,1,919,0,117,-1,417,1,162,-6,286,-2,80,-3
12:17,103,-1,43,-1,79,-1,-13,-4,131,-3,-14,-2,103,-2,128,-4,246,0,124,-2,919,0,114,-3,416,-1,161,-1,285,-1,78,-2
12:18,100,-3,40,-3,75,-4,-17,-4,130,-1,-16,-2,101,-2,124,-4,245,-1,120,-4,918,-1,112,-2,416,0,156,-5,284,-2,74,-3
12:19,100,0,38,-2,74,-1,-15,2,130,0,-14,2,100,-1,119,-5,245,0,116,-4,917,-1,108,-4,416,0,150,-6,283,0,72,-2
12:20,98,-2,35,-3,70,-4,-18,-3,125,-5,-15,-1,98,-2,113,-6,244,-1,115,-1,917,0,108,0,416,0,149,-1,281,-2,70,-2
12:21,97,-1,30,-5,64,-6,-16,2,125,0,-16,-1,97,-1,109,-4,243,-1,115,0,917,0,109,1,415,-1,146,-3,280,-1,68,-1
12:22,96,-1,28,-2,61,-3,-15,1,123,-2,-18,-2,96,-1,109,0,241,-2,111,-4,918,1,107,-2,416,1,145,-1,279,-1,67,-1
12:23,95,-1,23,-5,58,-3,-16,-1,120,-3,-22,-4,96,0,107,-2,239,-2,111,0,918,0,105,-2,415,-1,143,-2,277,-1,64,-2
12:24,93,-2,22,-1,55,-3,-16,0,117,-3,-22,0,96,0,108,1,241,2,107,-4,917,-1,106,1,412,-3,145,2,276,-1,64,0
12:25,93,0,23,1,49,-6,-17,-1,115,-2,-25,-3,95,-1,108,0,239,-2,105,-2,916,-1,108,2,415,3,141,-4,275,-1,63,-1
12:26,90,-3,20,-3,47,-2,-18,-1,113,-2,-21,4,93,-2,105,-3,240,1,101,-4,916,0,109,1,415,0,140,-1,273,-1,62,-1
12:27,87,-3,19,-1,44,-3,-20,-2,111,-2,-25,-4,93,0,101,-4,239,-1,101,0,915,-1,107,-2,413,-2,139,-1,272,-2,60,-2
12:28,84,-3,15,-4,43,-1,-26,-6,110,-1,-27,-2,92,-1,100,-1,241,2,98,-3,915,0,103,-4,411,-2,133,-6,271,-1,57,-4
12:29,84,0,18,3,39,-4,-32,-6,108,-2,-30,-3,90,-2,97,-3,239,-2,96,-2,917,2,102,-1,411,0,131,-2,270,-1,55,-2
12:30,81,-3,11,-7,34,-5,-32,0,107,-1,-32,-2,86,-4,97,0,235,-4,94,-2,917,0,103,1,410,-1,129,-2,267,-3,53,-2
12:31,79,-2,9,-2,29,-5,-36,-4,101,-6,-35,-3,85,-1,95,-2,231,-4,93,-1,917,0,99,-4,408,-2,128,-1,264,-3,50,-2
12:32,75,-4,6,-3,28,-1,-37,-1,100,-1,-37,-2,83,-2,91,-4,228,-3,88,-5,917,0,95,-4,405,-3,125,-3,262,-2,47,-3
12:33,72,-3,0,-6,25,-3,-38,-1,100,0,-38,-1,77,-6,91,0,224,-4,87,-1,917,0,93,-2,406,1,119,-6,260,-2,45,-2
12:34,72,0,-3,-3,23,-2,-39,-1,100,0,-43,-5,79,2,86,-5,218,-6,85,-2,915,-2,87,-6,405,-1,118,-1,259,-1,42,-3
12:35,68,-4,-10,-7,17,-6,-42,-3,97,-3,-45,-2,79,0,85,-1,215,-3,82,-3,917,2,85,-2,406,1,116,-2,257,-2,39,-3
12:36,67,-1,-15,-5,13,-4,-45,-3,97,0,-43,2,80,1,83,-2,213,-2,80,-2,914,-3,82,-3,404,-2,115,-1,255,-2,37,-2
12:37,63,-4,-18,-3,13,0,-44,1,93,-4,-50,-7,76,-4,82,-1,213,0,78,-2,914,0,81,-1,403,-1,110,-5,254,-2,34,-3
12:38,54,-9,-24,-6,8,-5,-43,1,91,-2,-50,0,70,-6,82,0,212,-1,70,-8,915,1,78,-3,401,-2,108,-2,250,-3,32,-3
12:39,45,-9,-26,-2,10,2,-42,1,90,-1,-51,-1,69,-1,79,-3,212,0,67,-3,916,1,74,-4,399,-2,107,-1,249,-1,30,-2
12:40,43,-2,-30,-4,7,-3,-46,-4,89,-1,-53,-2,68,-1,76,-3,209,-3,64,-3,915,-1,73,-1,401,2,105,-2,247,-1,27,-3
12:41,40,-3,-30,0,6,-1,-49,-3,85,-4,-59,-6,67,-1,74,-2,209,0,64,0,916,1,69,-4,400,-1,102,-3,246,-1,24,-3
12:42,35,-5,-36,-6,3,-3,-50,-1,85,0,-62,-3,64,-3,71,-3,209,0,63,-1,917,1,66,-3,396,-4,103,1,244,-2,22,-2
12:43,32,-3,-42,-6,0,-3,-51,-1,83,-2,-62,0,63,-1,65,-6,209,0,56,-7,916,-1,60,-6,395,-1,99,-4,243,-2,18,-4
12:44,30,-2,-43,-1,-1,-1,-50,1,78,-5,-66,-4,62,-1,61,-4,205,-4,53,-3,915,-1,59,-1,394,-1,94,-5,240,-2,15,-2
12:45,28,-2,-47,-4,-2,-1,-52,-2,78,0,-65,1,61,-1,58,-3,200,-5,51,-2,913,-2,57,-2,392,-2,92,-2,239,-2,13,-2
12:46,21,-7,-49,-2,-6,-4,-55,-3,72,-6,-64,1,58,-3,56,-2,195,-5,42,-9,913,0,58,1,392,0,88,-4,235,-4,11,-3
12:47,19,-2,-47,2,-6,0,-56,-1,67,-5,-68,-4,56,-2,54,-2,191,-4,37,-5,913,0,58,0,390,-2,85,-3,233,-2,9,-2
12:48,14,-5,-48,-1,-7,-1,-53,3,66,-1,-68,0,51,-5,52,-2,189,-2,32,-5,910,-3,58,0,389,-1,83,-2,230,-3,8,-1
12:49,9,-5,-49,-1,-8,-1,-54,-1,63,-3,-70,-2,50,-1,52,0,183,-6,32,0,911,1,55,-3,385,-4,79,-4,228,-3,6,-2
12:50,9,0,-49,0,-4,4,-53,1,57,-6,-73,-3,50,0,52,0,178,-5,28,-4,913,2,55,0,383,-2,76,-3,227,-1,5,-1
12:51,4,-5,-48,1,-5,-1,-51,2,55,-2,-76,-3,49,-1,49,-3,177,-1,29,1,913,0,49,-6,381,-2,76,0,225,-2,4,-1
12:52,4,0,-49,-1,-3,2,-52,-1,50,-5,-79,-3,44,-5,48,-1,176,-1,28,-1,913,0,48,-1,380,-1,74,-2,223,-1,3,-1
12:53,3,-1,-47,2,-3,0,-51,1,48,-2,-86,-7,40,-4,42,-6,174,-2,25,-3,913,0,47,-1,377,-3,69,-5,222,-2,0,-3
12:54,1,-2,-49,-2,-2,1,-49,2,44,-4,-85,1,41,1,42,0,170,-4,26,1,912,-1,44,-3,375,-2,68,-1,220,-2,0,0
12:55,1,0,-52,-3,-3,-1,-47,2,38,-6,-84,1,38,-3,35,-7,168,-2,24,-2,911,-1,45,1,374,-1,64,-4,218,-2,-2,-2
12:56,0,-1,-56,-4,-2,1,-40,7,33,-5,-85,-1,36,-2,35,0,168,0,20,-4,909,-2,43,-2,372,-2,62,-2,217,-2,-3,-1
12:57,-1,-1,-49,7,-1,1,-38,2,31,-2,-86,-1,35,-1,38,3,166,-2,18,-2,908,-1,43,0,374,2,64,2,216,-1,-1,2
12:58,2,3,-44,5,0,1,-35,3,31,0,-86,0,30,-5,36,-2,166,0,17,-1,908,0,45,2,378,4,63,-1,216,0,-1,1
12:59,2,0,-45,-1,-2,-2,-34,1,33,2,-90,-4,25,-5,33,-3,167,1,16,-1,905,-3,42,-3,376,-2,65,2,215,-1,-2,-1
13:00,3,1,-46,-1,-5,-3,-34,0,32,-1,-88,2,22,-3,32,-1,163,-4,17,1,905,0,43,1,378,2,61,-4,214,-1,-2,0
13:01,5,2,-45,1,-3,2,-33,1,30,-2,-91,-3,14,-8,29,-3,159,-4,19,2,905,0,43,0,380,2,61,0,213,-1,-2,0
13:02,8,3,24,69,-3,0,-40,-7,31,1,-92,-1,12,-2,25,-4,155,-4,18,-1,904,-1,48,5,378,-2,56,-5,212,-1,6,8
13:03,9,1,27,3,0,3,-38,2,32,1,-89,3,12,0,29,4,156,1,14,-4,908,4,56,8,378,0,62,6,214,1,9,3
13:04,9,0,36,9,2,2,-40,-2,31,-1,-86,3,11,-1,32,3,155,-1,18,4,910,2,53,-3,378,0,60,-2,214,0,10,2
13:05,10,1,38,2,3,1,-40,0,35,4,-87,-1,12,1,32,0,154,-1,17,-1,911,1,52,-1,378,0,59,-1,215,1,10,0
13:06,7,-3,37,-1,3,0,-44,-4,35,0,-84,3,13,1,36,4,156,2,20,3,912,1,53,1,382,4,63,4,215,1,12,1
13:07,13,6,42,5,3,0,-43,1,37,2,-79,5,11,-2,36,0,153,-3,22,2,911,-1,60,7,383,1,65,2,216,0,15,3
13:08,15,2,41,-1,2,-1,-45,-2,37,0,-74,5,10,-1,36,0,160,7,24,2,910,-1,64,4,386,3,70,5,217,1,17,2
13:09,15,0,42,1,1,-1,-41,4,38,1,-71,3,12,2,39,3,162,2,26,2,917,7,65,1,388,2,68,-2,219,2,18,2
13:10,14,-1,40,-2,2,1,-42,-1,39,1,-70,1,14,2,42,3,161,-1,26,0,921,4,62,-3,391,3,64,-4,220,1,17,-1
13:11,14,0,41,1,2,0,-42,0,36,-3,-67,3,17,3,45,3,160,-1,31,5,923,2,61,-1,395,4,62,-2,221,1,19,1
13:12,16,2,43,2,2,0,-41,1,34,-2,-63,4,13,-4,46,1,161,1,32,1,922,-1,66,5,398,3,64,2,221,0,21,2
13:13,16,0,44,1,3,1,-44,-3,34,0,-62,1,13,0,50,4,159,-2,29,-3,922,0,69,3,401,3,68,4,221,0,22,1
13:14,16,0,46,2,4,1,-46,-2,33,-1,-62,0,16,3,48,-2,161,2,28,-1,925,3,67,-2,400,-1,76,8,222,1,22,0
13:15,16,0,49,3,3,-1,-48,-2,33,0,-58,4,19,3,46,-2,162,1,29,1,925,0,70,3,400,0,76,0,223,0,23,1
13:16,14,-2,47,-2,4,1,-47,1,31,-2,-62,-4,17,-2,44,-2,161,-1,28,-1,925,0,73,3,399,-1,74,-2,222,-1,22,-1
13:17,12,-2,47,0,3,-1,-47,0,29,-2,-62,0,16,-1,44,0,163,2,28,0,925,0,72,-1,397,-2,73,-1,221,-1,22,0
13:18,11,-1,48,1,2,-1,-48,-1,28,-1,-61,1,16,0,42,-2,164,1,33,5,925,0,71,-1,397,0,72,-1,220,0,22,0
13:19,10,-1,46,-2,0,-2,-48,0,29,1,-63,-2,16,0,42,0,165,1,29,-4,925,0,70,-1,396,-1,69,-3,220,0,21,-2
13:20,9,-1,45,-1,1,1,-46,2,29,0,-66,-3,17,1,40,-2,167,2,31,2,927,2,73,3,396,0,68,-1,221,1,21,0
13:21,10,1,44,-1,-1,-2,-46,0,30,1,-64,2,16,-1,39,-1,164,-3,32,1,926,-1,75,2,396,0,65,-3,220,-1,21,0
13:22,9,-1,47,3,-1,0,-48,-2,30,0,-66,-2,16,0,39,0,162,-2,31,-1,927,1,75,0,398,2,65,0,220,0,20,0
13:23,8,-1,49,2,-1,0,-47,1,28,-2,-65,1,16,0,37,-2,161,-1,30,-1,927,0,75,0,398,0,68,3,220,-1,21,1
13:24,8,0,49,0,-2,-1,-46,1,25,-3,-65,0,17,1,39,2,160,-1,30,0,927,0,73,-2,396,-2,71,3,219,-1,22,1
13:25,9,1,46,-3,-1,1,-49,-3,26,1,-64,1,16,-1,37,-2,160,0,31,1,928,1,70,-3,395,-1,71,0,219,0,20,-1
13:26,9,0,46,0,-3,-2,-47,2,26,0,-64,0,16,0,37,0,160,0,34,3,926,-2,68,-2,396,1,70,-1,219,0,21,0
13:27,11,2,45,-1,-3,0,-47,0,27,1,-61,3,16,0,37,0,160,0,33,-1,926,0,65,-3,397,1,74,4,219,1,21,0
13:28,11,0,44,-1,-3,0,-47,0,27,0,-64,-3,17,1,38,1,161,1,33,0,926,0,61,-4,397,0,72,-2,219,0,20,-1
13:29,10,-1,46,2,-5,-2,-48,-1,27,0,-66,-2,16,-1,40,2,161,0,32,-1,928,2,56,-5,395,-2,72,0,219,-1,19,-1
13:30,12,2,46,0,-5,0,-47,1,25,-2,-66,0,15,-1,39,-1,159,-2,28,-4,928,0,56,0,395,0,73,1,218,0,18,0
13:32,10,-2,47,1,-2,3,-48,-1,25,0,-65,1,16,1,40,1,158,-1,26,-2,929,1,56,0,398,3,72,-1,219,1,18,0
13:33,11,1,50,3,-3,-1,-50,-2,24,-1,-66,-1,12,-4,34,-6,159,1,27,1,928,-1,53,-3,398,0,72,0,218,-1,17,-1
13:34,11,0,48,-2,-3,0,-52,-2,23,-1,-69,-3,12,0,35,1,158,-1,28,1,928,0,52,-1,400,2,68,-4,218,0,16,-1
13:35,12,1,44,-4,-4,-1,-55,-3,23,0,-69,0,11,-1,34,-1,156,-2,28,0,928,0,53,1,401,1,68,0,218,0,15,-1
13:36,11,-1,42,-2,-6,-2,-55,0,22,-1,-67,2,13,2,35,1,156,0,27,-1,928,0,52,-1,401,0,68,0,218,0,15,0
13:37,10,-1,41,-1,-5,1,-55,0,21,-1,-67,0,14,1,36,1,156,0,27,0,928,0,51,-1,401,0,66,-2,218,0,14,0
13:38,12,2,40,-1,-7,-2,-59,-4,22,1,-67,0,12,-2,36,0,154,-2,26,-1,928,0,53,2,401,0,65,-1,217,0,13,-1
13:39,14,2,39,-1,-8,-1,-62,-3,19,-3,-71,-4,10,-2,36,0,156,2,27,1,928,0,49,-4,401,0,64,-1,217,0,12,-2
13:40,15,1,39,0,-9,-1,-62,0,20,1,-71,0,10,0,36,0,157,1,28,1,929,1,49,0,401,0,64,0,218,0,12,0
13:41,13,-2,37,-2,-11,-2,-60,2,18,-2,-71,0,10,0,33,-3,157,0,31,3,932,3,51,2,401,0,64,0,217,0,12,0
13:42,14,1,33,-4,-13,-2,-60,0,18,0,-73,-2,6,-4,33,0,156,-1,32,1,932,0,53,2,402,1,65,1,216,-1,12,0
13:43,16,2,31,-2,-16,-3,-61,-1,15,-3,-72,1,6,0,32,-1,159,3,32,0,933,1,53,0,401,-1,67,2,216,0,12,0
13:44,17,1,28,-3,-18,-2,-62,-1,14,-1,-73,-1,6,0,33,1,159,0,35,3,933,0,54,1,401,0,66,-1,216,0,12,0
13:45,17,0,29,1,-20,-2,-63,-1,13,-1,-78,-5,2,-4,28,-5,158,-1,35,0,933,0,54,0,402,1,66,0,215,-1,10,-1
13:46,15,-2,31,2,-25,-5,-65,-2,11,-2,-74,4,1,-1,28,0,159,1,38,3,935,2,52,-2,402,0,63,-3,214,-1,10,0
13:47,16,1,30,-1,-25,0,-68,-3,9,-2,-75,-1,1,0,32,4,160,1,33,-5,935,0,50,-2,401,-1,63,0,214,0,9,-1
13:48,14,-2,29,-1,-23,2,-68,0,9,0,-77,-2,2,1,32,0,159,-1,29,-4,935,0,48,-2,398,-3,61,-2,213,0,8,-2
13:49,13,-1,30,1,-24,-1,-66,2,9,0,-78,-1,2,0,30,-2,156,-3,28,-1,936,1,50,2,397,-1,61,0,213,-1,8,0
13:50,11,-2,30,0,-25,-1,-65,1,6,-3,-79,-1,2,0,27,-3,155,-1,30,2,936,0,45,-5,396,-1,63,2,212,-1,7,-1
13:51,12,1,26,-4,-25,0,-64,1,5,-1,-79,0,2,0,28,1,155,0,30,0,937,1,47,2,395,-1,62,-1,212,0,7,0
13:52,9,-3,28,2,-27,-2,-63,1,5,0,-81,-2,1,-1,26,-2,158,3,29,-1,938,1,50,3,394,-1,62,0,211,0,7,0
13:53,8,-1,26,-2,-28,-1,-63,0,4,-1,-83,-2,1,0,26,0,157,-1,27,-2,938,0,51,1,393,-1,64,2,210,-1,7,0
13:54,7,-1,25,-1,-30,-2,-62,1,3,-1,-83,0,1,0,24,-2,156,-1,25,-2,939,1,51,0,394,1,62,-2,210,0,6,-1
13:55,7,0,24,-1,-28,2,-63,-1,3,0,-83,0,0,-1,24,0,154,-2,25,0,938,-1,50,-1,393,-1,61,-1,210,0,5,-1
13:56,4,-3,21,-3,-27,1,-62,1,-1,-4,-90,-7,0,0,24,0,156,2,23,-2,938,0,49,-1,394,1,60,-1,209,0,4,-2
13:57,3,-1,22,1,-28,-1,-62,0,-2,-1,-86,4,-1,-1,21,-3,154,-2,21,-2,936,-2,49,0,395,1,61,1,208,-1,4,0
13:58,2,-1,21,-1,-28,0,-62,0,-3,-1,-90,-4,-1,0,20,-1,154,0,18,-3,937,1,50,1,394,-1,61,0,208,0,3,-1
13:59,1,-1,21,0,-25,3,-64,-2,-5,-2,-93,-3,-2,-1,18,-2,154,0,15,-3,937,0,49,-1,392,-2,60,-1,207,0,1,-2
14:00,1,0,19,-2,-23,2,-65,-1,-4,1,-94,-1,-2,0,16,-2,153,-1,15,0,939,2,48,-1,393,1,61,1,208,1,0,-1
14:01,0,-1,19,0,-24,-1,-66,-1,-4,0,-92,2,-5,-3,14,-2,152,-1,15,0,941,2,46,-2,392,-1,58,-3,207,-1,-1,-1
14:02,-2,-2,19,0,-24,0,-71,-5,-5,-1,-95,-3,-7,-2,17,3,152,0,20,5,942,1,45,-1,392,0,56,-2,207,-1,-1,0
14:03,-5,-3,17,-2,-25,-1,-72,-1,-6,-1,-91,4,-6,1,16,-1,152,0,22,2,942,0,44,-1,393,1,57,1,206,0,-1,0
14:04,-6,-1,16,-1,-28,-3,-72,0,-6,0,-92,-1,-5,1,16,0,150,-2,18,-4,942,0,42,-2,393,0,55,-2,206,-1,-2,-1
14:05,-8,-2,12,-4,-29,-1,-75,-3,-5,1,-90,2,-5,0,13,-3,150,0,19,1,941,-1,40,-2,392,-1,49,-6,205,-1,-5,-2
14:06,-7,1,6,-6,-32,-3,-75,0,-4,1,-92,-2,-5,0,12,-1,148,-2,19,0,942,1,40,0,390,-2,45,-4,205,-1,-6,-2
14:07,-8,-1,9,3,-34,-2,-74,1,-4,0,-94,-2,-6,-1,10,-2,146,-2,17,-2,944,2,39,-1,388,-2,41,-4,204,-1,-7,-1
14:08,-10,-2,5,-4,-36,-2,-73,1,-2,2,-96,-2,-5,1,2,-8,144,-2,20,3,944,0,38,-1,387,-1,39,-2,203,-1,-9,-2
14:09,-11,-1,2,-3,-38,-2,-75,-2,-5,-3,-100,-4,-4,1,-2,-4,142,-2,18,-2,944,0,37,-1,386,-1,39,0,202,-1,-12,-2
14:10,-12,-1,0,-2,-37,1,-72,3,-7,-2,-100,0,-2,2,-1,1,140,-2,15,-3,945,1,35,-2,383,-3,38,-1,201,-1,-12,-1
14:11,-13,-1,-2,-2,-33,4,-76,-4,-8,-1,-104,-4,-6,-4,1,2,138,-2,14,-1,947,2,33,-2,384,1,38,0,201,0,-14,-2
14:12,-14,-1,-1,1,-31,2,-78,-2,-11,-3,-101,3,-7,-1,0,-1,136,-2,14,0,947,0,33,0,387,3,37,-1,201,0,-14,0
14:13,-18,-4,-2,-1,-34,-3,-77,1,-12,-1,-99,2,-7,0,1,1,135,-1,12,-2,947,0,33,0,386,-1,35,-2,200,-1,-14,0
14:14,-17,1,-6,-4,-33,1,-77,0,-10,2,-99,0,-9,-2,0,-1,135,0,12,0,947,0,32,-1,384,-2,32,-3,200,0,-15,-1
14:15,-16,1,-11,-5,-35,-2,-75,2,-10,0,-98,1,-8,1,4,4,135,0,14,2,946,-1,33,1,385,1,33,1,200,0,-14,1
14:16,-18,-2,-12,-1,-36,-1,-76,-1,-13,-3,-100,-2,-6,2,3,-1,136,1,16,2,944,-2,31,-2,383,-2,29,-4,199,-1,-16,-1
14:17,-19,-1,-13,-1,-35,1,-78,-2,-16,-3,-102,-2,-5,1,5,2,134,-2,16,0,946,2,32,1,383,0,28,-1,198,0,-16,0
14:18,-21,-2,-10,3,-33,2,-79,-1,-13,3,-99,3,-8,-3,2,-3,135,1,14,-2,945,-1,34,2,383,0,31,3,198,0,-15,1
14:19,-23,-2,-10,0,-34,-1,-73,6,-12,1,-96,3,-6,2,3,1,137,2,15,1,947,2,32,-2,383,0,32,1,199,1,-14,1
14:20,-23,0,-3,7,-34,0,-70,3,-15,-3,-95,1,-6,0,3,0,135,-2,16,1,946,-1,29,-3,383,0,33,1,198,-1,-12,1
14:21,-22,1,-2,1,-32,2,-65,5,-14,1,-99,-4,-7,-1,2,-1,133,-2,15,-1,949,3,33,4,383,0,29,-4,199,1,-12,0
14:22,-20,2,-1,1,-31,1,-54,11,-8,6,-91,8,-8,-1,-1,-3,132,-1,16,1,950,1,29,-4,383,0,29,0,200,1,-10,2
14:23,-18,2,-2,-1,-28,3,-50,4,-6,2,-93,-2,-9,-1,1,2,131,-1,15,-1,950,0,29,0,382,-1,29,0,200,1,-10,0
14:24,-20,-2,-3,-1,-26,2,-46,4,-6,0,-97,-4,-10,-1,-1,-2,130,-1,13,-2,952,2,30,1,382,0,31,2,200,0,-10,0
14:25,-19,1,2,5,-18,8,-40,6,-6,0,-97,0,-13,-3,-2,-1,128,-2,17,4,952,0,33,3,382,0,32,1,201,1,-8,3
14:26,-17,2,9,7,-11,7,-34,6,-5,1,-94,3,-12,1,1,3,130,2,20,3,953,1,33,0,383,1,30,-2,203,2,-5,3
14:27,-18,-1,15,6,-10,1,-32,2,-4,1,-94,0,-7,5,2,1,131,1,20,0,953,0,36,3,387,4,35,5,205,2,-3,2
14:28,-19,-1,23,8,-11,-1,-26,6,-1,3,-89,5,-6,1,6,4,134,3,22,2,953,0,34,-2,389,2,39,4,206,1,1,4
14:29,-11,8,28,5,-10,1,-21,5,2,3,-86,3,-2,4,9,3,133,-1,25,3,957,4,32,-2,392,3,42,3,209,3,4,3
14:30,-3,8,34,6,-8,2,-17,4,2,0,-87,-1,1,3,11,2,137,4,25,0,957,0,33,1,394,2,44,2,211,3,6,2
14:31,3,6,42,8,-3,5,-12,5,4,2,-85,2,4,3,18,7,138,1,28,3,963,6,34,1,395,1,46,2,215,3,10,4
14:32,11,8,43,1,-5,-2,-1,11,6,2,-80,5,6,2,21,3,137,-1,26,-2,962,-1,40,6,398,3,50,4,216,2,14,4
14:33,14,3,49,6,-6,-1,4,5,10,4,-66,14,14,8,21,0,142,5,33,7,967,5,44,4,403,5,56,6,221,4,20,6
14:34,18,4,50,1,-3,3,4,0,16,6,-62,4,17,3,27,6,142,0,36,3,971,4,53,9,408,5,59,3,224,4,24,4
14:35,23,5,52,2,-1,2,9,5,20,4,-58,4,18,1,31,4,146,4,39,3,974,3,57,4,411,3,64,5,227,3,28,4
14:36,24,1,54,2,-1,0,10,1,21,1,-58,0,16,-2,36,5,153,7,41,2,980,6,66,9,415,4,67,3,230,2,31,3
14:37,26,2,61,7,1,2,11,1,25,4,-53,5,16,0,49,13,155,2,45,4,983,3,75,9,415,0,70,3,232,2,37,6
14:38,30,4,68,7,1,0,11,0,31,6,-45,8,18,2,55,6,159,4,49,4,989,6,75,0,419,4,79,9,235,4,42,5
14:39,33,3,73,5,1,0,15,4,35,4,-43,2,27,9,60,5,164,5,50,1,994,5,76,1,421,2,83,4,239,4,45,3
14:40,35,2,78,5,0,-1,17,2,36,1,-34,9,29,2,61,1,172,8,58,8,997,3,80,4,423,2,89,6,242,2,50,5
14:41,38,3,80,2,0,0,21,4,39,3,-34,0,32,3,65,4,177,5,64,6,998,1,79,-1,428,5,90,1,245,3,52,2
14:42,40,2,83,3,-1,-1,19,-2,46,7,-29,5,32,0,71,6,185,8,67,3,999,1,82,3,430,2,91,1,247,3,55,3
14:43,42,2,87,4,1,2,18,-1,47,1,-26,3,35,3,81,10,185,0,71,4,1001,2,86,4,432,2,93,2,249,2,59,4
14:44,39,-3,86,-1,1,0,19,1,46,-1,-24,2,36,1,80,-1,185,0,73,2,1004,3,85,-1,435,3,96,3,249,0,59,1
14:45,39,0,86,0,3,2,19,0,46,0,-19,5,37,1,80,0,185,0,77,4,1004,0,87,2,436,1,96,0,250,1,61,2
14:46,42,3,87,1,4,1,21,2,47,1,-18,1,38,1,82,2,186,1,77,0,1008,4,85,-2,438,2,95,-1,252,2,61,0
14:47,44,2,90,3,3,-1,20,-1,50,3,-17,1,42,4,83,1,186,0,79,2,1010,2,87,2,439,1,99,4,253,2,63,2
14:48,44,0,92,2,4,1,21,1,52,2,-14,3,46,4,84,1,187,1,77,-2,1009,-1,87,0,439,0,101,2,254,1,64,1
14:49,45,1,93,1,5,1,23,2,52,0,-15,-1,48,2,87,3,187,0,77,0,1010,1,91,4,440,1,101,0,255,1,65,1
14:50,44,-1,95,2,9,4,22,-1,51,-1,-18,-3,51,3,87,0,187,0,79,2,1012,2,91,0,443,3,99,-2,257,1,65,0
14:51,44,0,95,0,13,4,21,-1,53,2,-15,3,50,-1,86,-1,188,1,77,-2,1013,1,89,-2,446,3,99,0,258,1,65,0
14:52,44,0,94,-1,12,-1,22,1,54,1,-13,2,51,1,88,2,189,1,79,2,1012,-1,91,2,447,1,97,-2,258,0,65,1
14:53,44,0,95,1,12,0,20,-2,55,1,-13,0,52,1,87,-1,190,1,81,2,1014,2,92,1,449,2,98,1,259,1,66,0
14:54,44,0,95,0,12,0,20,0,56,1,-9,4,52,0,88,1,190,0,82,1,1015,1,93,1,451,2,99,1,260,1,67,1
14:55,45,1,96,1,12,0,22,2,56,0,-9,0,52,0,92,4,189,-1,87,5,1016,1,93,0,455,4,99,0,261,1,69,2
14:56,45,0,98,2,15,3,21,-1,55,-1,-4,5,54,2,93,1,189,0,88,1,1018,2,91,-2,456,1,100,1,262,1,70,1
14:57,44,-1,98,0,15,0,20,-1,56,1,-5,-1,56,2,95,2,189,0,86,-2,1019,1,91,0,456,0,101,1,262,0,69,0
14:58,43,-1,98,0,16,1,20,0,57,1,-4,1,57,1,99,4,189,0,86,0,1019,0,91,0,459,3,101,0,263,1,70,1
14:59,43,0,97,-1,16,0,19,-1,58,1,-4,0,59,2,100,1,189,0,85,-1,1021,2,91,0,463,4,103,2,264,1,70,0
15:00,44,1,95,-2,16,0,22,3,58,0,-6,-2,58,-1,99,-1,191,2,85,0,1021,0,92,1,467,4,103,0,265,1,70,0
15:01,43,-1,96,1,17,1,24,2,59,1,-7,-1,56,-2,99,0,192,1,86,1,1023,2,93,1,467,0,104,1,265,0,71,1
15:02,42,-1,94,-2,18,1,24,0,59,0,-8,-1,57,1,99,0,194,2,86,0,1025,2,95,2,470,3,106,2,266,1,71,0
15:03,42,0,94,0,18,0,23,-1,61,2,-6,2,55,-2,99,0,193,-1,88,2,1024,-1,93,-2,472,2,107,1,266,0,71,0
15:04,42,0,96,2,18,0,23,0,61,0,-4,2,56,1,101,2,195,2,90,2,1026,2,94,1,472,0,108,1,267,1,73,1
15:05,46,4,99,3,19,1,25,2,61,0,-1,3,59,3,101,0,197,2,92,2,1028,2,97,3,474,2,113,5,269,2,75,3
15:06,51,5,97,-2,20,1,26,1,63,2,-2,-1,59,0,103,2,198,1,92,0,1028,0,97,0,476,2,113,0,271,2,75,0
15:07,50,-1,98,1,20,0,30,4,65,2,-3,-1,60,1,105,2,199,1,92,0,1033,5,99,2,476,0,114,1,272,1,76,1
15:08,52,2,98,0,19,-1,30,0,67,2,-2,1,62,2,106,1,201,2,91,-1,1033,0,101,2,476,0,112,-2,273,1,77,0
15:09,52,0,102,4,22,3,31,1,68,1,-1,1,63,1,109,3,204,3,93,2,1035,2,98,-3,476,0,109,-3,274,1,77,1
15:10,53,1,102,0,23,1,30,-1,68,0,0,1,66,3,109,0,205,1,97,4,1036,1,100,2,476,0,111,2,275,1,78,1
15:11,49,-4,100,-2,23,0,29,-1,71,3,1,1,70,4,106,-3,205,0,97,0,1038,2,100,0,477,1,109,-2,276,1,77,-1
15:12,51,2,99,-1,22,-1,30,1,71,0,1,0,68,-2,109,3,205,0,101,4,1041,3,101,1,478,1,108,-1,277,0,78,1
15:13,53,2,99,0,23,1,32,2,71,0,2,1,69,1,110,1,205,0,101,0,1041,0,102,1,479,1,109,1,277,1,79,1
15:14,54,1,98,-1,23,0,30,-2,72,1,4,2,70,1,111,1,207,2,100,-1,1039,-2,104,2,480,1,112,3,278,1,80,1
15:15,54,0,98,0,24,1,30,0,71,-1,6,2,70,0,113,2,207,0,103,3,1040,1,101,-3,479,-1,115,3,278,0,81,1
15:16,54,0,97,-1,27,3,29,-1,70,-1,8,2,69,-1,114,1,206,-1,104,1,1041,1,101,0,479,0,112,-3,278,0,81,0
15:17,53,-1,98,1,29,2,29,0,72,2,8,0,72,3,116,2,207,1,107,3,1042,1,100,-1,482,3,114,2,280,2,82,1
15:18,56,3,98,0,30,1,30,1,73,1,11,3,73,1,115,-1,208,1,107,0,1049,7,99,-1,482,0,116,2,282,2,82,1
15:19,56,0,98,0,32,2,29,-1,75,2,12,1,71,-2,115,0,208,0,108,1,1049,0,100,1,483,1,120,4,282,0,83,1
15:20,58,2,97,-1,32,0,35,6,75,0,13,1,71,0,113,-2,207,-1,111,3,1050,1,101,1,483,0,122,2,282,0,85,1
15:21,60,2,98,1,32,0,35,0,73,-2,15,2,75,4,113,0,207,0,110,-1,1051,1,102,1,485,2,125,3,283,1,85,1
15:22,62,2,98,0,31,-1,35,0,72,-1,17,2,74,-1,117,4,207,0,109,-1,1052,1,101,-1,485,0,127,2,283,0,86,1
15:23,64,2,100,2,32,1,38,3,71,-1,19,2,73,-1,118,1,205,-2,111,2,1053,1,102,1,485,0,131,4,283,0,88,2
15:24,65,1,98,-2,32,0,39,1,70,-1,17,-2,75,2,120,2,205,0,112,1,1053,0,104,2,487,2,132,1,284,1,89,0
15:25,65,0,99,1,32,0,41,2,70,0,16,-1,74,-1,120,0,204,-1,113,1,1054,1,107,3,488,1,133,1,284,0,90,1
15:26,68,3,100,1,31,-1,43,2,70,0,19,3,76,2,121,1,206,2,111,-2,1055,1,107,0,489,1,135,2,285,1,91,1
15:27,69,1,100,0,31,0,46,3,70,0,21,2,77,1,118,-3,207,1,113,2,1056,1,108,1,491,2,136,1,286,1,92,1
15:28,70,1,96,-4,34,3,46,0,69,-1,20,-1,79,2,119,1,209,2,115,2,1057,1,108,0,492,1,140,4,287,1,92,0
15:29,69,-1,99,3,34,0,48,2,71,2,25,5,79,0,125,6,211,2,116,1,1060,3,108,0,494,2,140,0,288,1,94,2
15:30,71,2,102,3,39,5,45,-3,73,2,26,1,78,-1,125,0,211,0,115,-1,1060,0,108,0,496,2,140,0,290,1,94,0
15:31,73,2,104,2,41,2,46,1,73,0,27,1,78,0,126,1,211,0,117,2,1061,1,108,0,498,2,141,1,291,1,96,1
15:32,73,0,106,2,41,0,45,-1,72,-1,29,2,76,-2,128,2,211,0,119,2,1062,1,109,1,500,2,144,3,291,0,97,2
15:33,72,-1,110,4,41,0,47,2,72,0,33,4,75,-1,127,-1,212,1,117,-2,1062,0,109,0,500,0,144,0,291,0,98,1
15:34,77,5,110,0,41,0,47,0,71,-1,34,1,77,2,127,0,211,-1,119,2,1062,0,109,0,500,0,145,1,291,1,99,1
15:35,78,1,110,0,42,1,47,0,72,1,34,0,79,2,128,1,211,0,121,2,1063,1,107,-2,499,-1,145,0,292,1,99,0
15:36,78,0,111,1,43,1,45,-2,76,4,36,2,79,0,125,-3,211,0,121,0,1062,-1,113,6,499,0,147,2,293,1,100,1
15:37,81,3,112,1,46,3,47,2,76,0,38,2,79,0,124,-1,216,5,122,1,1063,1,117,4,502,3,151,4,295,2,102,2
15:38,82,1,112,0,51,5,46,-1,74,-2,40,2,80,1,123,-1,216,0,128,6,1065,2,119,2,502,0,154,3,296,1,103,2
15:39,81,-1,113,1,52,1,45,-1,78,4,41,1,79,-1,119,-4,216,0,128,0,1069,4,118,-1,506,4,153,-1,297,2,102,-1
15:40,81,0,113,0,54,2,49,4,79,1,46,5,79,0,120,1,217,1,130,2,1070,1,119,1,508,2,156,3,298,1,105,2
15:41,81,0,113,0,55,1,49,0,82,3,48,2,79,0,121,1,215,-2,129,-1,1070,0,122,3,510,2,157,1,299,1,106,1
15:42,82,1,112,-1,57,2,51,2,81,-1,50,2,83,4,122,1,216,1,132,3,1072,2,122,0,512,2,157,0,300,2,107,1
15:43,82,0,111,-1,61,4,55,4,86,5,51,1,84,1,125,3,219,3,132,0,1073,1,122,0,513,1,160,3,303,2,108,1
15:44,83,1,110,-1,63,2,61,6,85,-1,53,2,85,1,123,-2,216,-3,131,-1,1072,-1,118,-4,513,0,160,0,302,0,108,0
15:45,82,-1,115,5,62,-1,65,4,86,1,53,0,86,1,121,-2,216,0,128,-3,1074,2,120,2,515,2,160,0,303,1,109,1
15:46,83,1,115,0,64,2,74,9,88,2,53,0,89,3,124,3,215,-1,129,1,1077,3,116,-4,518,3,162,2,305,2,110,2
15:47,86,3,114,-1,69,5,84,10,88,0,52,-1,89,0,125,1,214,-1,130,1,1076,-1,115,-1,519,1,164,2,306,1,112,2
15:48,88,2,118,4,73,4,90,6,85,-3,52,0,87,-2,129,4,215,1,131,1,1080,4,117,2,520,1,164,0,307,1,114,2
15:49,90,2,120,2,73,0,97,7,91,6,58,6,87,0,128,-1,215,0,131,0,1079,-1,114,-3,521,1,169,5,308,1,117,2
15:50,92,2,120,0,78,5,107,10,91,0,63,5,86,-1,130,2,216,1,135,4,1080,1,118,4,524,3,168,-1,310,2,120,3
15:51,92,0,125,5,88,10,111,4,92,1,63,0,87,1,135,5,215,-1,131,-4,1081,1,119,1,525,1,165,-3,311,2,121,1
15:52,99,7,124,-1,93,5,120,9,92,0,65,2,86,-1,137,2,215,0,135,4,1082,1,121,2,526,1,168,3,313,2,124,3
15:53,102,3,128,4,99,6,127,7,93,1,71,6,88,2,140,3,216,1,138,3,1083,1,124,3,526,0,171,3,315,2,128,4
15:54,105,3,130,2,108,9,133,6,96,3,73,2,88,0,141,1,214,-2,139,1,1085,2,126,2,527,1,171,0,318,2,130,2
15:55,106,1,141,11,110,2,137,4,95,-1,75,2,91,3,141,0,216,2,140,1,1085,0,128,2,527,0,172,1,319,1,133,3
15:56,115,9,153,12,115,5,141,4,92,-3,73,-2,92,1,146,5,213,-3,141,1,1085,0,129,1,529,2,175,3,320,2,137,3
15:57,123,8,166,13,127,12,149,8,93,1,75,2,92,0,146,0,214,1,140,-1,1088,3,129,0,532,3,172,-3,324,4,140,3
15:58,122,-1,172,6,133,6,151,2,96,3,79,4,92,0,147,1,216,2,142,2,1092,4,139,10,534,2,177,5,326,2,144,4
15:59,127,5,179,7,134,1,152,1,97,1,85,6,94,2,149,2,218,2,142,0,1094,2,144,5,537,3,180,3,329,2,147,3
16:00,132,5,187,8,136,2,162,10,97,0,87,2,98,4,149,0,218,0,145,3,1098,4,150,6,540,3,180,0,331,3,151,4
16:01,138,6,193,6,136,0,170,8,103,6,90,3,106,8,159,10,220,2,149,4,1101,3,154,4,543,3,185,5,335,4,157,6
16:02,146,8,196,3,137,1,173,3,110,7,94,4,109,3,163,4,226,6,162,13,1106,5,163,9,545,2,191,6,340,5,163,6
16:03,155,9,206,10,139,2,175,2,111,1,99,5,111,2,170,7,233,7,167,5,1109,3,170,7,549,4,199,8,344,4,169,6
16:04,159,4,211,5,142,3,177,2,112,1,107,8,117,6,178,8,241,8,176,9,1117,8,179,9,553,4,206,7,349,5,176,7
16:05,168,9,215,4,144,2,180,3,123,11,114,7,124,7,191,13,243,2,179,3,1126,9,183,4,558,5,213,7,355,6,182,6
16:06,173,5,218,3,152,8,184,4,131,8,127,13,127,3,196,5,248,5,189,10,1138,12,190,7,566,8,222,9,362,7,189,7
16:07,173,0,220,2,153,1,186,2,139,8,134,7,131,4,200,4,258,10,202,13,1144,6,199,9,575,9,227,5,368,5,195,6
16:08,175,2,223,3,154,1,185,-1,151,12,140,6,139,8,205,5,267,9,208,6,1155,11,197,-2,583,8,228,1,375,7,198,3
16:09,178,3,228,5,157,3,189,4,162,11,148,8,145,6,213,8,275,8,211,3,1159,4,210,13,591,8,235,7,381,6,205,7
16:10,180,2,237,9,159,2,197,8,166,4,160,12,152,7,226,13,281,6,214,3,1159,0,219,9,594,3,242,7,384,3,214,9
16:11,185,5,239,2,156,-3,196,-1,168,2,166,6,160,8,238,12,286,5,217,3,1164,5,228,9,598,4,246,4,388,4,219,5
16:12,187,2,240,1,159,3,200,4,172,4,166,0,160,0,240,2,289,3,224,7,1172,8,229,1,609,11,249,3,393,4,221,3
16:13,188,1,244,4,158,-1,200,0,176,4,169,3,164,4,240,0,292,3,238,14,1179,7,236,7,612,3,258,9,396,3,226,5
16:14,190,2,250,6,163,5,201,1,183,7,177,8,170,6,245,5,296,4,243,5,1181,2,240,4,613,1,263,5,399,4,231,5
16:15,193,3,248,-2,163,0,202,1,186,3,181,4,173,3,250,5,297,1,254,11,1179,-2,243,3,614,1,267,4,401,1,235,4
16:16,196,3,254,6,164,1,207,5,186,0,191,10,172,-1,255,5,300,3,268,14,1179,0,246,3,614,0,269,2,402,1,241,6
16:17,197,1,258,4,163,-1,213,6,189,3,191,0,173,1,256,1,301,1,272,4,1182,3,249,3,617,3,268,-1,403,2,244,2
16:18,196,-1,265,7,166,3,213,0,192,3,194,3,173,0,258,2,306,5,277,5,1182,0,250,1,620,3,274,6,405,2,247,3
16:19,198,2,265,0,169,3,217,4,197,5,199,5,175,2,254,-4,310,4,280,3,1184,2,251,1,622,2,276,2,408,3,249,2
16:20,198,0,264,-1,169,0,216,-1,199,2,207,8,176,1,255,1,312,2,279,-1,1187,3,253,2,624,2,277,1,409,1,250,1
16:21,196,-2,266,2,169,0,217,1,198,-1,206,-1,175,-1,261,6,312,0,284,5,1187,0,253,0,626,2,277,0,409,0,252,2
16:22,199,3,266,0,169,0,219,2,199,1,207,1,178,3,264,3,314,2,287,3,1190,3,257,4,629,3,282,5,411,2,255,3
16:23,200,1,270,4,168,-1,220,1,200,1,207,0,181,3,266,2,313,-1,285,-2,1191,1,259,2,630,1,284,2,412,1,256,1
16:24,202,2,269,-1,169,1,223,3,205,5,208,1,186,5,268,2,311,-2,284,-1,1192,1,260,1,631,1,283,-1,414,2,256,1
16:25,202,0,271,2,170,1,221,-2,208,3,213,5,188,2,268,0,311,0,286,2,1194,2,265,5,632,1,286,3,415,1,259,2
16:26,202,0,271,0,170,0,221,0,211,3,214,1,190,2,271,3,311,0,287,1,1198,4,266,1,633,1,288,2,416,1,260,1
16:27,203,1,273,2,172,2,224,3,213,2,220,6,192,2,282,11,311,0,287,0,1201,3,269,3,635,2,288,0,418,2,263,4
16:28,205,2,273,0,173,1,226,2,214,1,223,3,194,2,283,1,313,2,285,-2,1202,1,271,2,637,2,291,3,420,2,265,1
16:29,207,2,275,2,176,3,232,6,215,1,225,2,196,2,287,4,315,2,286,1,1208,6,272,1,640,3,296,5,422,3,268,3
16:30,206,-1,278,3,178,2,233,1,217,2,228,3,198,2,294,7,317,2,286,0,1209,1,275,3,643,3,302,6,424,2,271,3
16:31,207,1,275,-3,179,1,238,5,218,1,228,0,200,2,292,-2,318,1,289,3,1209,0,276,1,645,2,304,2,425,1,272,1
16:32,208,1,276,1,180,1,244,6,219,1,228,0,201,1,292,0,320,2,294,5,1212,3,277,1,647,2,306,2,427,2,274,2
16:33,208,0,278,2,185,5,252,8,219,0,232,4,201,0,293,1,319,-1,294,0,1212,0,281,4,648,1,303,-3,427,1,276,2
16:34,209,1,279,1,187,2,251,-1,220,1,234,2,201,0,295,2,320,1,294,0,1214,2,279,-2,650,2,304,1,429,1,277,0
16:35,215,6,282,3,192,5,258,7,220,0,237,3,202,1,298,3,320,0,294,0,1215,1,281,2,652,2,305,1,431,2,279,3
16:36,215,0,285,3,193,1,269,11,224,4,239,2,202,0,302,4,323,3,296,2,1217,2,283,2,652,0,308,3,432,1,283,4
16:37,216,1,288,3,197,4,271,2,225,1,242,3,205,3,305,3,326,3,300,4,1219,2,282,-1,653,1,310,2,434,2,285,2
16:38,219,3,292,4,204,7,275,4,226,1,248,6,208,3,308,3,328,2,300,0,1221,2,284,2,653,0,307,-3,437,3,288,2
16:39,220,1,295,3,207,3,280,5,227,1,252,4,210,2,310,2,328,0,303,3,1223,2,284,0,653,0,310,3,438,1,291,3
16:40,223,3,299,4,209,2,285,5,227,0,259,7,211,1,313,3,330,2,303,0,1224,1,287,3,653,0,313,3,440,1,294,4
16:41,225,2,301,2,209,0,285,0,228,1,265,6,212,1,315,2,333,3,308,5,1224,0,289,2,654,1,316,3,441,1,297,3
16:42,226,1,302,1,214,5,290,5,230,2,269,4,213,1,317,2,335,2,312,4,1227,3,292,3,657,3,322,6,443,2,301,4
16:43,231,5,303,1,215,1,292,2,231,1,272,3,212,-1,321,4,339,4,313,1,1228,1,295,3,659,2,326,4,445,2,303,3
16:44,236,5,309,6,218,3,294,2,231,0,274,2,211,-1,325,4,337,-2,317,4,1230,2,299,4,661,2,330,4,446,1,307,4
16:45,239,3,309,0,219,1,300,6,233,2,279,5,211,0,331,6,337,0,325,8,1230,0,304,5,663,2,332,2,447,1,311,5
16:46,242,3,312,3,222,3,302,2,237,4,286,7,213,2,338,7,339,2,332,7,1234,4,309,5,666,3,336,4,450,3,316,5
16:48,244,2,315,3,222,0,307,5,237,0,291,5,213,0,348,10,340,1,339,7,1235,1,314,5,667,1,343,7,451,1,322,6
16:49,247,3,317,2,222,0,315,8,243,6,292,1,217,4,350,2,342,2,338,-1,1236,1,317,3,667,0,351,8,453,2,326,3
16:50,250,3,317,0,224,2,318,3,244,1,298,6,217,0,356,6,346,4,342,4,1238,2,327,10,672,5,362,11,456,2,331,6
16:51,253,3,318,1,226,2,317,-1,244,0,298,0,220,3,358,2,349,3,343,1,1241,3,338,11,673,1,366,4,458,2,334,3
16:52,256,3,320,2,229,3,319,2,248,4,303,5,221,1,362,4,350,1,347,4,1244,3,344,6,677,4,368,2,461,3,338,4
16:53,257,1,318,-2,232,3,317,-2,251,3,310,7,222,1,363,1,357,7,350,3,1246,2,348,4,678,1,373,5,463,3,340,2
16:54,260,3,318,0,234,2,319,2,253,2,315,5,224,2,365,2,356,-1,353,3,1249,3,350,2,679,1,375,2,465,2,342,2
16:55,263,3,322,4,235,1,320,1,254,1,318,3,226,2,369,4,358,2,354,1,1252,3,351,1,681,2,382,7,467,2,345,3
16:56,264,1,326,4,236,1,320,0,257,3,320,2,231,5,374,5,359,1,356,2,1253,1,355,4,682,1,384,2,469,2,348,3
16:57,264,0,326,0,236,0,324,4,257,0,324,4,232,1,374,0,363,4,355,-1,1255,2,358,3,687,5,383,-1,471,2,349,1
16:58,265,1,330,4,239,3,326,2,260,3,327,3,233,1,377,3,363,0,354,-1,1256,1,357,-1,687,0,387,4,472,1,351,2
16:59,264,-1,331,1,238,-1,329,3,260,0,328,1,237,4,378,1,367,4,357,3,1257,1,362,5,689,2,389,2,473,1,353,2
17:00,264,0,331,0,240,2,328,-1,261,1,328,0,239,2,382,4,367,0,357,0,1261,4,362,0,693,4,390,1,475,2,354,1
17:01,266,2,329,-2,242,2,331,3,265,4,333,5,242,3,384,2,366,-1,361,4,1263,2,360,-2,693,0,393,3,477,2,356,2
17:02,267,1,336,7,245,3,334,3,265,0,334,1,243,1,387,3,367,1,365,4,1263,0,363,3,694,1,395,2,478,1,359,3
17:03,267,0,339,3,245,0,332,-2,266,1,336,2,248,5,390,3,368,1,371,6,1268,5,368,5,696,2,396,1,480,2,362,3
17:04,268,1,339,0,246,1,333,1,271,5,336,0,249,1,394,4,367,-1,377,6,1269,1,367,-1,698,2,397,1,481,1,363,2
17:05,271,3,334,-5,248,2,333,0,274,3,338,2,250,1,397,3,369,2,379,2,1271,2,366,-1,701,3,399,2,483,2,364,0
17:06,272,1,332,-2,250,2,332,-1,275,1,342,4,252,2,395,-2,372,3,382,3,1273,2,371,5,705,4,404,5,486,2,365,2
17:07,275,3,334,2,256,6,338,6,280,5,345,3,253,1,397,2,372,0,385,3,1275,2,371,0,706,1,407,3,488,3,368,3
17:08,278,3,338,4,259,3,346,8,281,1,348,3,256,3,401,4,372,0,391,6,1275,0,373,2,707,1,406,-1,490,2,372,4
17:09,277,-1,340,2,261,2,347,1,282,1,351,3,258,2,397,-4,374,2,391,0,1274,-1,380,7,709,2,406,0,491,1,373,1
17:10,278,1,343,3,267,6,353,6,283,1,357,6,258,0,400,3,373,-1,394,3,1274,0,384,4,710,1,410,4,492,1,377,4
17:11,280,2,348,5,269,2,359,6,282,-1,365,8,263,5,404,4,376,3,392,-2,1275,1,386,2,710,0,411,1,494,2,381,3
17:12,283,3,350,2,269,0,364,5,285,3,368,3,267,4,409,5,379,3,392,0,1275,0,390,4,712,2,412,1,496,2,384,3
17:13,286,3,353,3,267,-2,370,6,285,0,377,9,269,2,411,2,380,1,397,5,1279,4,392,2,715,3,419,7,497,2,388,5
17:14,290,4,359,6,271,4,377,7,286,1,376,-1,270,1,414,3,382,2,403,6,1282,3,397,5,716,1,419,0,500,2,392,4
17:15,293,3,357,-2,275,4,381,4,288,2,381,5,268,-2,414,0,385,3,408,5,1285,3,406,9,721,5,421,2,502,3,395,3
17:16,297,4,362,5,279,4,383,2,296,8,387,6,268,0,416,2,385,0,408,0,1287,2,406,0,723,2,424,3,505,3,398,3
17:17,299,2,365,3,286,7,389,6,298,2,389,2,271,3,420,4,389,4,412,4,1288,1,409,3,725,2,428,4,508,3,402,4
17:18,300,1,366,1,289,3,396,7,304,6,392,3,272,1,427,7,393,4,414,2,1290,2,415,6,726,1,431,3,511,3,406,4
17:19,304,4,374,8,296,7,404,8,304,0,393,1,274,2,430,3,397,4,417,3,1292,2,425,10,728,2,435,4,514,3,411,5
17:20,305,1,385,11,304,8,408,4,307,3,397,4,274,0,434,4,397,0,417,0,1292,0,426,1,728,0,438,3,515,2,415,4
17:21,308,3,390,5,305,1,409,1,308,1,399,2,279,5,438,4,399,2,422,5,1292,0,428,2,729,1,440,2,517,2,418,3
17:22,311,3,397,7,314,9,413,4,307,-1,405,6,278,-1,441,3,402,3,427,5,1294,2,427,-1,729,0,443,3,519,2,422,4
17:23,314,3,402,5,320,6,416,3,310,3,413,8,281,3,440,-1,408,6,434,7,1295,1,429,2,734,5,450,7,523,4,426,4
17:24,315,1,410,8,324,4,421,5,313,3,418,5,283,2,444,4,410,2,434,0,1297,2,432,3,739,5,455,5,526,3,431,4
17:25,320,5,411,1,331,7,423,2,317,4,427,9,286,3,443,-1,415,5,440,6,1298,1,439,7,744,5,460,5,530,4,435,4
17:26,325,5,412,1,339,8,429,6,322,5,435,8,285,-1,448,5,430,15,468,28,1299,1,447,8,746,2,465,5,535,5,443,9
17:27,329,4,420,8,346,7,433,4,328,6,441,6,289,4,446,-2,432,2,471,3,1303,4,453,6,752,6,472,7,540,5,448,5
17:28,331,2,431,11,352,6,433,0,332,4,448,7,291,2,452,6,434,2,479,8,1307,4,452,-1,759,7,478,6,544,4,453,5
17:29,339,8,432,1,356,4,439,6,338,6,452,4,294,3,455,3,440,6,486,7,1310,3,457,5,763,4,484,6,549,5,458,5
17:30,350,11,434,2,363,7,442,3,339,1,460,8,294,0,463,8,442,2,489,3,1312,2,460,3,765,2,491,7,552,4,463,5
17:31,352,2,440,6,371,8,444,2,350,11,465,5,295,1,468,5,448,6,494,5,1319,7,466,6,767,2,496,5,557,5,468,5
17:32,361,9,445,5,374,3,444,0,354,4,468,3,298,3,471,3,449,1,496,2,1321,2,467,1,772,5,500,4,561,4,470,3
17:33,373,12,448,3,379,5,450,6,366,12,477,9,299,1,476,5,445,-4,499,3,1323,2,474,7,774,2,504,4,566,4,475,5
17:34,380,7,452,4,384,5,450,0,367,1,481,4,304,5,487,11,456,11,505,6,1328,5,483,9,779,5,507,3,571,6,481,5
17:35,384,4,457,5,386,2,450,0,372,5,482,1,308,4,500,13,460,4,513,8,1332,4,490,7,785,6,514,7,575,4,487,6
17:36,385,1,456,-1,392,6,447,-3,377,5,485,3,318,10,504,4,466,6,512,-1,1344,12,498,8,789,4,524,10,582,6,489,3
17:37,387,2,456,0,395,3,450,3,383,6,495,10,326,8,504,0,468,2,518,6,1348,4,502,4,793,4,525,1,586,4,493,3
17:38,388,1,461,5,395,0,452,2,390,7,496,1,331,5,507,3,476,8,527,9,1355,7,513,11,799,6,529,4,591,5,498,5
17:39,391,3,465,4,398,3,449,-3,402,12,501,5,344,13,511,4,477,1,533,6,1362,7,524,11,801,2,538,9,596,6,503,5
17:40,391,0,474,9,398,0,455,6,405,3,506,5,349,5,514,3,487,10,542,9,1367,5,526,2,804,3,550,12,600,4,510,7
17:41,391,0,477,3,397,-1,460,5,408,3,511,5,355,6,518,4,491,4,549,7,1370,3,531,5,809,5,555,5,603,3,514,5
17:42,391,0,476,-1,397,0,465,5,412,4,515,4,357,2,518,0,499,8,550,1,1369,-1,540,9,819,10,564,9,606,3,518,4
17:43,395,4,478,2,397,0,469,4,414,2,519,4,362,5,516,-2,502,3,549,-1,1378,9,543,3,824,5,568,4,610,4,520,2
17:44,396,1,481,3,397,0,478,9,418,4,523,4,365,3,519,3,506,4,553,4,1382,4,548,5,826,2,570,2,613,3,525,4
17:45,400,4,484,3,396,-1,478,0,418,0,527,4,367,2,520,1,508,2,557,4,1387,5,551,3,828,2,573,3,615,2,527,3
17:46,400,0,485,1,395,-1,478,0,420,2,530,3,364,-3,527,7,509,1,565,8,1388,1,553,2,838,10,582,9,616,1,531,4
17:47,395,-5,487,2,396,1,481,3,424,4,534,4,364,0,533,6,512,3,573,8,1388,0,553,0,840,2,588,6,617,1,536,4
17:48,395,0,488,1,397,1,488,7,428,4,541,7,362,-2,536,3,515,3,576,3,1389,1,559,6,844,4,591,3,619,2,540,4
17:49,395,0,490,2,398,1,498,10,433,5,543,2,366,4,538,2,514,-1,585,9,1392,3,560,1,847,3,597,6,621,2,544,5
17:50,398,3,491,1,397,-1,503,5,433,0,549,6,372,6,542,4,516,2,585,0,1396,4,564,4,849,2,601,4,623,2,548,3
17:51,398,0,496,5,398,1,506,3,435,2,553,4,374,2,540,-2,515,-1,589,4,1398,2,565,1,851,2,605,4,624,1,551,3
17:52,400,2,499,3,401,3,506,0,441,6,557,4,377,3,547,7,514,-1,595,6,1397,-1,568,3,851,0,600,-5,626,2,553,3
17:53,399,-1,504,5,401,0,507,1,439,-2,560,3,380,3,552,5,520,6,597,2,1400,3,572,4,851,0,595,-5,627,1,555,2
17:54,399,0,505,1,402,1,510,3,440,1,566,6,382,2,563,11,522,2,596,-1,1402,2,573,1,853,2,595,0,629,1,558,3
17:55,400,1,508,3,405,3,513,3,441,1,570,4,382,0,569,6,526,4,596,0,1402,0,573,0,854,1,596,1,630,1,561,2
17:56,401,1,506,-2,404,-1,512,-1,437,-4,577,7,385,3,573,4,526,0,597,1,1402,0,574,1,855,1,599,3,630,0,563,2
17:57,399,-2,508,2,404,0,512,0,437,0,587,10,388,3,572,-1,528,2,595,-2,1404,2,574,0,857,2,605,6,631,1,565,2
17:58,399,0,510,2,404,0,518,6,441,4,593,6,390,2,576,4,530,2,595,0,1405,1,578,4,858,1,612,7,632,1,569,4
17:59,400,1,510,0,404,0,521,3,442,1,596,3,392,2,577,1,530,0,593,-2,1405,0,582,4,860,2,614,2,633,1,570,2
18:00,397,-3,516,6,402,-2,524,3,444,2,602,6,395,3,578,1,530,0,592,-1,1407,2,580,-2,862,2,620,6,634,1,573,3
18:01,396,-1,517,1,403,1,524,0,442,-2,608,6,395,0,578,0,529,-1,594,2,1409,2,581,1,862,0,619,-1,634,0,574,1
18:02,402,6,517,0,404,1,525,1,442,0,618,10,394,-1,580,2,528,-1,598,4,1409,0,585,4,862,0,621,2,634,1,578,3
18:03,402,0,526,9,407,3,526,1,442,0,624,6,395,1,579,-1,530,2,604,6,1409,0,586,1,863,1,623,2,635,1,581,3
18:04,400,-2,529,3,407,0,528,2,442,0,631,7,394,-1,579,0,531,1,605,1,1411,2,588,2,864,1,623,0,636,0,583,2
18:05,401,1,536,7,409,2,531,3,447,5,635,4,392,-2,578,-1,533,2,606,1,1411,0,591,3,864,0,621,-2,637,1,585,2
18:06,401,0,540,4,410,1,533,2,447,0,642,7,392,0,577,-1,534,1,609,3,1411,0,597,6,866,2,626,5,637,1,589,4
18:07,405,4,552,12,410,0,538,5,443,-4,647,5,393,1,576,-1,536,2,611,2,1410,-1,601,4,868,2,630,4,638,1,594,4
18:08,404,-1,560,8,411,1,537,-1,444,1,655,8,393,0,580,4,537,1,614,3,1412,2,601,0,867,-1,633,3,638,0,597,4
18:09,405,1,562,2,411,0,540,3,445,1,660,5,393,0,586,6,537,0,619,5,1415,3,603,2,871,4,633,0,640,1,600,3
18:10,410,5,571,9,413,2,544,4,444,-1,663,3,392,-1,591,5,536,-1,626,7,1416,1,609,6,875,4,637,4,641,1,606,5
18:11,410,0,571,0,413,0,545,1,446,2,665,2,393,1,589,-2,536,0,625,-1,1416,0,611,2,876,1,640,3,641,1,607,1
18:12,411,1,568,-3,411,-2,550,5,449,3,669,4,394,1,588,-1,538,2,629,4,1417,1,613,2,878,2,642,2,643,1,608,2
18:13,413,2,565,-3,411,0,552,2,453,4,678,9,393,-1,591,3,539,1,632,3,1419,2,614,1,880,2,639,-3,644,1,610,2
18:14,416,3,563,-2,409,-2,554,2,455,2,684,6,391,-2,590,-1,540,1,634,2,1421,2,612,-2,884,4,641,2,645,1,611,1
18:15,417,1,561,-2,410,1,557,3,456,1,688,4,391,0,587,-3,542,2,636,2,1421,0,620,8,885,1,640,-1,646,1,613,2
18:16,419,2,559,-2,415,5,561,4,458,2,691,3,390,-1,591,4,545,3,639,3,1424,3,620,0,888,3,639,-1,648,2,614,2
18:17,421,2,560,1,417,2,564,3,459,1,698,7,390,0,591,0,548,3,642,3,1425,1,622,2,888,0,639,0,650,1,617,2
18:18,421,0,562,2,417,0,567,3,461,2,703,5,392,2,598,7,549,1,644,2,1426,1,624,2,888,0,638,-1,651,1,619,3
18:19,418,-3,561,-1,418,1,571,4,464,3,704,1,392,0,601,3,551,2,649,5,1426,0,626,2,889,1,637,-1,651,1,621,2
18:20,416,-2,566,5,422,4,574,3,464,0,713,9,392,0,604,3,553,2,651,2,1427,1,627,1,888,-1,638,1,652,1,625,3
18:21,416,0,571,5,423,1,578,4,465,1,724,11,390,-2,609,5,556,3,652,1,1431,4,631,4,891,3,640,2,653,1,629,5
18:22,420,4,571,0,424,1,580,2,467,2,734,10,391,1,610,1,557,1,654,2,1433,2,633,2,893,2,637,-3,655,2,631,2
18:23,419,-1,573,2,429,5,580,0,467,0,742,8,393,2,609,-1,560,3,655,1,1434,1,635,2,896,3,640,3,657,2,633,2
18:24,420,1,574,1,429,0,584,4,468,1,747,5,394,1,611,2,560,0,654,-1,1433,-1,639,4,898,2,642,2,657,1,636,2
18:25,424,4,574,0,430,1,586,2,470,2,745,-2,396,2,612,1,562,2,657,3,1434,1,642,3,898,0,646,4,659,2,637,2
18:26,424,0,579,5,431,1,588,2,472,2,750,5,395,-1,615,3,563,1,659,2,1436,2,645,3,900,2,649,3,660,1,641,3
18:27,425,1,582,3,432,1,591,3,474,2,751,1,395,0,617,2,564,1,659,0,1435,-1,645,0,904,4,647,-2,661,1,642,1
18:28,426,1,582,0,435,3,593,2,477,3,754,3,395,0,621,4,564,0,661,2,1436,1,645,0,905,1,648,1,663,1,643,2
18:29,426,0,580,-2,435,0,593,0,478,1,759,5,397,2,621,0,567,3,661,0,1442,6,647,2,905,0,649,1,664,2,644,1
18:30,428,2,585,5,436,1,598,5,479,1,760,1,398,1,622,1,568,1,661,0,1444,2,646,-1,905,0,653,4,665,1,646,2
18:31,428,0,587,2,437,1,598,0,482,3,761,1,398,0,621,-1,570,2,664,3,1444,0,647,1,907,2,651,-2,667,1,647,1
18:32,431,3,589,2,439,2,600,2,484,2,766,5,398,0,621,0,572,2,666,2,1446,2,649,2,907,0,652,1,668,2,649,2
18:33,432,1,592,3,440,1,604,4,485,1,768,2,400,2,621,0,574,2,671,5,1451,5,649,0,907,0,655,3,670,2,651,2
18:34,433,1,592,0,440,0,606,2,485,0,768,0,401,1,624,3,576,2,673,2,1451,0,648,-1,908,1,658,3,671,1,653,1
18:35,433,0,596,4,440,0,608,2,485,0,771,3,405,4,625,1,579,3,674,1,1451,0,647,-1,912,4,660,2,672,2,654,2
18:36,434,1,599,3,442,2,610,2,486,1,775,4,405,0,626,1,579,0,677,3,1452,1,649,2,910,-2,659,-1,673,0,656,2
18:37,435,1,597,-2,444,2,611,1,488,2,777,2,406,1,629,3,580,1,680,3,1453,1,650,1,913,3,661,2,674,2,658,1
18:38,437,2,595,-2,446,2,612,1,488,0,777,0,409,3,633,4,582,2,684,4,1454,1,649,-1,915,2,662,1,676,2,659,1
18:39,436,-1,597,2,445,-1,611,-1,489,1,779,2,409,0,634,1,582,0,687,3,1456,2,650,1,914,-1,661,-1,676,0,660,1
18:40,438,2,598,1,446,1,611,0,491,2,782,3,409,0,636,2,582,0,691,4,1455,-1,651,1,914,0,660,-1,676,1,661,1
18:41,437,-1,597,-1,447,1,610,-1,491,0,784,2,410,1,638,2,583,1,693,2,1453,-2,650,-1,915,1,664,4,677,0,662,1
18:42,437,0,597,0,447,0,614,4,491,0,787,3,410,0,641,3,584,1,694,1,1454,1,653,3,915,0,665,1,677,0,664,2
18:43,437,0,603,6,449,2,619,5,493,2,788,1,411,1,644,3,584,0,698,4,1456,2,657,4,915,0,666,1,678,1,668,3
18:44,437,0,606,3,450,1,620,1,494,1,793,5,413,2,647,3,585,1,701,3,1456,0,658,1,915,0,668,2,679,1,670,3
18:45,436,-1,606,0,452,2,623,3,496,2,798,5,414,1,646,-1,586,1,701,0,1456,0,657,-1,913,-2,671,3,679,0,672,1
18:46,436,0,608,2,455,3,625,2,497,1,802,4,413,-1,644,-2,587,1,704,3,1456,0,657,0,914,1,673,2,680,1,673,2
18:47,435,-1,610,2,455,0,628,3,497,0,802,0,414,1,645,1,590,3,704,0,1456,0,658,1,915,1,677,4,680,1,675,2
18:48,436,1,611,1,455,0,628,0,498,1,805,3,416,2,647,2,592,2,709,5,1456,0,659,1,916,1,675,-2,681,1,676,1
18:49,435,-1,615,4,456,1,628,0,499,1,805,0,418,2,648,1,595,3,710,1,1456,0,663,4,916,0,679,4,682,1,678,2
18:50,437,2,616,1,456,0,628,0,501,2,805,0,418,0,652,4,596,1,711,1,1457,1,664,1,917,1,680,1,683,1,679,1
18:51,437,0,617,1,455,-1,629,1,503,2,808,3,422,4,658,6,597,1,712,1,1458,1,667,3,917,0,681,1,684,1,682,2
18:52,437,0,619,2,457,2,630,1,505,2,812,4,422,0,662,4,598,1,713,1,1458,0,667,0,918,1,685,4,685,1,684,2
18:53,439,2,621,2,461,4,631,1,506,1,812,0,424,2,662,0,597,-1,717,4,1459,1,668,1,920,2,685,0,687,2,685,1
18:54,442,3,622,1,462,1,633,2,506,0,814,2,424,0,664,2,597,0,723,6,1458,-1,669,1,920,0,683,-2,687,0,687,2
18:55,442,0,622,0,464,2,637,4,509,3,817,3,425,1,668,4,596,-1,722,-1,1460,2,670,1,919,-1,685,2,688,1,689,2
18:56,444,2,623,1,466,2,642,5,510,1,820,3,427,2,670,2,595,-1,721,-1,1461,1,669,-1,919,0,685,0,689,1,690,1
18:57,444,0,626,3,467,1,643,1,513,3,822,2,428,1,672,2,596,1,724,3,1464,3,671,2,920,1,688,3,690,1,692,2
18:58,447,3,627,1,468,1,643,0,515,2,821,-1,429,1,676,4,597,1,727,3,1464,0,670,-1,921,1,690,2,692,1,693,1
18:59,446,-1,627,0,469,1,648,5,516,1,821,0,428,-1,677,1,598,1,729,2,1464,0,670,0,924,3,694,4,692,1,695,2
19:00,448,2,627,0,470,1,653,5,517,1,821,0,431,3,679,2,599,1,734,5,1464,0,675,5,924,0,696,2,693,1,698,3
19:01,448,0,628,1,472,2,654,1,517,0,822,1,432,1,680,1,600,1,739,5,1467,3,676,1,924,0,698,2,694,1,700,2
19:02,451,3,627,-1,474,2,658,4,517,0,824,2,434,2,683,3,600,0,743,4,1469,2,678,2,926,2,703,5,696,2,702,3
19:03,451,0,630,3,474,0,659,1,518,1,826,2,437,3,685,2,601,1,745,2,1470,1,680,2,927,1,709,6,697,1,705,3
19:04,452,1,635,5,476,2,663,4,518,0,828,2,437,0,686,1,604,3,747,2,1471,1,683,3,930,3,709,0,698,1,707,2
19:05,454,2,636,1,477,1,669,6,518,0,828,0,436,-1,689,3,604,0,749,2,1475,4,685,2,931,1,705,-4,699,1,709,1
19:06,457,3,637,1,477,0,673,4,519,1,832,4,439,3,693,4,606,2,749,0,1477,2,685,0,932,1,709,4,701,2,711,2
19:07,458,1,638,1,478,1,673,0,521,2,838,6,440,1,695,2,606,0,748,-1,1479,2,685,0,933,1,710,1,702,1,712,1
19:08,458,0,639,1,479,1,675,2,523,2,843,5,442,2,698,3,607,1,748,0,1480,1,688,3,938,5,712,2,704,2,715,2
19:09,458,0,642,3,483,4,677,2,523,0,848,5,443,1,702,4,607,0,754,6,1479,-1,691,3,940,2,713,1,705,1,718,3
19:10,460,2,640,-2,484,1,681,4,524,1,850,2,444,1,702,0,610,3,755,1,1480,1,692,1,941,1,722,9,706,1,720,2
19:11,462,2,642,2,485,1,682,1,524,0,854,4,446,2,707,5,611,1,752,-3,1482,2,695,3,944,3,731,9,708,2,723,3
19:12,462,0,645,3,484,-1,685,3,526,2,857,3,448,2,715,8,612,1,756,4,1485,3,697,2,945,1,735,4,709,1,727,4
19:13,462,0,650,5,487,3,690,5,528,2,857,0,447,-1,719,4,612,0,756,0,1486,1,700,3,947,2,737,2,710,1,730,3
19:14,464,2,653,3,487,0,692,2,530,2,861,4,450,3,723,4,614,2,757,1,1487,1,701,1,949,2,740,3,712,2,732,3
19:15,464,0,655,2,488,1,696,4,532,2,863,2,453,3,728,5,615,1,758,1,1488,1,705,4,952,3,744,4,713,2,736,3
19:16,464,0,657,2,491,3,699,3,533,1,866,3,453,0,729,1,615,0,764,6,1488,0,708,3,954,2,751,7,714,1,739,4
19:17,466,2,658,1,494,3,703,4,533,0,867,1,453,0,729,0,616,1,767,3,1491,3,711,3,955,1,755,4,715,1,741,2
19:18,468,2,663,5,497,3,706,3,535,2,872,5,453,0,730,1,618,2,768,1,1494,3,712,1,956,1,759,4,717,2,744,3
19:19,469,1,666,3,499,2,712,6,535,0,874,2,453,0,733,3,619,1,771,3,1494,0,715,3,956,0,758,-1,718,1,747,3
19:20,471,2,666,0,500,1,713,1,536,1,878,4,456,3,735,2,620,1,776,5,1495,1,716,1,960,4,759,1,720,2,749,2
19:21,472,1,667,1,501,1,715,2,535,-1,883,5,460,4,740,5,620,0,778,2,1496,1,718,2,960,0,761,2,721,1,752,3