,2021_10_05,,,,2021_10_12,,,,2021_10_19,,,,2021_10_26,,,,2021_11_02,,,,2021_11_09,,,,2021_11_16,,,,,,,
Time,TECH,dTECH,PARK,dPARK,TECH,dTECH,PARK,dPARK,TECH,dTECH,PARK,dPARK,TECH,dTECH,PARK,dPARK,TECH,dTECH,PARK,dPARK,TECH,dTECH,PARK,dPARK,TECH,dTECH,PARK,dPARK,AVG(TECH),dAVG(TECH),AVG(PARK),dAVG(PARK)
07:00,824,,1298,,808,,1277,,774,,1210,,798,,1367,,796,,1323,,885,,1267,,468,,1318,,765,,"1,294",
07:01,824,0,1297,-1,807,-1,1276,-1,773,-1,1209,-1,798,0,1367,0,795,-1,1322,-1,885,0,1266,-1,468,0,1317,-1,764,0,"1,293",-1
07:02,824,0,1298,1,807,0,1277,1,772,-1,1209,0,797,-1,1368,1,795,0,1320,-2,883,-2,1265,-1,468,0,1318,1,764,-1,"1,294",0
07:03,825,1,1296,-2,807,0,1278,1,771,-1,1209,0,797,0,1368,0,795,0,1320,0,883,0,1266,1,468,0,1319,1,764,0,"1,294",0
07:04,825,0,1294,-2,803,-4,1277,-1,771,0,1207,-2,796,-1,1369,1,795,0,1319,-1,883,0,1267,1,467,-1,1319,0,763,-1,"1,293",-1
07:05,825,0,1294,0,803,0,1274,-3,770,-1,1206,-1,796,0,1370,1,795,0,1319,0,883,0,1267,0,467,0,1318,-1,763,0,"1,293",-1
07:06,823,-2,1293,-1,802,-1,1271,-3,770,0,1204,-2,796,0,1371,1,795,0,1318,-1,881,-2,1267,0,468,1,1317,-1,762,-1,"1,292",-1
07:07,823,0,1293,0,802,0,1272,1,769,-1,1204,0,796,0,1372,1,793,-2,1316,-2,880,-1,1263,-4,468,0,1318,1,762,-1,"1,291",0
07:08,823,0,1293,0,802,0,1271,-1,769,0,1203,-1,796,0,1371,-1,792,-1,1317,1,880,0,1261,-2,468,0,1318,0,761,0,"1,291",-1
07:09,822,-1,1293,0,802,0,1270,-1,768,-1,1200,-3,796,0,1372,1,792,0,1316,-1,878,-2,1261,0,467,-1,1317,-1,761,-1,"1,290",-1
07:10,822,0,1292,-1,802,0,1270,0,764,-4,1200,0,795,-1,1372,0,792,0,1316,0,877,-1,1261,0,467,0,1314,-3,760,-1,"1,289",-1
07:11,822,0,1291,-1,802,0,1267,-3,764,0,1199,-1,795,0,1372,0,792,0,1315,-1,877,0,1261,0,467,0,1314,0,760,0,"1,288",-1
07:12,821,-1,1291,0,802,0,1266,-1,764,0,1199,0,795,0,1372,0,791,-1,1314,-1,876,-1,1259,-2,467,0,1314,0,759,0,"1,288",-1
07:13,821,0,1291,0,802,0,1266,0,763,-1,1199,0,795,0,1370,-2,790,-1,1311,-3,876,0,1259,0,466,-1,1314,0,759,0,"1,287",-1
07:14,822,1,1290,-1,801,-1,1262,-4,761,-2,1198,-1,795,0,1369,-1,790,0,1311,0,876,0,1258,-1,466,0,1314,0,759,0,"1,286",-1
07:15,822,0,1290,0,801,0,1261,-1,761,0,1196,-2,794,-1,1367,-2,791,1,1309,-2,876,0,1258,0,467,1,1313,-1,759,0,"1,285",-1
07:16,822,0,1290,0,799,-2,1261,0,760,-1,1196,0,795,1,1368,1,791,0,1309,0,875,-1,1255,-3,468,1,1311,-2,759,0,"1,284",-1
07:17,823,1,1291,1,796,-3,1260,-1,760,0,1196,0,795,0,1368,0,792,1,1310,1,874,-1,1253,-2,467,-1,1308,-3,758,0,"1,284",-1
07:18,822,-1,1291,0,796,0,1257,-3,759,-1,1195,-1,796,1,1368,0,792,0,1308,-2,874,0,1250,-3,466,-1,1307,-1,758,0,"1,282",-1
07:19,821,-1,1291,0,796,0,1255,-2,758,-1,1195,0,796,0,1368,0,792,0,1309,1,871,-3,1249,-1,465,-1,1307,0,757,-1,"1,282",0
07:20,820,-1,1291,0,794,-2,1255,0,758,0,1194,-1,796,0,1368,0,792,0,1308,-1,871,0,1246,-3,466,1,1307,0,757,0,"1,281",-1
07:21,820,0,1291,0,792,-2,1256,1,760,2,1194,0,796,0,1368,0,792,0,1308,0,870,-1,1243,-3,465,-1,1306,-1,756,0,"1,281",0
07:22,817,-3,1288,-3,791,-1,1257,1,758,-2,1192,-2,796,0,1369,1,793,1,1307,-1,870,0,1243,0,465,0,1305,-1,756,-1,"1,280",-1
07:23,815,-2,1287,-1,791,0,1256,-1,758,0,1189,-3,796,0,1367,-2,791,-2,1307,0,868,-2,1242,-1,465,0,1304,-1,755,-1,"1,279",-1
07:24,815,0,1287,0,791,0,1253,-3,758,0,1186,-3,796,0,1367,0,789,-2,1307,0,867,-1,1242,0,463,-2,1304,0,754,-1,"1,278",-1
07:25,815,0,1287,0,790,-1,1253,0,757,-1,1185,-1,796,0,1367,0,787,-2,1306,-1,867,0,1242,0,462,-1,1303,-1,753,-1,"1,278",0
07:26,814,-1,1287,0,789,-1,1251,-2,757,0,1185,0,797,1,1367,0,787,0,1305,-1,867,0,1242,0,461,-1,1303,0,753,0,"1,277",0
07:27,813,-1,1287,0,788,-1,1251,0,757,0,1185,0,797,0,1368,1,785,-2,1303,-2,866,-1,1242,0,461,0,1301,-2,752,-1,"1,277",0
07:28,811,-2,1286,-1,787,-1,1249,-2,756,-1,1185,0,797,0,1368,0,785,0,1303,0,864,-2,1242,0,461,0,1300,-1,752,-1,"1,276",-1
07:29,809,-2,1280,-6,784,-3,1246,-3,755,-1,1184,-1,796,-1,1368,0,783,-2,1301,-2,863,-1,1242,0,460,-1,1298,-2,750,-2,"1,274",-2
07:30,809,0,1279,-1,783,-1,1244,-2,753,-2,1183,-1,796,0,1368,0,783,0,1300,-1,861,-2,1240,-2,460,0,1298,0,749,-1,"1,273",-1
07:31,808,-1,1280,1,782,-1,1244,0,752,-1,1181,-2,796,0,1368,0,782,-1,1300,0,860,-1,1239,-1,460,0,1298,0,749,-1,"1,273",0
07:32,807,-1,1280,0,780,-2,1241,-3,751,-1,1181,0,796,0,1368,0,782,0,1298,-2,859,-1,1239,0,459,-1,1296,-2,748,-1,"1,272",-1
07:33,805,-2,1277,-3,777,-3,1240,-1,751,0,1179,-2,796,0,1368,0,782,0,1295,-3,858,-1,1237,-2,459,0,1294,-2,747,-1,"1,270",-2
07:34,805,0,1275,-2,775,-2,1240,0,750,-1,1173,-6,796,0,1366,-2,780,-2,1295,0,853,-5,1234,-3,458,-1,1291,-3,745,-2,"1,268",-2
07:35,803,-2,1272,-3,774,-1,1239,-1,749,-1,1170,-3,796,0,1366,0,780,0,1294,-1,853,0,1233,-1,458,0,1289,-2,745,-1,"1,266",-2
07:36,801,-2,1271,-1,774,0,1235,-4,749,0,1166,-4,796,0,1366,0,780,0,1292,-2,852,-1,1231,-2,458,0,1289,0,744,0,"1,264",-2
07:37,800,-1,1270,-1,772,-2,1231,-4,748,-1,1165,-1,796,0,1367,1,780,0,1290,-2,848,-4,1228,-3,457,-1,1285,-4,743,-1,"1,262",-2
07:38,797,-3,1267,-3,771,-1,1228,-3,747,-1,1161,-4,796,0,1366,-1,777,-3,1291,1,848,0,1225,-3,457,0,1283,-2,742,-1,"1,260",-2
07:39,797,0,1266,-1,770,-1,1225,-3,747,0,1161,0,796,0,1366,0,777,0,1290,-1,846,-2,1225,0,457,0,1281,-2,741,0,"1,259",-1
07:40,794,-3,1264,-2,769,-1,1220,-5,743,-4,1158,-3,795,-1,1366,0,777,0,1290,0,844,-2,1223,-2,456,-1,1280,-1,740,-2,"1,257",-2
07:41,794,0,1256,-8,767,-2,1218,-2,743,0,1155,-3,795,0,1366,0,773,-4,1289,-1,843,-1,1219,-4,455,-1,1278,-2,739,-1,"1,254",-3
07:42,792,-2,1254,-2,765,-2,1217,-1,740,-3,1153,-2,794,-1,1365,-1,772,-1,1289,0,843,0,1219,0,454,-1,1279,1,737,-1,"1,254",-1
07:43,792,0,1253,-1,763,-2,1214,-3,739,-1,1153,0,794,0,1365,0,772,0,1287,-2,841,-2,1216,-3,453,-1,1277,-2,736,-1,"1,252",-2
07:44,790,-2,1250,-3,761,-2,1212,-2,738,-1,1151,-2,794,0,1366,1,769,-3,1283,-4,840,-1,1216,0,453,0,1276,-1,735,-1,"1,251",-2
07:45,790,0,1246,-4,758,-3,1208,-4,735,-3,1149,-2,794,0,1366,0,767,-2,1280,-3,838,-2,1214,-2,452,-1,1273,-3,733,-2,"1,248",-3
07:46,789,-1,1246,0,757,-1,1201,-7,734,-1,1148,-1,794,0,1366,0,766,-1,1275,-5,837,-1,1208,-6,451,-1,1267,-6,733,-1,"1,244",-4
07:47,789,0,1240,-6,753,-4,1194,-7,732,-2,1143,-5,794,0,1366,0,764,-2,1271,-4,834,-3,1206,-2,451,0,1265,-2,731,-2,"1,241",-4
07:48,783,-6,1237,-3,753,0,1188,-6,733,1,1138,-5,794,0,1366,0,764,0,1270,-1,833,-1,1200,-6,451,0,1263,-2,730,-1,"1,237",-3
07:49,783,0,1230,-7,750,-3,1181,-7,732,-1,1138,0,794,0,1367,1,763,-1,1264,-6,833,0,1198,-2,450,-1,1258,-5,729,-1,"1,234",-4
07:50,783,0,1227,-3,748,-2,1177,-4,728,-4,1137,-1,794,0,1367,0,763,0,1259,-5,832,-1,1196,-2,450,0,1255,-3,728,-1,"1,231",-3
07:51,778,-5,1224,-3,746,-2,1171,-6,728,0,1134,-3,795,1,1367,0,761,-2,1254,-5,831,-1,1192,-4,449,-1,1255,0,727,-1,"1,228",-3
07:52,774,-4,1221,-3,743,-3,1165,-6,725,-3,1133,-1,795,0,1367,0,758,-3,1250,-4,830,-1,1187,-5,449,0,1249,-6,725,-2,"1,225",-4
07:53,773,-1,1219,-2,741,-2,1160,-5,723,-2,1133,0,795,0,1367,0,757,-1,1243,-7,828,-2,1185,-2,449,0,1246,-3,724,-1,"1,222",-3
07:54,772,-1,1217,-2,740,-1,1156,-4,723,0,1131,-2,793,-2,1365,-2,756,-1,1238,-5,828,0,1180,-5,448,-1,1240,-6,723,-1,"1,218",-4
07:55,770,-2,1208,-9,738,-2,1154,-2,722,-1,1125,-6,793,0,1365,0,754,-2,1231,-7,826,-2,1177,-3,446,-2,1233,-7,721,-2,"1,213",-5
07:56,768,-2,1200,-8,737,-1,1145,-9,720,-2,1122,-3,793,0,1365,0,754,0,1226,-5,825,-1,1175,-2,445,-1,1229,-4,720,-1,"1,209",-4
07:57,766,-2,1195,-5,734,-3,1139,-6,719,-1,1120,-2,793,0,1365,0,751,-3,1221,-5,822,-3,1171,-4,446,1,1226,-3,719,-2,"1,205",-4
07:58,765,-1,1192,-3,733,-1,1135,-4,716,-3,1113,-7,793,0,1365,0,749,-2,1215,-6,819,-3,1164,-7,444,-2,1225,-1,717,-2,"1,201",-4
07:59,762,-3,1189,-3,731,-2,1126,-9,715,-1,1106,-7,793,0,1365,0,747,-2,1209,-6,818,-1,1161,-3,444,0,1220,-5,716,-1,"1,197",-5
08:00,759,-3,1182,-7,730,-1,1117,-9,713,-2,1099,-7,792,-1,1365,0,744,-3,1205,-4,818,0,1160,-1,443,-1,1213,-7,714,-2,"1,192",-5
08:01,757,-2,1172,-10,724,-6,1113,-4,711,-2,1094,-5,792,0,1364,-1,739,-5,1195,-10,819,1,1154,-6,441,-2,1207,-6,712,-2,"1,186",-6
08:02,756,-1,1163,-9,723,-1,1104,-9,711,0,1089,-5,792,0,1364,0,735,-4,1191,-4,816,-3,1152,-2,440,-1,1200,-7,710,-1,"1,180",-5
08:03,755,-1,1151,-12,720,-3,1100,-4,710,-1,1085,-4,792,0,1364,0,732,-3,1188,-3,812,-4,1143,-9,440,0,1193,-7,709,-2,"1,175",-6
08:04,755,0,1143,-8,717,-3,1090,-10,709,-1,1077,-8,792,0,1364,0,729,-3,1178,-10,812,0,1136,-7,438,-2,1191,-2,707,-1,"1,168",-6
08:05,750,-5,1132,-11,713,-4,1080,-10,707,-2,1063,-14,792,0,1364,0,726,-3,1174,-4,807,-5,1130,-6,439,1,1183,-8,705,-3,"1,161",-8
08:06,746,-4,1120,-12,708,-5,1070,-10,705,-2,1057,-6,790,-2,1364,0,722,-4,1167,-7,803,-4,1126,-4,437,-2,1179,-4,702,-3,"1,155",-6
08:07,736,-10,1111,-9,705,-3,1062,-8,701,-4,1049,-8,790,0,1364,0,719,-3,1160,-7,801,-2,1116,-10,436,-1,1172,-7,698,-3,"1,148",-7
08:08,733,-3,1101,-10,703,-2,1055,-7,701,0,1038,-11,790,0,1365,1,710,-9,1150,-10,796,-5,1107,-9,437,1,1168,-4,696,-3,"1,141",-7
08:09,729,-4,1090,-11,701,-2,1044,-11,698,-3,1030,-8,790,0,1364,-1,706,-4,1142,-8,794,-2,1099,-8,436,-1,1160,-8,693,-2,"1,133",-8
08:10,726,-3,1081,-9,697,-4,1039,-5,689,-9,1024,-6,790,0,1364,0,701,-5,1135,-7,793,-1,1088,-11,436,0,1150,-10,690,-3,"1,126",-7
08:11,720,-6,1071,-10,693,-4,1028,-11,686,-3,1018,-6,790,0,1364,0,697,-4,1125,-10,788,-5,1082,-6,434,-2,1145,-5,687,-3,"1,119",-7
08:12,718,-2,1066,-5,687,-6,1018,-10,681,-5,1015,-3,790,0,1364,0,693,-4,1117,-8,787,-1,1074,-8,434,0,1137,-8,684,-3,"1,113",-6
08:13,713,-5,1058,-8,681,-6,1008,-10,676,-5,1007,-8,790,0,1364,0,687,-6,1112,-5,783,-4,1063,-11,432,-2,1126,-11,680,-4,"1,105",-8
08:14,703,-10,1046,-12,679,-2,996,-12,674,-2,1000,-7,788,-2,1365,1,678,-9,1101,-11,778,-5,1058,-5,428,-4,1119,-7,675,-5,"1,098",-8
08:16,698,-5,1039,-7,674,-5,985,-11,668,-6,994,-6,788,0,1365,0,675,-3,1093,-8,774,-4,1051,-7,425,-3,1113,-6,672,-4,"1,091",-6
08:17,693,-5,1029,-10,668,-6,973,-12,664,-4,986,-8,788,0,1366,1,669,-6,1086,-7,767,-7,1047,-4,424,-1,1106,-7,668,-4,"1,085",-7
08:18,686,-7,1017,-12,662,-6,966,-7,658,-6,977,-9,785,-3,1367,1,662,-7,1080,-6,764,-3,1039,-8,422,-2,1103,-3,663,-5,"1,078",-6
08:19,680,-6,1008,-9,655,-7,953,-13,654,-4,969,-8,785,0,1367,0,658,-4,1072,-8,758,-6,1029,-10,418,-4,1093,-10,658,-4,"1,070",-8
08:20,676,-4,997,-11,650,-5,948,-5,650,-4,959,-10,784,-1,1368,1,655,-3,1062,-10,753,-5,1022,-7,416,-2,1085,-8,655,-3,"1,063",-7
08:21,672,-4,983,-14,647,-3,942,-6,644,-6,953,-6,784,0,1368,0,647,-8,1051,-11,750,-3,1011,-11,415,-1,1078,-7,651,-4,"1,055",-8
08:22,667,-5,974,-9,642,-5,931,-11,635,-9,946,-7,784,0,1368,0,643,-4,1040,-11,744,-6,1000,-11,413,-2,1068,-10,647,-4,"1,047",-8
08:23,659,-8,965,-9,637,-5,919,-12,628,-7,937,-9,783,-1,1368,0,638,-5,1031,-9,736,-8,991,-9,409,-4,1060,-8,641,-5,"1,039",-8
08:24,653,-6,955,-10,634,-3,908,-11,622,-6,927,-10,784,1,1368,0,631,-7,1021,-10,730,-6,980,-11,407,-2,1049,-11,637,-4,"1,030",-9
08:25,648,-5,945,-10,629,-5,897,-11,618,-4,917,-10,783,-1,1368,0,625,-6,1011,-10,723,-7,974,-6,403,-4,1042,-7,633,-5,"1,022",-8
08:26,643,-5,933,-12,623,-6,889,-8,615,-3,903,-14,783,0,1368,0,622,-3,1003,-8,715,-8,961,-13,400,-3,1034,-8,629,-4,"1,013",-9
08:27,638,-5,926,-7,620,-3,879,-10,615,0,892,-11,783,0,1368,0,614,-8,997,-6,709,-6,951,-10,397,-3,1024,-10,625,-4,"1,005",-8
08:28,635,-3,914,-12,611,-9,875,-4,609,-6,884,-8,783,0,1367,-1,611,-3,989,-8,704,-5,942,-9,393,-4,1015,-9,621,-4,998,-7
08:29,631,-4,903,-11,608,-3,864,-11,603,-6,876,-8,783,0,1367,0,609,-2,982,-7,696,-8,934,-8,390,-3,1003,-12,617,-4,990,-8
08:30,628,-3,897,-6,604,-4,856,-8,597,-6,865,-11,783,0,1365,-2,608,-1,973,-9,691,-5,924,-10,387,-3,993,-10,614,-3,982,-8
08:31,625,-3,891,-6,598,-6,845,-11,593,-4,857,-8,783,0,1365,0,600,-8,966,-7,685,-6,914,-10,385,-2,982,-11,610,-4,974,-8
08:32,622,-3,881,-10,595,-3,839,-6,587,-6,846,-11,782,-1,1365,0,596,-4,959,-7,675,-10,907,-7,384,-1,974,-8,606,-4,967,-7
08:33,616,-6,873,-8,592,-3,830,-9,583,-4,837,-9,782,0,1364,-1,594,-2,953,-6,669,-6,899,-8,381,-3,965,-9,602,-3,960,-7
08:34,613,-3,863,-10,590,-2,820,-10,577,-6,830,-7,782,0,1364,0,589,-5,948,-5,661,-8,889,-10,379,-2,960,-5,599,-4,953,-7
08:35,608,-5,856,-7,587,-3,810,-10,570,-7,823,-7,781,-1,1364,0,584,-5,942,-6,659,-2,884,-5,377,-2,955,-5,595,-4,948,-6
08:36,606,-2,850,-6,584,-3,800,-10,562,-8,814,-9,781,0,1364,0,580,-4,934,-8,655,-4,874,-10,375,-2,947,-8,592,-3,940,-7
08:38,598,-8,842,-8,577,-7,791,-9,559,-3,808,-6,781,0,1364,0,576,-4,926,-8,651,-4,866,-8,374,-1,938,-9,588,-4,934,-7
08:39,591,-7,832,-10,576,-1,787,-4,554,-5,799,-9,780,-1,1364,0,576,0,920,-6,647,-4,856,-10,373,-1,931,-7,585,-3,927,-7
08:40,589,-2,821,-11,572,-4,782,-5,547,-7,788,-11,780,0,1365,1,574,-2,910,-10,641,-6,846,-10,372,-1,926,-5,582,-3,920,-7
08:41,585,-4,809,-12,567,-5,778,-4,541,-6,781,-7,780,0,1365,0,573,-1,900,-10,638,-3,837,-9,371,-1,914,-12,579,-3,912,-8
08:42,580,-5,798,-11,564,-3,774,-4,539,-2,775,-6,780,0,1365,0,568,-5,892,-8,636,-2,828,-9,370,-1,908,-6,577,-3,906,-6
08:43,574,-6,792,-6,563,-1,768,-6,538,-1,764,-11,780,0,1365,0,566,-2,885,-7,632,-4,825,-3,367,-3,901,-7,574,-2,900,-6
08:44,572,-2,791,-1,562,-1,766,-2,536,-2,755,-9,780,0,1365,0,564,-2,883,-2,630,-2,819,-6,366,-1,896,-5,573,-1,896,-4
08:45,570,-2,786,-5,560,-2,764,-2,534,-2,750,-5,780,0,1364,-1,564,0,874,-9,626,-4,814,-5,364,-2,891,-5,571,-2,892,-5
08:46,565,-5,784,-2,558,-2,763,-1,531,-3,744,-6,781,1,1363,-1,563,-1,869,-5,625,-1,806,-8,363,-1,884,-7,569,-2,888,-4
08:47,562,-3,781,-3,553,-5,754,-9,530,-1,742,-2,781,0,1365,2,559,-4,865,-4,623,-2,801,-5,362,-1,880,-4,567,-2,884,-4
08:48,561,-1,779,-2,551,-2,753,-1,526,-4,732,-10,781,0,1366,1,558,-1,864,-1,621,-2,798,-3,361,-1,879,-1,566,-2,882,-2
08:49,561,0,774,-5,549,-2,748,-5,526,0,723,-9,780,-1,1366,0,555,-3,860,-4,619,-2,792,-6,360,-1,873,-6,564,-1,877,-5
08:50,559,-2,768,-6,548,-1,745,-3,526,0,718,-5,780,0,1366,0,555,0,857,-3,618,-1,784,-8,358,-2,865,-8,563,-1,872,-5
08:51,559,0,766,-2,546,-2,742,-3,525,-1,715,-3,780,0,1366,0,553,-2,854,-3,613,-5,778,-6,357,-1,860,-5,562,-2,869,-3
08:52,559,0,762,-4,543,-3,737,-5,522,-3,710,-5,779,-1,1366,0,552,-1,851,-3,608,-5,775,-3,356,-1,854,-6,560,-2,865,-4
08:53,559,0,758,-4,543,0,732,-5,517,-5,704,-6,778,-1,1366,0,551,-1,850,-1,604,-4,767,-8,356,0,853,-1,558,-2,861,-4
08:54,557,-2,754,-4,542,-1,729,-3,512,-5,700,-4,779,1,1366,0,547,-4,850,0,603,-1,764,-3,356,0,850,-3,557,-2,859,-2
08:55,555,-2,749,-5,541,-1,727,-2,511,-1,696,-4,778,-1,1366,0,545,-2,847,-3,604,1,755,-9,355,-1,848,-2,556,-1,855,-4
08:56,550,-5,746,-3,539,-2,721,-6,508,-3,691,-5,777,-1,1366,0,545,0,844,-3,604,0,751,-4,355,0,845,-3,554,-2,852,-3
08:57,548,-2,740,-6,538,-1,717,-4,502,-6,688,-3,777,0,1365,-1,543,-2,839,-5,599,-5,748,-3,354,-1,841,-4,552,-2,848,-4
08:58,548,0,734,-6,537,-1,714,-3,500,-2,684,-4,777,0,1364,-1,539,-4,835,-4,597,-2,744,-4,354,0,836,-5,550,-1,844,-4
08:59,548,0,732,-2,534,-3,708,-6,494,-6,679,-5,776,-1,1363,-1,538,-1,833,-2,594,-3,739,-5,354,0,831,-5,548,-2,841,-4
09:00,544,-4,726,-6,530,-4,698,-10,491,-3,678,-1,776,0,1363,0,536,-2,830,-3,591,-3,735,-4,353,-1,828,-3,546,-2,837,-4
09:01,541,-3,721,-5,530,0,693,-5,489,-2,675,-3,775,-1,1363,0,535,-1,823,-7,586,-5,734,-1,352,-1,827,-1,544,-2,834,-3
09:02,538,-3,716,-5,525,-5,691,-2,487,-2,670,-5,775,0,1363,0,533,-2,818,-5,585,-1,731,-3,352,0,822,-5,542,-2,830,-4
09:03,538,0,714,-2,524,-1,689,-2,485,-2,667,-3,774,-1,1362,-1,532,-1,815,-3,582,-3,725,-6,351,-1,819,-3,541,-1,827,-3
09:04,535,-3,712,-2,520,-4,687,-2,479,-6,657,-10,774,0,1361,-1,529,-3,809,-6,580,-2,721,-4,349,-2,815,-4,538,-3,823,-4
09:05,531,-4,710,-2,519,-1,682,-5,479,0,650,-7,774,0,1360,-1,527,-2,802,-7,579,-1,719,-2,349,0,812,-3,537,-1,819,-4
09:06,529,-2,708,-2,519,0,681,-1,477,-2,649,-1,774,0,1360,0,526,-1,799,-3,578,-1,716,-3,349,0,804,-8,536,-1,817,-3
09:07,527,-2,702,-6,516,-3,678,-3,473,-4,643,-6,775,1,1360,0,523,-3,796,-3,576,-2,711,-5,349,0,802,-2,534,-2,813,-4
09:08,521,-6,700,-2,513,-3,674,-4,470,-3,640,-3,775,0,1360,0,520,-3,792,-4,568,-8,708,-3,350,1,800,-2,531,-3,811,-3
09:09,520,-1,694,-6,509,-4,668,-6,470,0,639,-1,774,-1,1360,0,521,1,790,-2,567,-1,703,-5,350,0,794,-6,530,-1,807,-4
09:10,518,-2,686,-8,506,-3,664,-4,470,0,635,-4,773,-1,1360,0,518,-3,785,-5,565,-2,700,-3,350,0,793,-1,529,-2,803,-4
09:11,512,-6,682,-4,505,-1,660,-4,468,-2,631,-4,773,0,1359,-1,515,-3,781,-4,561,-4,698,-2,349,-1,788,-5,526,-2,800,-3
09:12,510,-2,679,-3,502,-3,650,-10,464,-4,630,-1,773,0,1358,-1,513,-2,776,-5,558,-3,694,-4,348,-1,781,-7,524,-2,795,-4
09:13,508,-2,671,-8,499,-3,650,0,460,-4,623,-7,773,0,1358,0,512,-1,772,-4,553,-5,688,-6,347,-1,775,-6,522,-2,791,-4
09:14,506,-2,665,-6,497,-2,643,-7,458,-2,619,-4,771,-2,1360,2,511,-1,772,0,550,-3,686,-2,346,-1,772,-3,520,-2,788,-3
09:15,502,-4,657,-8,496,-1,639,-4,454,-4,618,-1,770,-1,1359,-1,510,-1,762,-10,546,-4,683,-3,345,-1,768,-4,518,-2,784,-4
09:16,500,-2,653,-4,492,-4,636,-3,453,-1,611,-7,770,0,1359,0,509,-1,759,-3,544,-2,679,-4,343,-2,763,-5,516,-2,780,-4
09:17,497,-3,648,-5,492,0,631,-5,453,0,609,-2,770,0,1359,0,508,-1,755,-4,541,-3,676,-3,343,0,758,-5,515,-1,777,-3
09:18,495,-2,642,-6,489,-3,628,-3,450,-3,604,-5,770,0,1359,0,503,-5,751,-4,540,-1,674,-2,343,0,751,-7,513,-2,773,-4
09:19,490,-5,639,-3,485,-4,625,-3,450,0,597,-7,770,0,1358,-1,500,-3,749,-2,538,-2,670,-4,341,-2,749,-2,511,-2,770,-3
09:20,488,-2,635,-4,480,-5,619,-6,450,0,592,-5,770,0,1357,-1,498,-2,749,0,535,-3,666,-4,340,-1,741,-8,509,-2,766,-4
09:21,486,-2,629,-6,474,-6,613,-6,446,-4,591,-1,769,-1,1357,0,495,-3,745,-4,532,-3,663,-3,339,-1,734,-7,506,-3,762,-4
09:22,483,-3,622,-7,470,-4,605,-8,444,-2,585,-6,769,0,1357,0,494,-1,743,-2,527,-5,658,-5,338,-1,731,-3,504,-2,757,-4
09:23,479,-4,617,-5,470,0,597,-8,443,-1,584,-1,768,-1,1357,0,492,-2,741,-2,526,-1,653,-5,338,0,725,-6,502,-1,753,-4
09:24,474,-5,612,-5,464,-6,590,-7,438,-5,579,-5,768,0,1357,0,488,-4,737,-4,522,-4,650,-3,337,-1,721,-4,499,-4,749,-4
09:25,473,-1,607,-5,458,-6,586,-4,435,-3,574,-5,768,0,1357,0,483,-5,731,-6,519,-3,646,-4,336,-1,719,-2,496,-3,746,-4
09:26,473,0,602,-5,455,-3,582,-4,430,-5,573,-1,767,-1,1357,0,481,-2,731,0,518,-1,643,-3,332,-4,712,-7,494,-2,743,-3
09:27,468,-5,598,-4,450,-5,576,-6,429,-1,569,-4,768,1,1357,0,478,-3,723,-8,511,-7,635,-8,331,-1,706,-6,491,-3,738,-5
09:28,464,-4,590,-8,444,-6,568,-8,425,-4,565,-4,768,0,1357,0,476,-2,715,-8,508,-3,630,-5,329,-2,702,-4,488,-3,732,-5
09:29,458,-6,582,-8,439,-5,557,-11,419,-6,561,-4,767,-1,1356,-1,471,-5,711,-4,504,-4,628,-2,325,-4,698,-4,483,-4,728,-5
09:30,451,-7,576,-6,434,-5,547,-10,416,-3,554,-7,767,0,1356,0,466,-5,703,-8,498,-6,623,-5,323,-2,690,-8,479,-4,721,-6
09:31,448,-3,570,-6,428,-6,543,-4,414,-2,550,-4,767,0,1356,0,458,-8,698,-5,492,-6,619,-4,322,-1,686,-4,476,-4,717,-4
09:32,443,-5,562,-8,425,-3,540,-3,409,-5,544,-6,767,0,1356,0,454,-4,690,-8,490,-2,610,-9,322,0,683,-3,473,-3,712,-5
09:33,437,-6,552,-10,418,-7,537,-3,401,-8,537,-7,765,-2,1356,0,451,-3,684,-6,488,-2,603,-7,320,-2,675,-8,469,-4,706,-6
09:34,432,-5,543,-9,412,-6,528,-9,398,-3,528,-9,765,0,1355,-1,439,-12,681,-3,487,-1,597,-6,318,-2,674,-1,464,-4,701,-5
09:35,423,-9,536,-7,403,-9,522,-6,390,-8,520,-8,765,0,1355,0,435,-4,675,-6,480,-7,588,-9,316,-2,668,-6,459,-6,695,-6
09:36,419,-4,527,-9,400,-3,511,-11,385,-5,513,-7,765,0,1354,-1,429,-6,671,-4,476,-4,581,-7,313,-3,664,-4,455,-4,689,-6
09:37,410,-9,516,-11,391,-9,504,-7,383,-2,504,-9,764,-1,1354,0,425,-4,664,-7,466,-10,574,-7,311,-2,659,-5,450,-5,682,-7
09:38,404,-6,509,-7,386,-5,497,-7,380,-3,498,-6,764,0,1354,0,422,-3,656,-8,462,-4,564,-10,310,-1,653,-6,447,-3,676,-6
09:39,398,-6,500,-9,377,-9,487,-10,371,-9,488,-10,763,-1,1354,0,420,-2,647,-9,458,-4,557,-7,310,0,648,-5,442,-4,669,-7
09:40,392,-6,492,-8,374,-3,482,-5,367,-4,479,-9,762,-1,1353,-1,416,-4,643,-4,447,-11,547,-10,308,-2,639,-9,438,-4,662,-7
09:41,386,-6,483,-9,366,-8,475,-7,363,-4,470,-9,762,0,1352,-1,411,-5,637,-6,444,-3,538,-9,309,1,635,-4,434,-4,656,-6
09:42,378,-8,475,-8,353,-13,465,-10,355,-8,462,-8,762,0,1352,0,405,-6,626,-11,439,-5,532,-6,307,-2,630,-5,428,-6,649,-7
09:43,367,-11,467,-8,352,-1,456,-9,349,-6,457,-5,762,0,1352,0,395,-10,620,-6,438,-1,526,-6,307,0,624,-6,424,-4,643,-6
09:44,358,-9,457,-10,345,-7,446,-10,347,-2,448,-9,762,0,1351,-1,389,-6,611,-9,436,-2,518,-8,306,-1,616,-8,420,-4,635,-8
09:45,350,-8,447,-10,338,-7,439,-7,337,-10,441,-7,762,0,1351,0,380,-9,603,-8,434,-2,510,-8,306,0,607,-9,415,-5,628,-7
09:46,340,-10,439,-8,327,-11,428,-11,327,-10,432,-9,762,0,1350,-1,375,-5,597,-6,425,-9,499,-11,305,-1,597,-10,409,-7,620,-8
09:47,327,-13,430,-9,321,-6,421,-7,326,-1,422,-10,762,0,1350,0,361,-14,589,-8,412,-13,493,-6,306,1,590,-7,402,-7,614,-7
09:48,319,-8,420,-10,316,-5,412,-9,321,-5,412,-10,762,0,1350,0,356,-5,580,-9,403,-9,485,-8,306,0,580,-10,398,-5,606,-8
09:49,315,-4,409,-11,309,-7,403,-9,313,-8,402,-10,762,0,1350,0,349,-7,574,-6,396,-7,479,-6,305,-1,573,-7,393,-5,599,-7
09:50,310,-5,399,-10,306,-3,391,-12,301,-12,392,-10,761,-1,1350,0,342,-7,567,-7,390,-6,471,-8,303,-2,566,-7,388,-5,591,-8
09:51,307,-3,393,-6,304,-2,384,-7,291,-10,382,-10,761,0,1349,-1,335,-7,564,-3,384,-6,461,-10,299,-4,557,-9,383,-5,584,-7
09:52,304,-3,387,-6,294,-10,378,-6,282,-9,373,-9,760,-1,1348,-1,328,-7,562,-2,378,-6,449,-12,297,-2,547,-10,378,-5,578,-7
09:53,299,-5,382,-5,288,-6,373,-5,274,-8,366,-7,760,0,1348,0,323,-5,551,-11,370,-8,442,-7,296,-1,538,-9,373,-5,571,-6
09:54,296,-3,375,-7,283,-5,362,-11,268,-6,358,-8,760,0,1346,-2,319,-4,546,-5,361,-9,437,-5,295,-1,528,-10,369,-4,565,-7
09:55,293,-3,372,-3,280,-3,361,-1,262,-6,351,-7,760,0,1346,0,313,-6,536,-10,358,-3,430,-7,292,-3,522,-6,365,-3,560,-5
09:56,291,-2,370,-2,275,-5,353,-8,255,-7,342,-9,760,0,1344,-2,311,-2,529,-7,355,-3,427,-3,292,0,516,-6,363,-3,554,-5
09:57,283,-8,368,-2,274,-1,352,-1,250,-5,333,-9,761,1,1344,0,303,-8,523,-6,353,-2,424,-3,289,-3,510,-6,359,-4,551,-4
09:58,282,-1,367,-1,271,-3,350,-2,245,-5,329,-4,761,0,1344,0,299,-4,513,-10,347,-6,423,-1,287,-2,503,-7,356,-3,547,-4
09:59,277,-5,366,-1,267,-4,346,-4,236,-9,325,-4,761,0,1342,-2,293,-6,506,-7,346,-1,417,-6,284,-3,500,-3,352,-4,543,-4
10:00,277,0,359,-7,267,0,340,-6,231,-5,321,-4,761,0,1343,1,294,1,504,-2,342,-4,410,-7,283,-1,494,-6,351,-1,539,-4
10:01,275,-2,352,-7,264,-3,335,-5,227,-4,317,-4,761,0,1342,-1,286,-8,504,0,343,1,406,-4,281,-2,491,-3,348,-3,535,-3
10:02,273,-2,344,-8,258,-6,336,1,226,-1,308,-9,761,0,1342,0,288,2,502,-2,339,-4,398,-8,279,-2,485,-6,346,-2,531,-5
10:03,273,0,336,-8,256,-2,331,-5,225,-1,303,-5,761,0,1342,0,284,-4,500,-2,337,-2,394,-4,277,-2,479,-6,345,-2,526,-4
10:04,271,-2,329,-7,253,-3,322,-9,227,2,293,-10,761,0,1342,0,282,-2,497,-3,337,0,389,-5,278,1,471,-8,344,-1,520,-6
10:05,271,0,323,-6,253,0,319,-3,227,0,285,-8,762,1,1342,0,281,-1,493,-4,332,-5,388,-1,278,0,474,3,343,-1,518,-3
10:06,266,-5,318,-5,249,-4,316,-3,223,-4,280,-5,762,0,1341,-1,279,-2,491,-2,331,-1,382,-6,278,0,468,-6,341,-2,514,-4
10:07,267,1,312,-6,249,0,314,-2,222,-1,277,-3,760,-2,1341,0,281,2,490,-1,328,-3,375,-7,279,1,462,-6,341,0,510,-4
10:08,267,0,309,-3,248,-1,312,-2,220,-2,272,-5,760,0,1341,0,279,-2,488,-2,321,-7,372,-3,282,3,459,-3,340,-1,508,-3
10:09,265,-2,306,-3,246,-2,309,-3,215,-5,263,-9,761,1,1341,0,276,-3,485,-3,321,0,371,-1,283,1,455,-4,338,-1,504,-3
10:10,262,-3,303,-3,243,-3,304,-5,214,-1,258,-5,761,0,1342,1,275,-1,482,-3,320,-1,367,-4,283,0,453,-2,337,-1,501,-3
10:11,262,0,300,-3,242,-1,300,-4,214,0,253,-5,760,-1,1342,0,271,-4,477,-5,317,-3,361,-6,284,1,450,-3,336,-1,498,-4
10:12,260,-2,295,-5,239,-3,297,-3,210,-4,247,-6,761,1,1342,0,270,-1,474,-3,317,0,356,-5,285,1,447,-3,335,-1,494,-4
10:13,259,-1,292,-3,239,0,295,-2,209,-1,243,-4,761,0,1342,0,269,-1,470,-4,316,-1,356,0,284,-1,444,-3,334,-1,492,-2
10:14,261,2,290,-2,238,-1,294,-1,209,0,239,-4,760,-1,1342,0,267,-2,465,-5,314,-2,356,0,284,0,440,-4,333,-1,489,-2
10:15,261,0,288,-2,236,-2,291,-3,205,-4,238,-1,760,0,1341,-1,261,-6,462,-3,314,0,356,0,284,0,435,-5,332,-2,487,-2
10:16,260,-1,284,-4,233,-3,292,1,204,-1,237,-1,759,-1,1342,1,260,-1,462,0,311,-3,356,0,283,-1,433,-2,330,-2,487,-1
10:17,262,2,281,-3,231,-2,288,-4,205,1,236,-1,759,0,1342,0,258,-2,460,-2,310,-1,355,-1,283,0,432,-1,330,0,485,-2
10:18,261,-1,281,0,231,0,283,-5,204,-1,230,-6,759,0,1343,1,258,0,455,-5,308,-2,353,-2,283,0,428,-4,329,-1,482,-3
10:19,257,-4,279,-2,229,-2,279,-4,202,-2,229,-1,759,0,1344,1,256,-2,452,-3,308,0,352,-1,283,0,423,-5,328,-1,480,-2
10:21,256,-1,278,-1,227,-2,277,-2,201,-1,226,-3,759,0,1343,-1,254,-2,450,-2,307,-1,350,-2,283,0,426,3,327,-1,479,-1
10:22,254,-2,273,-5,227,0,275,-2,201,0,225,-1,758,-1,1343,0,253,-1,446,-4,305,-2,347,-3,281,-2,423,-3,326,-1,476,-3
10:23,253,-1,271,-2,227,0,271,-4,200,-1,222,-3,758,0,1343,0,251,-2,443,-3,305,0,345,-2,282,1,422,-1,325,0,474,-2
10:24,252,-1,266,-5,226,-1,270,-1,202,2,220,-2,758,0,1343,0,251,0,441,-2,306,1,341,-4,282,0,417,-5,325,0,471,-3
10:25,250,-2,265,-1,223,-3,264,-6,201,-1,220,0,758,0,1344,1,250,-1,441,0,304,-2,339,-2,281,-1,416,-1,324,-1,470,-1
10:26,250,0,261,-4,223,0,261,-3,199,-2,219,-1,758,0,1344,0,247,-3,438,-3,305,1,339,0,281,0,411,-5,323,-1,468,-2
10:27,250,0,259,-2,221,-2,259,-2,198,-1,219,0,758,0,1344,0,247,0,433,-5,302,-3,335,-4,282,1,409,-2,323,-1,465,-2
10:28,250,0,257,-2,219,-2,255,-4,195,-3,216,-3,758,0,1345,1,247,0,432,-1,300,-2,334,-1,281,-1,407,-2,321,-1,464,-2
10:29,249,-1,254,-3,218,-1,255,0,192,-3,213,-3,758,0,1346,1,245,-2,429,-3,299,-1,331,-3,281,0,401,-6,320,-1,461,-2
10:30,247,-2,256,2,215,-3,257,2,191,-1,212,-1,758,0,1346,0,242,-3,429,0,297,-2,326,-5,280,-1,400,-1,319,-2,461,0
10:31,246,-1,258,2,213,-2,255,-2,185,-6,211,-1,758,0,1346,0,242,0,425,-4,296,-1,319,-7,280,0,395,-5,317,-1,458,-2
10:32,244,-2,257,-1,211,-2,254,-1,185,0,208,-3,758,0,1346,0,244,2,419,-6,296,0,317,-2,279,-1,390,-5,317,0,456,-3
10:33,241,-3,253,-4,211,0,252,-2,185,0,206,-2,758,0,1346,0,242,-2,416,-3,295,-1,315,-2,279,0,388,-2,316,-1,454,-2
10:34,240,-1,253,0,210,-1,245,-7,182,-3,205,-1,758,0,1345,-1,238,-4,412,-4,294,-1,314,-1,279,0,383,-5,314,-1,451,-3
10:35,238,-2,250,-3,208,-2,241,-4,181,-1,203,-2,757,-1,1344,-1,238,0,412,0,291,-3,313,-1,279,0,383,0,313,-1,449,-2
10:36,238,0,247,-3,206,-2,240,-1,179,-2,202,-1,757,0,1344,0,237,-1,409,-3,291,0,309,-4,278,-1,382,-1,312,-1,448,-2
10:37,238,0,246,-1,203,-3,234,-6,177,-2,196,-6,757,0,1343,-1,238,1,407,-2,289,-2,307,-2,278,0,382,0,311,-1,445,-3
10:38,236,-2,245,-1,202,-1,234,0,176,-1,195,-1,757,0,1343,0,236,-2,403,-4,288,-1,306,-1,278,0,379,-3,310,-1,444,-1
10:39,236,0,239,-6,200,-2,230,-4,175,-1,192,-3,757,0,1343,0,235,-1,401,-2,289,1,302,-4,279,1,376,-3,310,0,440,-3
10:40,232,-4,238,-1,200,0,228,-2,173,-2,192,0,757,0,1343,0,235,0,399,-2,287,-2,301,-1,277,-2,374,-2,309,-1,439,-1
10:41,229,-3,235,-3,200,0,228,0,172,-1,188,-4,757,0,1343,0,232,-3,395,-4,285,-2,305,4,277,0,372,-2,307,-1,438,-1
10:42,227,-2,234,-1,198,-2,226,-2,171,-1,185,-3,757,0,1342,-1,230,-2,395,0,285,0,301,-4,275,-2,369,-3,306,-1,436,-2
10:43,226,-1,233,-1,195,-3,224,-2,172,1,183,-2,757,0,1342,0,229,-1,391,-4,283,-2,299,-2,274,-1,367,-2,305,-1,434,-2
10:44,224,-2,232,-1,189,-6,221,-3,171,-1,180,-3,758,1,1342,0,229,0,390,-1,282,-1,297,-2,274,0,360,-7,304,-1,432,-2
10:45,222,-2,225,-7,188,-1,219,-2,167,-4,178,-2,758,0,1344,2,228,-1,390,0,280,-2,294,-3,275,1,359,-1,303,-1,430,-2
10:46,222,0,221,-4,186,-2,218,-1,164,-3,172,-6,757,-1,1344,0,225,-3,390,0,279,-1,287,-7,275,0,355,-4,301,-1,427,-3
10:47,218,-4,220,-1,183,-3,218,0,163,-1,171,-1,757,0,1344,0,223,-2,388,-2,279,0,285,-2,275,0,355,0,300,-1,426,-1
10:48,218,0,217,-3,183,0,218,0,160,-3,170,-1,757,0,1344,0,224,1,388,0,275,-4,281,-4,274,-1,349,-6,299,-1,424,-2
10:49,216,-2,212,-5,182,-1,216,-2,160,0,168,-2,757,0,1344,0,221,-3,386,-2,274,-1,280,-1,273,-1,345,-4,298,-1,422,-2
10:50,216,0,207,-5,179,-3,214,-2,159,-1,167,-1,757,0,1344,0,221,0,387,1,272,-2,278,-2,272,-1,343,-2,297,-1,420,-2
10:51,216,0,206,-1,178,-1,214,0,158,-1,165,-2,757,0,1344,0,219,-2,387,0,272,0,277,-1,271,-1,342,-1,296,-1,419,-1
10:52,214,-2,203,-3,175,-3,208,-6,156,-2,163,-2,757,0,1346,2,215,-4,385,-2,269,-3,274,-3,271,0,340,-2,294,-2,417,-2
10:53,214,0,201,-2,173,-2,203,-5,154,-2,160,-3,757,0,1346,0,214,-1,381,-4,267,-2,271,-3,271,0,337,-3,293,-1,414,-3
10:54,211,-3,199,-2,174,1,201,-2,152,-2,155,-5,756,-1,1346,0,213,-1,379,-2,267,0,269,-2,270,-1,336,-1,292,-1,412,-2
10:55,207,-4,195,-4,173,-1,199,-2,150,-2,150,-5,756,0,1347,1,210,-3,379,0,264,-3,264,-5,271,1,332,-4,290,-2,409,-3
10:56,208,1,193,-2,169,-4,196,-3,148,-2,142,-8,756,0,1347,0,207,-3,376,-3,262,-2,261,-3,271,0,333,1,289,-1,407,-3
10:57,205,-3,188,-5,166,-3,195,-1,145,-3,139,-3,756,0,1347,0,205,-2,374,-2,262,0,255,-6,272,1,332,-1,287,-1,404,-3
10:58,202,-3,183,-5,165,-1,192,-3,145,0,136,-3,755,-1,1346,-1,204,-1,368,-6,259,-3,253,-2,270,-2,329,-3,286,-2,401,-3
10:59,201,-1,176,-7,160,-5,188,-4,142,-3,133,-3,755,0,1347,1,203,-1,363,-5,259,0,253,0,270,0,326,-3,284,-1,398,-3
11:00,199,-2,174,-2,159,-1,183,-5,138,-4,132,-1,755,0,1347,0,202,-1,361,-2,258,-1,248,-5,270,0,324,-2,283,-1,396,-2
11:01,197,-2,169,-5,156,-3,180,-3,137,-1,129,-3,755,0,1346,-1,200,-2,360,-1,257,-1,245,-3,268,-2,320,-4,281,-2,393,-3
11:02,195,-2,168,-1,154,-2,175,-5,132,-5,125,-4,755,0,1345,-1,202,2,356,-4,253,-4,238,-7,268,0,316,-4,280,-2,389,-4
11:03,188,-7,162,-6,150,-4,168,-7,130,-2,122,-3,754,-1,1345,0,199,-3,355,-1,250,-3,236,-2,269,1,315,-1,277,-3,386,-3
11:04,186,-2,157,-5,147,-3,164,-4,128,-2,116,-6,754,0,1347,2,199,0,355,0,247,-3,230,-6,269,0,313,-2,276,-1,383,-3
11:05,184,-2,149,-8,143,-4,161,-3,127,-1,113,-3,754,0,1347,0,199,0,350,-5,244,-3,229,-1,265,-4,311,-2,274,-2,380,-3
11:06,185,1,141,-8,142,-1,156,-5,125,-2,105,-8,755,1,1347,0,197,-2,341,-9,243,-1,228,-1,265,0,307,-4,273,-1,375,-5
11:07,186,1,139,-2,141,-1,157,1,124,-1,102,-3,754,-1,1348,1,193,-4,332,-9,243,0,224,-4,265,0,303,-4,272,-1,372,-3
11:08,186,0,128,-11,139,-2,154,-3,122,-2,98,-4,754,0,1348,0,190,-3,333,1,242,-1,220,-4,265,0,297,-6,271,-1,368,-4
11:09,183,-3,119,-9,136,-3,150,-4,120,-2,98,0,754,0,1348,0,190,0,329,-4,239,-3,212,-8,264,-1,291,-6,269,-2,364,-4
11:10,181,-2,117,-2,135,-1,143,-7,118,-2,94,-4,754,0,1348,0,188,-2,328,-1,236,-3,208,-4,264,0,286,-5,268,-1,361,-3
11:11,179,-2,114,-3,134,-1,139,-4,117,-1,86,-8,754,0,1348,0,188,0,324,-4,234,-2,202,-6,263,-1,281,-5,267,-1,356,-4
11:12,179,0,113,-1,132,-2,135,-4,114,-3,83,-3,755,1,1348,0,186,-2,319,-5,231,-3,194,-8,263,0,278,-3,266,-1,353,-3
11:13,176,-3,109,-4,126,-6,131,-4,111,-3,80,-3,755,0,1348,0,180,-6,312,-7,229,-2,191,-3,263,0,271,-7,263,-3,349,-4
11:14,173,-3,105,-4,124,-2,128,-3,107,-4,77,-3,755,0,1347,-1,179,-1,311,-1,226,-3,190,-1,262,-1,272,1,261,-2,347,-2
11:15,171,-2,99,-6,119,-5,125,-3,102,-5,73,-4,756,1,1346,-1,175,-4,304,-7,225,-1,184,-6,261,-1,265,-7,258,-2,342,-5
11:16,168,-3,94,-5,118,-1,117,-8,100,-2,72,-1,756,0,1345,-1,174,-1,296,-8,223,-2,178,-6,260,-1,259,-6,257,-1,337,-5
11:17,163,-5,91,-3,113,-5,111,-6,98,-2,69,-3,756,0,1345,0,171,-3,292,-4,222,-1,177,-1,259,-1,255,-4,255,-2,334,-3
11:18,162,-1,87,-4,112,-1,108,-3,96,-2,62,-7,756,0,1345,0,166,-5,288,-4,220,-2,174,-3,258,-1,252,-3,253,-2,331,-3
11:19,162,0,82,-5,110,-2,100,-8,96,0,57,-5,756,0,1345,0,162,-4,286,-2,218,-2,167,-7,257,-1,253,1,252,-1,327,-4
11:20,157,-5,81,-1,108,-2,98,-2,93,-3,58,1,756,0,1343,-2,158,-4,280,-6,214,-4,163,-4,261,4,248,-5,250,-2,324,-3
11:21,155,-2,80,-1,105,-3,92,-6,95,2,58,0,757,1,1343,0,156,-2,274,-6,212,-2,156,-7,262,1,245,-3,249,-1,321,-3
11:22,148,-7,77,-3,106,1,95,3,93,-2,54,-4,757,0,1343,0,156,0,269,-5,210,-2,156,0,263,1,240,-5,248,-1,319,-2
11:23,147,-1,76,-1,107,1,97,2,92,-1,49,-5,757,0,1341,-2,154,-2,267,-2,205,-5,157,1,265,2,238,-2,247,-1,318,-1
11:24,146,-1,72,-4,108,1,90,-7,89,-3,45,-4,757,0,1341,0,154,0,264,-3,203,-2,151,-6,264,-1,235,-3,246,-1,314,-4
11:25,144,-2,70,-2,109,1,89,-1,86,-3,41,-4,757,0,1340,-1,149,-5,261,-3,200,-3,149,-2,264,0,234,-1,244,-2,312,-2
11:26,144,0,70,0,104,-5,87,-2,85,-1,34,-7,757,0,1339,-1,145,-4,258,-3,201,1,148,-1,264,0,234,0,243,-1,310,-2
11:27,144,0,68,-2,106,2,87,0,82,-3,31,-3,756,-1,1338,-1,143,-2,257,-1,201,0,147,-1,263,-1,229,-5,242,-1,308,-2
11:28,250,106,300,232,108,2,92,5,80,-2,29,-2,756,0,1337,-1,142,-1,252,-5,200,-1,145,-2,265,2,222,-7,257,15,340,31
11:29,249,-1,299,-1,105,-3,93,1,79,-1,28,-1,756,0,1337,0,140,-2,249,-3,200,0,146,1,266,1,222,0,256,-1,339,0
11:30,248,-1,298,-1,107,2,94,1,78,-1,27,-1,756,0,1337,0,141,1,243,-6,199,-1,141,-5,266,0,223,1,256,0,338,-2
11:31,251,3,302,4,105,-2,95,1,77,-1,25,-2,755,-1,1337,0,140,-1,237,-6,203,4,153,12,265,-1,221,-2,257,0,339,1
11:32,252,1,304,2,101,-4,99,4,76,-1,23,-2,755,0,1337,0,138,-2,241,4,203,0,154,1,267,2,219,-2,256,-1,340,1
11:33,254,2,306,2,101,0,104,5,75,-1,22,-1,754,-1,1337,0,140,2,244,3,205,2,153,-1,268,1,221,2,257,1,341,1
11:34,257,3,309,3,107,6,110,6,76,1,26,4,754,0,1336,-1,142,2,250,6,203,-2,150,-3,269,1,227,6,258,2,344,3
11:35,260,3,311,2,107,0,112,2,78,2,26,0,753,-1,1336,0,144,2,253,3,203,0,155,5,272,3,231,4,260,1,346,2
11:36,261,1,317,6,108,1,113,1,79,1,34,8,753,0,1335,-1,143,-1,254,1,203,0,157,2,273,1,234,3,260,0,349,3
11:37,265,4,323,6,109,1,115,2,78,-1,41,7,752,-1,1335,0,148,5,257,3,204,1,155,-2,276,3,230,-4,262,2,351,2
11:38,269,4,328,5,112,3,115,0,80,2,41,0,751,-1,1335,0,150,2,256,-1,206,2,155,0,277,1,232,2,264,2,352,1
11:39,274,5,336,8,110,-2,114,-1,83,3,39,-2,750,-1,1336,1,150,0,257,1,202,-4,155,0,277,0,238,6,264,0,354,2
11:40,280,6,339,3,110,0,112,-2,82,-1,39,0,749,-1,1336,0,156,6,259,2,202,0,153,-2,277,0,243,5,265,1,354,1
11:41,284,4,344,5,111,1,113,1,83,1,44,5,749,0,1337,1,156,0,260,1,204,2,145,-8,279,2,242,-1,267,1,355,1
11:42,290,6,348,4,111,0,115,2,85,2,47,3,749,0,1338,1,153,-3,258,-2,204,0,147,2,278,-1,238,-4,267,1,356,1
11:43,289,-1,351,3,115,4,113,-2,84,-1,47,0,749,0,1338,0,153,0,259,1,205,1,147,0,279,1,240,2,268,1,356,1
11:44,292,3,352,1,116,1,116,3,85,1,45,-2,749,0,1336,-2,154,1,262,3,205,0,149,2,280,1,238,-2,269,1,357,0
11:45,296,4,356,4,114,-2,115,-1,85,0,145,100,750,1,1336,0,155,1,264,2,206,1,150,1,280,0,241,3,269,1,372,16
11:46,295,-1,361,5,112,-2,115,0,135,50,148,3,750,0,1336,0,155,0,269,5,204,-2,148,-2,281,1,240,-1,276,7,374,1
11:47,296,1,366,5,110,-2,117,2,136,1,150,2,750,0,1335,-1,157,2,269,0,204,0,149,1,282,1,241,1,276,0,375,1
11:48,297,1,370,4,110,0,114,-3,135,-1,150,0,750,0,1335,0,155,-2,269,0,203,-1,150,1,284,2,241,0,276,0,376,0
11:49,298,1,372,2,109,-1,115,1,135,0,151,1,750,0,1334,-1,153,-2,268,-1,203,0,151,1,283,-1,243,2,276,0,376,1
11:50,300,2,368,-4,108,-1,116,1,135,0,150,-1,750,0,1334,0,154,1,266,-2,204,1,153,2,284,1,242,-1,276,1,376,-1
11:51,303,3,370,2,108,0,115,-1,138,3,147,-3,750,0,1333,-1,151,-3,266,0,203,-1,151,-2,284,0,242,0,277,0,375,-1
11:52,307,4,375,5,108,0,115,0,138,0,145,-2,750,0,1333,0,152,1,265,-1,203,0,148,-3,285,1,242,0,278,1,375,0
11:53,308,1,377,2,106,-2,111,-4,134,-4,143,-2,750,0,1333,0,152,0,265,0,204,1,146,-2,285,0,240,-2,277,-1,374,-1
11:54,310,2,381,4,106,0,113,2,134,0,140,-3,750,0,1334,1,151,-1,266,1,205,1,148,2,286,1,238,-2,277,0,374,1
11:55,312,2,381,0,105,-1,112,-1,133,-1,140,0,750,0,1334,0,150,-1,263,-3,205,0,143,-5,287,1,240,2,277,0,373,-1
11:56,312,0,384,3,105,0,111,-1,128,-5,142,2,751,1,1336,2,149,-1,260,-3,205,0,143,0,286,-1,237,-3,277,-1,373,0
11:57,312,0,390,6,106,1,110,-1,127,-1,142,0,751,0,1336,0,150,1,260,0,204,-1,141,-2,286,0,237,0,277,0,374,0
11:58,312,0,392,2,105,-1,106,-4,126,-1,141,-1,751,0,1336,0,151,1,255,-5,204,0,138,-3,286,0,234,-3,276,0,372,-2
11:59,314,2,398,6,101,-4,105,-1,128,2,141,0,751,0,1337,1,152,1,256,1,204,0,137,-1,285,-1,235,1,276,0,373,1
12:00,317,3,401,3,101,0,105,0,128,0,141,0,751,0,1337,0,151,-1,255,-1,204,0,137,0,286,1,231,-4,277,0,372,0
12:01,320,3,406,5,99,-2,105,0,124,-4,142,1,751,0,1337,0,150,-1,255,0,203,-1,137,0,286,0,232,1,276,-1,373,1
12:02,322,2,407,1,99,0,103,-2,123,-1,140,-2,751,0,1334,-3,149,-1,252,-3,203,0,139,2,287,1,232,0,276,0,372,-1
12:03,325,3,409,2,100,1,100,-3,122,-1,139,-1,751,0,1335,1,148,-1,253,1,201,-2,137,-2,287,0,232,0,276,0,372,0
12:04,327,2,414,5,99,-1,98,-2,121,-1,139,0,752,1,1336,1,148,0,248,-5,197,-4,137,0,288,1,230,-2,276,0,372,0
12:05,330,3,415,1,97,-2,96,-2,118,-3,139,0,752,0,1336,0,147,-1,248,0,196,-1,138,1,287,-1,226,-4,275,-1,371,-1
12:06,332,2,419,4,96,-1,95,-1,116,-2,138,-1,752,0,1336,0,146,-1,248,0,194,-2,142,4,287,0,229,3,275,-1,372,1
12:07,335,3,425,6,97,1,97,2,115,-1,136,-2,753,1,1334,-2,244,98,255,7,193,-1,142,0,288,1,232,3,289,15,374,2
12:08,337,2,428,3,96,-1,95,-2,114,-1,134,-2,755,2,1334,0,243,-1,253,-2,194,1,141,-1,287,-1,231,-1,289,0,374,-1
12:09,340,3,426,-2,93,-3,94,-1,113,-1,132,-2,755,0,1334,0,241,-2,249,-4,194,0,141,0,288,1,229,-2,289,0,372,-2
12:10,340,0,431,5,91,-2,93,-1,112,-1,132,0,755,0,1334,0,238,-3,246,-3,194,0,135,-6,288,0,230,1,288,-1,372,-1
12:11,342,2,433,2,90,-1,91,-2,111,-1,129,-3,755,0,1332,-2,237,-1,244,-2,194,0,135,0,288,0,231,1,288,0,371,-1
12:12,343,1,438,5,87,-3,89,-2,110,-1,128,-1,755,0,1332,0,236,-1,242,-2,193,-1,135,0,287,-1,228,-3,287,-1,370,0
12:13,345,2,440,2,86,-1,89,0,107,-3,125,-3,755,0,1330,-2,236,0,241,-1,193,0,132,-3,286,-1,222,-6,287,0,368,-2
12:14,346,1,439,-1,83,-3,86,-3,107,0,124,-1,755,0,1329,-1,236,0,238,-3,194,1,132,0,286,0,220,-2,287,0,367,-2
12:15,349,3,444,5,82,-1,85,-1,105,-2,122,-2,755,0,1330,1,236,0,238,0,191,-3,128,-4,285,-1,220,0,286,-1,367,0
12:16,353,4,444,0,81,-1,86,1,105,0,120,-2,755,0,1331,1,234,-2,235,-3,192,1,126,-2,286,1,215,-5,287,0,365,-1
12:17,352,-1,445,1,81,0,83,-3,105,0,118,-2,755,0,1332,1,232,-2,234,-1,194,2,127,1,286,0,213,-2,286,0,365,-1
12:18,355,3,453,8,79,-2,82,-1,106,1,119,1,755,0,1332,0,231,-1,234,0,190,-4,128,1,286,0,212,-1,286,0,366,1
12:19,358,3,456,3,79,0,77,-5,105,-1,112,-7,755,0,1332,0,230,-1,230,-4,190,0,124,-4,286,0,211,-1,286,0,363,-3
12:20,362,4,461,5,77,-2,75,-2,105,0,109,-3,756,1,1332,0,227,-3,231,1,188,-2,123,-1,286,0,208,-3,286,0,363,0
12:21,366,4,464,3,76,-1,76,1,103,-2,110,1,756,0,1332,0,227,0,230,-1,188,0,119,-4,286,0,208,0,286,0,363,0
12:22,369,3,473,9,75,-1,74,-2,99,-4,107,-3,756,0,1332,0,226,-1,230,0,189,1,114,-5,285,-1,201,-7,286,0,362,-1
12:23,370,1,482,9,73,-2,71,-3,99,0,109,2,756,0,1332,0,227,1,227,-3,190,1,112,-2,284,-1,200,-1,286,0,362,0
12:24,371,1,490,8,70,-3,69,-2,97,-2,112,3,756,0,1332,0,227,0,229,2,192,2,110,-2,283,-1,203,3,285,0,364,2
12:25,375,4,494,4,68,-2,67,-2,95,-2,110,-2,756,0,1331,-1,227,0,227,-2,189,-3,110,0,283,0,197,-6,285,0,362,-1
12:26,376,1,500,6,65,-3,63,-4,96,1,110,0,756,0,1332,1,226,-1,226,-1,189,0,108,-2,283,0,195,-2,284,0,362,0
12:27,379,3,500,0,63,-2,61,-2,93,-3,110,0,756,0,1331,-1,225,-1,222,-4,190,1,102,-6,283,0,196,1,284,0,360,-2
12:28,384,5,502,2,58,-5,60,-1,91,-2,106,-4,756,0,1331,0,221,-4,218,-4,189,-1,99,-3,283,0,192,-4,283,-1,358,-2
12:29,383,-1,506,4,55,-3,55,-5,90,-1,109,3,756,0,1330,-1,221,0,213,-5,186,-3,97,-2,281,-2,193,1,282,-1,358,-1
12:30,384,1,518,12,55,0,52,-3,90,0,107,-2,757,1,1331,1,221,0,213,0,185,-1,98,1,281,0,191,-2,282,0,359,1
12:31,390,6,522,4,56,1,49,-3,86,-4,107,0,757,0,1331,0,220,-1,210,-3,183,-2,97,-1,280,-1,190,-1,282,0,358,-1
12:32,393,3,523,1,54,-2,44,-5,85,-1,104,-3,757,0,1331,0,217,-3,205,-5,181,-2,98,1,281,1,190,0,281,-1,356,-2
12:33,401,8,524,1,52,-2,35,-9,84,-1,105,1,757,0,1330,-1,212,-5,198,-7,179,-2,98,0,281,0,188,-2,281,0,354,-2
12:34,397,-4,524,0,50,-2,31,-4,81,-3,101,-4,757,0,1330,0,210,-2,192,-6,178,-1,94,-4,281,0,183,-5,279,-2,351,-3
12:35,401,4,520,-4,46,-4,25,-6,81,0,98,-3,757,0,1330,0,206,-4,190,-2,178,0,91,-3,279,-2,178,-5,278,-1,347,-3
12:36,408,7,523,3,44,-2,27,2,79,-2,96,-2,756,-1,1331,1,206,0,190,0,179,1,87,-4,277,-2,176,-2,278,0,347,0
12:37,409,1,523,0,42,-2,27,0,78,-1,93,-3,755,-1,1331,0,206,0,188,-2,178,-1,85,-2,276,-1,177,1,278,-1,346,-1
12:38,409,0,522,-1,39,-3,24,-3,73,-5,92,-1,756,1,1330,-1,202,-4,185,-3,172,-6,84,-1,276,0,177,0,275,-2,345,-1
12:39,407,-2,521,-1,38,-1,20,-4,72,-1,93,1,755,-1,1330,0,200,-2,180,-5,170,-2,83,-1,276,0,172,-5,274,-1,343,-2
12:40,411,4,516,-5,35,-3,16,-4,68,-4,88,-5,755,0,1329,-1,197,-3,174,-6,169,-1,82,-1,275,-1,170,-2,273,-1,339,-3
12:41,412,1,516,0,29,-6,12,-4,63,-5,87,-1,756,1,1330,1,195,-2,177,3,165,-4,76,-6,274,-1,168,-2,271,-2,338,-1
12:42,411,-1,515,-1,29,0,10,-2,59,-4,84,-3,755,-1,1331,1,194,-1,176,-1,158,-7,75,-1,274,0,169,1,269,-2,337,-1
12:43,416,5,515,0,27,-2,12,2,57,-2,84,0,755,0,1331,0,194,0,173,-3,156,-2,73,-2,275,1,168,-1,269,0,337,-1
12:44,418,2,510,-5,20,-7,13,1,57,0,84,0,755,0,1331,0,190,-4,172,-1,155,-1,78,5,276,1,168,0,267,-1,337,0
12:45,421,3,507,-3,17,-3,11,-2,57,0,80,-4,755,0,1331,0,186,-4,163,-9,152,-3,76,-2,276,0,166,-2,266,-1,333,-3
12:46,423,2,505,-2,10,-7,13,2,51,-6,76,-4,755,0,1331,0,182,-4,161,-2,154,2,74,-2,275,-1,167,1,264,-2,332,-1
12:47,422,-1,505,0,6,-4,12,-1,49,-2,73,-3,756,1,1330,-1,179,-3,161,0,151,-3,69,-5,277,2,161,-6,263,-1,330,-2
12:48,422,0,507,2,2,-4,5,-7,46,-3,72,-1,756,0,1329,-1,175,-4,161,0,149,-2,70,1,277,0,160,-1,261,-2,329,-1
12:49,424,2,505,-2,2,0,3,-2,47,1,69,-3,755,-1,1329,0,167,-8,158,-3,144,-5,68,-2,278,1,154,-6,260,-1,327,-3
12:50,424,0,504,-1,0,-2,1,-2,43,-4,66,-3,755,0,1327,-2,163,-4,155,-3,144,0,68,0,279,1,148,-6,258,-1,324,-2
12:51,427,3,502,-2,-1,-1,-2,-3,44,1,66,0,755,0,1327,0,161,-2,153,-2,144,0,64,-4,276,-3,147,-1,258,0,322,-2
12:52,426,-1,504,2,-2,-1,-4,-2,42,-2,62,-4,755,0,1326,-1,161,0,148,-5,144,0,68,4,276,0,145,-2,257,-1,321,-1
12:53,424,-2,504,0,-3,-1,-1,3,40,-2,60,-2,755,0,1327,1,160,-1,145,-3,143,-1,72,4,278,2,141,-4,257,-1,321,0
12:54,421,-3,505,1,-6,-3,-3,-2,37,-3,56,-4,754,-1,1327,0,158,-2,144,-1,141,-2,69,-3,278,0,140,-1,255,-2,320,-1
12:55,421,0,510,5,-3,3,-6,-3,32,-5,52,-4,753,-1,1327,0,156,-2,143,-1,137,-4,70,1,278,0,137,-3,253,-1,319,-1
12:56,424,3,509,-1,0,3,-10,-4,31,-1,51,-1,754,1,1327,0,156,0,141,-2,138,1,66,-4,280,2,137,0,255,1,317,-2
12:57,422,-2,512,3,0,0,-9,1,31,0,53,2,754,0,1326,-1,155,-1,138,-3,137,-1,68,2,281,1,136,-1,254,0,318,0
12:58,425,3,510,-2,2,2,-10,-1,30,-1,57,4,753,-1,1326,0,149,-6,141,3,132,-5,62,-6,282,1,135,-1,253,-1,317,0
12:59,429,4,512,2,1,-1,-8,2,31,1,56,-1,753,0,1325,-1,146,-3,142,1,134,2,65,3,281,-1,135,0,254,0,318,1
13:00,432,3,519,7,-1,-2,-12,-4,32,1,55,-1,753,0,1326,1,143,-3,140,-2,137,3,68,3,282,1,135,0,254,0,319,1
13:01,432,0,523,4,-4,-3,-8,4,32,0,56,1,753,0,1326,0,144,1,138,-2,138,1,74,6,280,-2,136,1,254,0,321,2
13:02,433,1,526,3,-4,0,-4,4,34,2,58,2,753,0,1326,0,142,-2,138,0,138,0,77,3,279,-1,140,4,254,0,323,2
13:03,435,2,528,2,-4,0,3,7,33,-1,62,4,753,0,1326,0,144,2,141,3,138,0,74,-3,279,0,137,-3,254,0,324,1
13:04,436,1,524,-4,-4,0,7,4,30,-3,58,-4,755,2,1326,0,144,0,141,0,141,3,79,5,279,0,141,4,254,0,325,1
13:05,435,-1,525,1,-2,2,12,5,36,6,60,2,755,0,1323,-3,146,2,144,3,143,2,75,-4,284,5,144,3,257,2,326,1
13:06,435,0,531,6,-1,1,10,-2,35,-1,64,4,755,0,1323,0,148,2,144,0,145,2,76,1,283,-1,148,4,257,0,328,2
13:07,437,2,531,0,-1,0,15,5,39,4,64,0,755,0,1323,0,150,2,142,-2,151,6,82,6,285,2,149,1,259,2,329,1
13:08,439,2,537,6,1,2,14,-1,39,0,65,1,755,0,1324,1,152,2,144,2,152,1,83,1,287,2,152,3,261,1,331,2
13:09,440,1,539,2,4,3,17,3,40,1,70,5,754,-1,1325,1,154,2,147,3,154,2,81,-2,291,4,152,0,262,2,333,2
13:10,441,1,543,4,6,2,22,5,42,2,71,1,754,0,1326,1,155,1,148,1,152,-2,82,1,290,-1,149,-3,263,0,334,1
13:11,443,2,547,4,5,-1,25,3,40,-2,74,3,754,0,1326,0,156,1,152,4,157,5,85,3,293,3,154,5,264,1,338,3
13:12,444,1,553,6,7,2,26,1,41,1,74,0,754,0,1326,0,155,-1,156,4,156,-1,85,0,294,1,159,5,264,0,340,2
13:13,448,4,554,1,8,1,29,3,42,1,75,1,754,0,1326,0,153,-2,157,1,157,1,83,-2,298,4,159,0,266,1,340,1
13:14,450,2,556,2,9,1,30,1,39,-3,75,0,754,0,1327,1,152,-1,159,2,159,2,84,1,298,0,161,2,266,0,342,1
13:15,453,3,557,1,9,0,30,0,41,2,74,-1,754,0,1327,0,151,-1,162,3,159,0,83,-1,300,2,163,2,267,1,342,1
13:16,454,1,558,1,11,2,29,-1,42,1,74,0,754,0,1328,1,151,0,160,-2,160,1,84,1,301,1,160,-3,268,1,342,0
13:17,455,1,562,4,9,-2,31,2,40,-2,74,0,754,0,1328,0,151,0,162,2,160,0,84,0,304,3,160,0,268,0,343,1
13:18,456,1,564,2,8,-1,31,0,40,0,74,0,754,0,1328,0,154,3,161,-1,161,1,82,-2,305,1,160,0,268,1,343,0
13:19,458,2,567,3,9,1,31,0,40,0,75,1,754,0,1327,-1,155,1,162,1,162,1,82,0,303,-2,161,1,269,0,344,1
13:20,460,2,567,0,9,0,32,1,40,0,74,-1,754,0,1327,0,155,0,157,-5,162,0,81,-1,303,0,161,0,269,0,343,-1
13:21,460,0,569,2,8,-1,32,0,39,-1,74,0,752,-2,1327,0,155,0,156,-1,161,-1,79,-2,303,0,163,2,268,-1,343,0
13:22,461,1,571,2,8,0,33,1,39,0,70,-4,752,0,1328,1,153,-2,155,-1,160,-1,79,0,303,0,165,2,268,0,343,0
13:23,462,1,572,1,10,2,33,0,39,0,70,0,753,1,1328,0,153,0,156,1,159,-1,79,0,303,0,166,1,268,0,343,0
13:24,464,2,574,2,10,0,32,-1,38,-1,70,0,752,-1,1328,0,152,-1,154,-2,159,0,78,-1,304,1,167,1,268,0,343,0
13:25,466,2,576,2,10,0,34,2,38,0,68,-2,752,0,1328,0,153,1,158,4,159,0,78,0,306,2,166,-1,269,1,344,1
13:26,467,1,577,1,11,1,36,2,38,0,66,-2,752,0,1328,0,155,2,157,-1,159,0,77,-1,309,3,163,-3,270,1,343,-1
13:27,468,1,582,5,9,-2,33,-3,36,-2,67,1,752,0,1328,0,155,0,160,3,159,0,74,-3,312,3,164,1,270,0,344,1
13:28,469,1,584,2,8,-1,32,-1,37,1,66,-1,752,0,1329,1,155,0,160,0,159,0,73,-1,316,4,167,3,271,1,344,0
13:29,470,1,584,0,8,0,30,-2,37,0,68,2,752,0,1330,1,153,-2,161,1,159,0,75,2,315,-1,169,2,271,0,345,1
13:30,471,1,584,0,8,0,32,2,34,-3,71,3,752,0,1330,0,150,-3,161,0,157,-2,73,-2,315,0,167,-2,270,-1,345,0
13:32,471,0,584,0,7,-1,30,-2,36,2,70,-1,752,0,1330,0,153,3,158,-3,158,1,74,1,315,0,167,0,270,1,345,-1
13:33,471,0,586,2,5,-2,30,0,35,-1,69,-1,752,0,1330,0,150,-3,160,2,160,2,73,-1,314,-1,162,-5,270,-1,344,0
13:34,472,1,588,2,5,0,30,0,38,3,68,-1,752,0,1330,0,149,-1,163,3,161,1,72,-1,315,1,162,0,270,1,345,0
13:35,473,1,588,0,5,0,31,1,38,0,72,4,752,0,1330,0,149,0,165,2,160,-1,71,-1,316,1,162,0,270,0,346,1
13:36,475,2,588,0,5,0,29,-2,38,0,72,0,752,0,1331,1,148,-1,166,1,159,-1,74,3,318,2,164,2,271,0,346,1
13:37,476,1,590,2,5,0,29,0,37,-1,71,-1,752,0,1331,0,148,0,163,-3,159,0,67,-7,320,2,161,-3,271,0,345,-2
13:38,478,2,591,1,5,0,31,2,38,1,74,3,752,0,1331,0,148,0,160,-3,158,-1,68,1,320,0,164,3,271,0,346,1
13:39,478,0,592,1,7,2,29,-2,38,0,75,1,752,0,1331,0,148,0,162,2,160,2,68,0,321,1,164,0,272,1,346,0
13:40,476,-2,592,0,8,1,30,1,36,-2,76,1,752,0,1331,0,149,1,157,-5,160,0,66,-2,321,0,163,-1,272,0,345,-1
13:41,476,0,592,0,7,-1,31,1,36,0,76,0,752,0,1331,0,150,1,157,0,158,-2,65,-1,321,0,159,-4,271,0,344,-1
13:42,476,0,593,1,5,-2,28,-3,35,-1,76,0,752,0,1331,0,150,0,157,0,158,0,66,1,321,0,161,2,271,0,345,0
13:43,477,1,595,2,5,0,23,-5,36,1,77,1,752,0,1331,0,152,2,159,2,159,1,68,2,322,1,163,2,272,1,345,1
13:44,478,1,597,2,3,-2,20,-3,34,-2,73,-4,752,0,1330,-1,152,0,157,-2,157,-2,67,-1,322,0,164,1,271,-1,344,-1
13:45,480,2,597,0,0,-3,19,-1,35,1,71,-2,752,0,1330,0,152,0,154,-3,155,-2,68,1,323,1,166,2,271,0,344,0
13:46,481,1,599,2,0,0,18,-1,34,-1,71,0,752,0,1330,0,150,-2,154,0,157,2,66,-2,323,0,164,-2,271,0,343,0
13:47,480,-1,604,5,-3,-3,17,-1,33,-1,69,-2,752,0,1330,0,150,0,157,3,156,-1,68,2,323,0,162,-2,270,-1,344,1
13:48,480,0,605,1,-2,1,15,-2,33,0,67,-2,752,0,1330,0,149,-1,155,-2,156,0,68,0,325,2,161,-1,270,0,343,-1
13:49,481,1,608,3,-2,0,11,-4,32,-1,66,-1,752,0,1331,1,149,0,153,-2,155,-1,72,4,324,-1,158,-3,270,0,343,0
13:50,480,-1,609,1,-2,0,11,0,32,0,65,-1,753,1,1331,0,149,0,154,1,155,0,72,0,325,1,162,4,270,0,343,1
13:51,481,1,612,3,-3,-1,10,-1,32,0,66,1,753,0,1332,1,150,1,153,-1,155,0,74,2,324,-1,160,-2,270,0,344,0
13:52,483,2,613,1,-6,-3,9,-1,32,0,65,-1,753,0,1331,-1,150,0,153,0,154,-1,77,3,323,-1,157,-3,270,0,344,0
13:53,484,1,614,1,-7,-1,8,-1,30,-2,63,-2,753,0,1330,-1,153,3,150,-3,150,-4,76,-1,324,1,159,2,270,0,343,-1
13:54,484,0,616,2,-11,-4,5,-3,32,2,59,-4,753,0,1330,0,151,-2,149,-1,150,0,76,0,325,1,161,2,269,0,342,-1
13:55,483,-1,618,2,-11,0,5,0,31,-1,61,2,752,-1,1329,-1,151,0,146,-3,151,1,75,-1,327,2,160,-1,269,0,342,0
13:56,486,3,618,0,-10,1,6,1,30,-1,60,-1,752,0,1329,0,148,-3,147,1,151,0,72,-3,327,0,161,1,269,0,342,0
13:57,483,-3,618,0,-10,0,4,-2,30,0,56,-4,752,0,1330,1,147,-1,146,-1,150,-1,69,-3,326,-1,160,-1,268,-1,340,-1
13:58,487,4,618,0,-11,-1,1,-3,29,-1,55,-1,753,1,1330,0,148,1,145,-1,148,-2,70,1,325,-1,158,-2,268,0,340,-1
13:59,488,1,620,2,-13,-2,-1,-2,27,-2,53,-2,753,0,1330,0,147,-1,143,-2,147,-1,70,0,325,0,159,1,268,-1,339,0
14:00,489,1,623,3,-14,-1,-1,0,25,-2,52,-1,752,-1,1331,1,145,-2,141,-2,145,-2,71,1,325,0,156,-3,267,-1,339,0
14:01,490,1,623,0,-13,1,2,3,26,1,53,1,752,0,1332,1,145,0,139,-2,145,0,67,-4,324,-1,153,-3,267,0,338,-1
14:02,491,1,625,2,-16,-3,0,-2,26,0,50,-3,752,0,1332,0,144,-1,136,-3,146,1,65,-2,324,0,150,-3,267,0,337,-2
14:03,491,0,628,3,-18,-2,-5,-5,28,2,50,0,752,0,1332,0,144,0,132,-4,145,-1,61,-4,323,-1,149,-1,266,0,335,-2
14:04,490,-1,629,1,-22,-4,-5,0,30,2,50,0,752,0,1332,0,144,0,129,-3,144,-1,59,-2,323,0,148,-1,266,-1,335,-1
14:05,492,2,631,2,-24,-2,-4,1,28,-2,44,-6,752,0,1333,1,144,0,128,-1,144,0,59,0,325,2,144,-4,266,0,334,-1
14:06,494,2,633,2,-26,-2,-6,-2,28,0,43,-1,752,0,1333,0,141,-3,125,-3,143,-1,60,1,325,0,142,-2,265,-1,333,-1
14:07,494,0,633,0,-28,-2,-4,2,28,0,44,1,752,0,1332,-1,136,-5,125,0,141,-2,59,-1,326,1,142,0,264,-1,333,0
14:08,495,1,635,2,-29,-1,-5,-1,27,-1,45,1,753,1,1332,0,134,-2,124,-1,140,-1,63,4,327,1,141,-1,264,0,334,1
14:09,496,1,634,-1,-28,1,-4,1,27,0,42,-3,754,1,1331,-1,130,-4,118,-6,141,1,66,3,325,-2,140,-1,264,0,332,-1
14:10,496,0,636,2,-26,2,-3,1,27,0,42,0,754,0,1330,-1,129,-1,117,-1,140,-1,66,0,324,-1,137,-3,263,0,332,0
14:11,497,1,637,1,-27,-1,-2,1,24,-3,43,1,755,1,1330,0,127,-2,116,-1,140,0,61,-5,325,1,136,-1,263,0,332,-1
14:12,497,0,639,2,-24,3,1,3,21,-3,44,1,755,0,1332,2,127,0,117,1,138,-2,59,-2,324,-1,136,0,263,0,333,1
14:13,497,0,639,0,-23,1,1,0,22,1,45,1,755,0,1333,1,125,-2,116,-1,133,-5,55,-4,327,3,135,-1,262,0,332,-1
14:14,497,0,639,0,-24,-1,2,1,21,-1,44,-1,754,-1,1333,0,123,-2,110,-6,135,2,52,-3,326,-1,131,-4,262,-1,330,-2
14:15,498,1,647,8,-26,-2,1,-1,20,-1,50,6,754,0,1334,1,122,-1,109,-1,134,-1,50,-2,329,3,132,1,262,0,332,2
14:16,499,1,650,3,-24,2,2,1,20,0,50,0,754,0,1334,0,119,-3,110,1,135,1,52,2,327,-2,132,0,261,0,333,1
14:17,500,1,653,3,-25,-1,3,1,17,-3,52,2,754,0,1334,0,121,2,106,-4,135,0,55,3,327,0,133,1,261,0,334,1
14:18,500,0,653,0,-22,3,1,-2,15,-2,52,0,754,0,1334,0,119,-2,105,-1,130,-5,58,3,327,0,127,-6,260,-1,333,-1
14:19,500,0,654,1,-25,-3,5,4,15,0,51,-1,753,-1,1336,2,116,-3,102,-3,128,-2,59,1,328,1,130,3,259,-1,334,1
14:20,502,2,656,2,-25,0,5,0,15,0,53,2,753,0,1336,0,115,-1,98,-4,128,0,57,-2,331,3,131,1,260,1,334,0
14:21,502,0,660,4,-25,0,10,5,13,-2,53,0,753,0,1338,2,114,-1,97,-1,130,2,57,0,331,0,133,2,260,0,335,2
14:22,505,3,661,1,-24,1,10,0,14,1,52,-1,753,0,1337,-1,111,-3,96,-1,132,2,55,-2,332,1,133,0,260,1,335,-1
14:23,505,0,662,1,-26,-2,4,-6,13,-1,55,3,753,0,1339,2,111,0,94,-2,131,-1,58,3,333,1,133,0,260,0,335,0
14:24,506,1,665,3,-25,1,9,5,10,-3,59,4,752,-1,1339,0,114,3,94,0,132,1,59,1,335,2,134,1,261,1,337,2
14:25,506,0,669,4,-24,1,5,-4,8,-2,60,1,752,0,1339,0,112,-2,93,-1,130,-2,60,1,337,2,136,2,260,0,337,0
14:26,506,0,673,4,-26,-2,5,0,7,-1,55,-5,753,1,1339,0,114,2,94,1,132,2,63,3,340,3,137,1,261,1,338,1
14:27,506,0,676,3,-25,1,5,0,8,1,58,3,754,1,1340,1,112,-2,94,0,135,3,62,-1,344,4,138,1,262,1,339,1
14:28,507,1,681,5,-25,0,4,-1,8,0,61,3,754,0,1340,0,109,-3,97,3,135,0,66,4,343,-1,137,-1,262,0,341,2
14:29,508,1,682,1,-24,1,3,-1,11,3,64,3,754,0,1339,-1,110,1,101,4,136,1,70,4,346,3,138,1,263,1,342,2
14:30,510,2,683,1,-21,3,6,3,13,2,62,-2,754,0,1336,-3,111,1,102,1,137,1,79,9,346,0,146,8,264,1,345,2
14:31,512,2,686,3,-22,-1,8,2,15,2,70,8,754,0,1336,0,112,1,112,10,139,2,82,3,350,4,152,6,266,1,349,5
14:32,511,-1,689,3,-22,0,8,0,17,2,72,2,753,-1,1335,-1,112,0,118,6,142,3,84,2,351,1,158,6,266,1,352,3
14:33,514,3,695,6,-22,0,9,1,21,4,78,6,754,1,1335,0,112,0,125,7,144,2,92,8,353,2,165,7,268,2,357,5
14:34,516,2,699,4,-18,4,10,1,20,-1,83,5,754,0,1335,0,114,2,133,8,145,1,98,6,354,1,172,7,269,1,361,4
14:35,516,0,703,4,-18,0,10,0,23,3,88,5,754,0,1335,0,125,11,136,3,146,1,101,3,357,3,175,3,272,3,364,3
14:36,517,1,708,5,-19,-1,14,4,23,0,94,6,755,1,1335,0,129,4,143,7,147,1,106,5,361,4,174,-1,273,1,368,4
14:37,520,3,711,3,-19,0,14,0,29,6,103,9,755,0,1335,0,136,7,148,5,147,0,106,0,367,6,176,2,276,3,370,3
14:38,521,1,711,0,-17,2,22,8,35,6,106,3,755,0,1336,1,143,7,155,7,150,3,115,9,370,3,180,4,280,3,375,5
14:39,523,2,713,2,-16,1,23,1,35,0,109,3,755,0,1338,2,144,1,159,4,152,2,116,1,373,3,182,2,281,1,377,2
14:40,524,1,722,9,-11,5,33,10,38,3,114,5,755,0,1338,0,147,3,171,12,157,5,117,1,374,1,188,6,283,3,383,6
14:41,524,0,723,1,-11,0,34,1,40,2,114,0,756,1,1339,1,147,0,177,6,161,4,115,-2,376,2,198,10,285,1,386,2
14:42,526,2,725,2,-6,5,40,6,44,4,116,2,756,0,1339,0,145,-2,182,5,164,3,122,7,378,2,204,6,287,2,390,4
14:43,527,1,726,1,-7,-1,40,0,47,3,118,2,755,-1,1339,0,146,1,183,1,166,2,121,-1,383,5,215,11,288,1,392,2
14:44,531,4,728,2,-2,5,48,8,45,-2,125,7,755,0,1339,0,149,3,184,1,168,2,125,4,385,2,221,6,290,2,396,4
14:45,533,2,729,1,-2,0,47,-1,45,0,125,0,756,1,1339,0,148,-1,187,3,170,2,126,1,390,5,222,1,291,1,396,1
14:46,535,2,736,7,-1,1,58,11,49,4,131,6,757,1,1339,0,150,2,186,-1,172,2,125,-1,394,4,226,4,294,2,400,4
14:47,537,2,737,1,-1,0,56,-2,49,0,133,2,757,0,1339,0,153,3,185,-1,171,-1,127,2,396,2,228,2,295,1,401,1
14:48,541,4,740,3,1,2,64,8,48,-1,138,5,757,0,1338,-1,152,-1,187,2,173,2,127,0,396,0,227,-1,295,1,403,2
14:49,545,4,743,3,8,7,68,4,51,3,142,4,757,0,1338,0,154,2,188,1,171,-2,126,-1,396,0,228,1,297,2,405,2
14:50,546,1,746,3,14,6,71,3,54,3,143,1,757,0,1338,0,157,3,188,0,169,-2,125,-1,397,1,227,-1,299,2,405,1
14:51,546,0,748,2,18,4,82,11,55,1,144,1,757,0,1336,-2,161,4,187,-1,170,1,125,0,399,2,233,6,301,2,408,2
14:52,546,0,751,3,18,0,91,9,56,1,145,1,759,2,1336,0,164,3,188,1,171,1,126,1,400,1,234,1,302,1,410,2
14:53,549,3,756,5,21,3,96,5,57,1,146,1,759,0,1337,1,164,0,189,1,170,-1,127,1,400,0,232,-2,303,1,412,2
14:54,550,1,760,4,22,1,100,4,57,0,152,6,759,0,1337,0,164,0,188,-1,169,-1,128,1,400,0,232,0,303,0,414,2
14:55,550,0,764,4,22,0,101,1,61,4,151,-1,759,0,1337,0,166,2,190,2,167,-2,130,2,404,4,234,2,304,1,415,1
14:56,550,0,767,3,26,4,102,1,62,1,152,1,759,0,1338,1,167,1,190,0,167,0,130,0,405,1,234,0,305,1,416,1
14:57,559,9,781,14,27,1,103,1,62,0,152,0,759,0,1338,0,167,0,192,2,171,4,133,3,404,-1,234,0,307,2,419,3
14:58,560,1,784,3,28,1,106,3,62,0,152,0,759,0,1340,2,171,4,194,2,174,3,136,3,407,3,235,1,309,2,421,2
14:59,563,3,796,12,31,3,111,5,65,3,154,2,759,0,1341,1,171,0,195,1,177,3,138,2,406,-1,234,-1,310,2,424,3
15:00,566,3,802,6,31,0,112,1,65,0,154,0,759,0,1339,-2,173,2,196,1,177,0,139,1,408,2,232,-2,311,1,425,1
15:01,568,2,804,2,31,0,115,3,65,0,153,-1,759,0,1340,1,174,1,196,0,178,1,139,0,408,0,232,0,312,1,426,1
15:02,566,-2,805,1,33,2,119,4,66,1,156,3,759,0,1340,0,174,0,196,0,179,1,138,-1,407,-1,231,-1,312,0,426,1
15:03,566,0,806,1,32,-1,120,1,68,2,156,0,759,0,1341,1,176,2,198,2,179,0,139,1,407,0,233,2,312,0,428,1
15:04,567,1,810,4,34,2,123,3,68,0,157,1,759,0,1341,0,176,0,198,0,178,-1,141,2,408,1,232,-1,313,0,429,1
15:05,570,3,812,2,34,0,125,2,67,-1,159,2,759,0,1343,2,175,-1,198,0,178,0,140,-1,410,2,233,1,313,0,430,1
15:06,573,3,814,2,35,1,125,0,68,1,160,1,759,0,1343,0,176,1,200,2,176,-2,142,2,412,2,231,-2,314,1,431,1
15:07,575,2,815,1,36,1,126,1,69,1,163,3,759,0,1344,1,176,0,202,2,178,2,141,-1,413,1,235,4,315,1,432,2
15:08,578,3,817,2,35,-1,128,2,70,1,165,2,759,0,1345,1,176,0,203,1,177,-1,141,0,416,3,235,0,316,1,433,1
15:09,583,5,822,5,40,5,128,0,73,3,168,3,759,0,1345,0,177,1,200,-3,177,0,142,1,416,0,237,2,318,2,435,1
15:10,588,5,828,6,42,2,128,0,73,0,168,0,759,0,1344,-1,178,1,201,1,177,0,144,2,416,0,237,0,319,1,436,1
15:11,588,0,830,2,42,0,132,4,76,3,170,2,759,0,1344,0,179,1,202,1,177,0,145,1,417,1,233,-4,320,1,437,1
15:12,591,3,835,5,43,1,137,5,76,0,171,1,760,1,1343,-1,180,1,202,0,176,-1,149,4,419,2,238,5,321,1,439,3
15:13,592,1,840,5,45,2,138,1,79,3,169,-2,760,0,1343,0,182,2,202,0,178,2,148,-1,421,2,239,1,322,2,440,1
15:14,594,2,844,4,46,1,138,0,78,-1,170,1,761,1,1343,0,182,0,202,0,176,-2,149,1,422,1,244,5,323,0,441,2
15:15,596,2,848,4,46,0,137,-1,80,2,172,2,761,0,1343,0,185,3,205,3,177,1,151,2,425,3,245,1,324,2,443,2
15:16,597,1,851,3,47,1,139,2,79,-1,170,-2,761,0,1346,3,185,0,207,2,178,1,151,0,425,0,246,1,325,0,444,1
15:17,600,3,855,4,47,0,139,0,81,2,169,-1,762,1,1346,0,186,1,206,-1,179,1,149,-2,426,1,246,0,326,1,444,0
15:18,600,0,858,3,46,-1,141,2,83,2,172,3,763,1,1347,1,186,0,207,1,180,1,147,-2,426,0,246,0,326,0,445,1
15:19,603,3,859,1,48,2,144,3,85,2,173,1,763,0,1347,0,187,1,208,1,184,4,147,0,427,1,248,2,328,2,447,1
15:20,606,3,860,1,48,0,147,3,86,1,174,1,764,1,1347,0,189,2,207,-1,186,2,150,3,429,2,246,-2,330,2,447,1
15:21,606,0,863,3,49,1,151,4,87,1,175,1,764,0,1349,2,190,1,207,0,185,-1,152,2,431,2,246,0,330,1,449,2
15:22,609,3,870,7,48,-1,151,0,87,0,177,2,764,0,1349,0,191,1,208,1,185,0,154,2,432,1,248,2,331,1,451,2
15:23,609,0,875,5,49,1,152,1,91,4,178,1,764,0,1349,0,191,0,211,3,187,2,156,2,431,-1,250,2,332,1,453,2
15:24,611,2,881,6,51,2,153,1,92,1,181,3,764,0,1350,1,195,4,211,0,190,3,155,-1,433,2,249,-1,334,2,454,1
15:25,613,2,887,6,52,1,154,1,94,2,183,2,765,1,1350,0,198,3,215,4,191,1,155,0,433,0,250,1,335,1,456,2
15:26,613,0,892,5,53,1,154,0,94,0,183,0,765,0,1350,0,198,0,215,0,189,-2,155,0,435,2,252,2,335,0,457,1
15:27,617,4,898,6,54,1,157,3,96,2,183,0,765,0,1350,0,199,1,218,3,190,1,156,1,436,1,253,1,337,1,459,2
15:28,620,3,905,7,54,0,157,0,97,1,183,0,766,1,1350,0,204,5,219,1,191,1,158,2,436,0,255,2,338,2,461,2
15:29,622,2,909,4,54,0,159,2,97,0,181,-2,766,0,1350,0,204,0,220,1,191,0,161,3,439,3,256,1,339,1,462,1
15:30,625,3,916,7,55,1,158,-1,97,0,178,-3,766,0,1351,1,204,0,219,-1,190,-1,163,2,439,0,259,3,339,0,463,1
15:31,625,0,918,2,55,0,158,0,99,2,181,3,767,1,1352,1,210,6,219,0,193,3,162,-1,442,3,259,0,342,2,464,1
15:32,629,4,923,5,56,1,157,-1,98,-1,182,1,767,0,1352,0,211,1,222,3,193,0,164,2,442,0,258,-1,342,1,465,1
15:33,631,2,926,3,61,5,157,0,97,-1,183,1,767,0,1352,0,212,1,223,1,196,3,166,2,446,4,260,2,344,2,467,1
15:34,636,5,932,6,61,0,157,0,97,0,182,-1,767,0,1353,1,212,0,224,1,197,1,170,4,447,1,263,3,345,1,469,2
15:35,639,3,941,9,65,4,157,0,97,0,181,-1,767,0,1354,1,210,-2,223,-1,197,0,172,2,447,0,263,0,346,1,470,1
15:36,644,5,946,5,69,4,158,1,102,5,178,-3,767,0,1354,0,210,0,224,1,199,2,178,6,449,2,262,-1,349,3,471,1
15:37,645,1,957,11,69,0,159,1,106,4,177,-1,768,1,1354,0,212,2,230,6,198,-1,177,-1,451,2,263,1,350,1,474,2
15:38,651,6,962,5,68,-1,159,0,106,0,179,2,768,0,1353,-1,213,1,233,3,198,0,183,6,454,3,262,-1,351,1,476,2
15:39,655,4,968,6,67,-1,158,-1,110,4,175,-4,768,0,1353,0,216,3,237,4,200,2,185,2,456,2,262,0,353,2,477,1
15:40,660,5,976,8,63,-4,158,0,108,-2,177,2,768,0,1353,0,215,-1,237,0,198,-2,189,4,460,4,266,4,353,0,479,3
15:41,664,4,979,3,63,0,156,-2,111,3,175,-2,768,0,1353,0,220,5,232,-5,198,0,190,1,462,2,265,-1,355,2,479,-1
15:42,670,6,984,5,65,2,154,-2,113,2,180,5,768,0,1353,0,223,3,235,3,199,1,191,1,462,0,268,3,357,2,481,2
15:43,674,4,992,8,65,0,155,1,112,-1,182,2,768,0,1353,0,224,1,232,-3,201,2,194,3,465,3,269,1,358,1,482,2
15:44,676,2,1000,8,66,1,156,1,112,0,184,2,768,0,1353,0,223,-1,233,1,203,2,194,0,464,-1,268,-1,359,0,484,2
15:45,678,2,1002,2,66,0,159,3,112,0,186,2,768,0,1353,0,225,2,232,-1,205,2,195,1,466,2,268,0,360,1,485,1
15:46,682,4,1006,4,68,2,161,2,112,0,186,0,768,0,1353,0,225,0,230,-2,205,0,193,-2,468,2,268,0,361,1,485,0
15:47,689,7,1015,9,71,3,158,-3,112,0,188,2,768,0,1353,0,225,0,231,1,207,2,194,1,469,1,267,-1,363,2,487,1
15:48,690,1,1028,13,73,2,158,0,112,0,184,-4,769,1,1353,0,226,1,234,3,210,3,196,2,472,3,269,2,365,2,489,2
15:49,694,4,1037,9,72,-1,158,0,113,1,186,2,768,-1,1354,1,226,0,233,-1,208,-2,199,3,472,0,268,-1,365,0,491,2
15:50,695,1,1040,3,71,-1,159,1,115,2,190,4,768,0,1354,0,230,4,235,2,208,0,205,6,474,2,264,-4,366,1,492,2
15:51,698,3,1044,4,72,1,158,-1,114,-1,191,1,768,0,1353,-1,233,3,235,0,209,1,209,4,474,0,267,3,367,1,494,1
15:52,703,5,1050,6,71,-1,162,4,117,3,191,0,769,1,1353,0,235,2,236,1,211,2,210,1,474,0,268,1,369,2,496,2
15:53,710,7,1056,6,72,1,163,1,118,1,193,2,768,-1,1353,0,239,4,243,7,214,3,215,5,475,1,265,-3,371,2,498,3
15:54,711,1,1066,10,74,2,163,0,119,1,190,-3,768,0,1354,1,240,1,241,-2,214,0,216,1,480,5,266,1,372,1,499,1
15:55,717,6,1075,9,73,-1,167,4,120,1,190,0,768,0,1354,0,240,0,248,7,217,3,221,5,482,2,268,2,374,2,503,4
15:56,726,9,1079,4,76,3,171,4,122,2,189,-1,768,0,1355,1,241,1,250,2,219,2,224,3,485,3,272,4,377,3,506,2
15:57,728,2,1085,6,79,3,171,0,124,2,188,-1,769,1,1355,0,245,4,250,0,225,6,229,5,486,1,279,7,379,3,508,2
15:58,728,0,1097,12,79,0,174,3,123,-1,190,2,769,0,1355,0,246,1,251,1,228,3,234,5,486,0,278,-1,380,0,511,3
15:59,733,5,1104,7,80,1,175,1,124,1,198,8,769,0,1355,0,249,3,257,6,238,10,240,6,486,0,281,3,383,3,516,4
16:00,737,4,1115,11,85,5,171,-4,123,-1,201,3,769,0,1355,0,255,6,268,11,247,9,244,4,491,5,284,3,387,4,520,4
16:01,740,3,1119,4,86,1,171,0,125,2,208,7,770,1,1356,1,258,3,274,6,256,9,253,9,498,7,290,6,390,4,524,5
16:02,743,3,1120,1,87,1,169,-2,130,5,217,9,770,0,1355,-1,266,8,277,3,263,7,259,6,507,9,295,5,395,5,527,3
16:03,746,3,1125,5,90,3,173,4,137,7,224,7,770,0,1357,2,275,9,282,5,270,7,272,13,512,5,303,8,400,5,534,6
16:04,747,1,1125,0,92,2,175,2,147,10,234,10,771,1,1357,0,282,7,283,1,280,10,281,9,517,5,308,5,405,5,538,4
16:05,747,0,1127,2,101,9,175,0,153,6,239,5,771,0,1357,0,288,6,289,6,289,9,284,3,522,5,316,8,410,5,541,3
16:06,753,6,1129,2,103,2,177,2,165,12,246,7,771,0,1357,0,295,7,294,5,296,7,290,6,530,8,322,6,416,6,545,4
16:07,757,4,1131,2,102,-1,180,3,170,5,254,8,772,1,1357,0,304,9,294,0,304,8,292,2,542,12,332,10,422,5,549,4
16:08,757,0,1135,4,106,4,187,7,174,4,260,6,773,1,1357,0,307,3,295,1,307,3,294,2,556,14,338,6,426,4,552,4
16:09,758,1,1140,5,110,4,193,6,185,11,262,2,773,0,1358,1,317,10,305,10,309,2,295,1,564,8,345,7,431,5,557,5
16:10,758,0,1141,1,109,-1,203,10,199,14,272,10,773,0,1358,0,326,9,315,10,313,4,301,6,576,12,349,4,436,5,563,6
16:11,759,1,1145,4,111,2,210,7,203,4,280,8,773,0,1358,0,332,6,319,4,316,3,307,6,577,1,355,6,439,2,568,5
16:12,759,0,1146,1,118,7,219,9,210,7,281,1,773,0,1358,0,336,4,319,0,321,5,313,6,581,4,363,8,443,4,571,4
16:13,762,3,1146,0,130,12,227,8,217,7,289,8,773,0,1358,0,339,3,322,3,328,7,319,6,590,9,367,4,448,6,575,4
16:14,762,0,1146,0,135,5,234,7,224,7,294,5,773,0,1357,-1,342,3,326,4,333,5,328,9,594,4,369,2,452,3,579,4
16:15,762,0,1148,2,149,14,242,8,224,0,295,1,775,2,1357,0,345,3,328,2,334,1,326,-2,595,1,374,5,455,3,581,2
16:16,764,2,1151,3,159,10,242,0,226,2,304,9,775,0,1358,1,348,3,336,8,337,3,330,4,600,5,380,6,458,4,586,4
16:17,764,0,1152,1,170,11,246,4,231,5,315,11,775,0,1358,0,351,3,346,10,338,1,331,1,605,5,389,9,462,4,591,5
16:18,765,1,1153,1,178,8,255,9,232,1,319,4,776,1,1359,1,353,2,352,6,338,0,330,-1,607,2,392,3,464,2,594,3
16:19,768,3,1156,3,186,8,261,6,235,3,320,1,776,0,1359,0,353,0,358,6,338,0,331,1,613,6,393,1,467,3,597,3
16:20,771,3,1157,1,194,8,266,5,237,2,328,8,776,0,1359,0,353,0,364,6,340,2,336,5,616,3,396,3,470,3,601,4
16:21,778,7,1158,1,198,4,268,2,239,2,327,-1,776,0,1359,0,353,0,369,5,341,1,338,2,620,4,401,5,472,3,603,2
16:22,783,5,1160,2,204,6,271,3,243,4,328,1,776,0,1359,0,356,3,370,1,341,0,337,-1,625,5,404,3,475,3,604,1
16:23,785,2,1161,1,208,4,276,5,245,2,330,2,776,0,1359,0,355,-1,374,4,346,5,342,5,629,4,407,3,478,2,607,3
16:24,788,3,1163,2,210,2,288,12,251,6,333,3,777,1,1359,0,358,3,377,3,348,2,345,3,633,4,407,0,481,3,610,3
16:25,788,0,1166,3,219,9,288,0,253,2,337,4,777,0,1359,0,360,2,379,2,351,3,348,3,633,0,412,5,483,2,613,2
16:26,790,2,1165,-1,221,2,291,3,256,3,338,1,777,0,1361,2,362,2,378,-1,354,3,349,1,637,4,414,2,485,2,614,1
16:27,791,1,1169,4,224,3,290,-1,260,4,339,1,777,0,1362,1,361,-1,377,-1,356,2,349,0,638,1,415,1,487,1,614,1
16:28,793,2,1172,3,229,5,293,3,262,2,339,0,777,0,1362,0,362,1,382,5,355,-1,353,4,639,1,417,2,488,1,617,2
16:29,793,0,1172,0,228,-1,297,4,267,5,339,0,777,0,1362,0,366,4,386,4,356,1,354,1,640,1,415,-2,490,1,618,1
16:30,795,2,1175,3,229,1,303,6,269,2,341,2,777,0,1362,0,367,1,387,1,357,1,354,0,644,4,413,-2,491,2,619,1
16:31,795,0,1178,3,232,3,307,4,271,2,341,0,777,0,1362,0,368,1,388,1,358,1,357,3,644,0,413,0,492,1,621,2
16:32,795,0,1179,1,237,5,315,8,272,1,341,0,777,0,1363,1,367,-1,392,4,360,2,359,2,645,1,411,-2,493,1,623,2
16:33,795,0,1181,2,237,0,320,5,273,1,343,2,777,0,1363,0,373,6,392,0,362,2,359,0,648,3,415,4,495,2,625,2
16:34,798,3,1185,4,238,1,321,1,271,-2,344,1,776,-1,1363,0,374,1,396,4,362,0,358,-1,649,1,416,1,495,0,626,1
16:35,798,0,1186,1,236,-2,326,5,272,1,345,1,775,-1,1364,1,374,0,395,-1,362,0,363,5,649,0,416,0,495,0,628,2
16:36,798,0,1189,3,238,2,328,2,273,1,345,0,775,0,1364,0,374,0,394,-1,360,-2,369,6,651,2,418,2,496,0,630,2
16:37,798,0,1191,2,241,3,329,1,274,1,346,1,775,0,1364,0,373,-1,393,-1,362,2,370,1,654,3,421,3,497,1,631,1
16:38,801,3,1191,0,242,1,331,2,274,0,349,3,775,0,1365,1,371,-2,394,1,366,4,372,2,654,0,420,-1,498,1,632,1
16:39,801,0,1194,3,241,-1,332,1,275,1,355,6,775,0,1365,0,372,1,396,2,369,3,372,0,656,2,424,4,498,1,634,2
16:40,803,2,1197,3,241,0,335,3,277,2,358,3,775,0,1364,-1,374,2,398,2,370,1,375,3,658,2,428,4,500,1,636,2
16:41,803,0,1202,5,244,3,335,0,280,3,358,0,775,0,1365,1,376,2,401,3,376,6,379,4,660,2,431,3,502,2,639,2
16:42,804,1,1202,0,245,1,335,0,280,0,362,4,775,0,1364,-1,376,0,399,-2,379,3,384,5,661,1,437,6,503,1,640,2
16:43,804,0,1205,3,246,1,335,0,282,2,364,2,775,0,1364,0,377,1,402,3,381,2,387,3,665,4,439,2,504,1,642,2
16:44,805,1,1206,1,249,3,337,2,283,1,369,5,775,0,1364,0,378,1,417,15,386,5,394,7,666,1,441,2,506,2,647,5
16:45,808,3,1210,4,247,-2,338,1,286,3,372,3,775,0,1364,0,378,0,420,3,386,0,400,6,667,1,444,3,507,1,650,3
16:46,811,3,1212,2,248,1,339,1,288,2,376,4,775,0,1364,0,381,3,420,0,390,4,406,6,668,1,449,5,509,2,652,3
16:48,811,0,1214,2,250,2,340,1,290,2,379,3,776,1,1364,0,386,5,425,5,395,5,406,0,671,3,454,5,511,3,655,2
16:49,811,0,1217,3,254,4,342,2,290,0,387,8,776,0,1362,-2,391,5,432,7,397,2,410,4,674,3,461,7,513,2,659,4
16:50,813,2,1220,3,254,0,347,5,288,-2,393,6,776,0,1364,2,393,2,434,2,398,1,411,1,677,3,462,1,514,1,662,3
16:51,816,3,1224,4,256,2,355,8,289,1,392,-1,776,0,1364,0,395,2,436,2,399,1,410,-1,681,4,463,1,516,2,663,2
16:52,817,1,1226,2,256,0,357,2,291,2,393,1,776,0,1364,0,399,4,439,3,403,4,415,5,683,2,463,0,518,2,665,2
16:53,820,3,1227,1,259,3,362,5,296,5,400,7,776,0,1365,1,403,4,442,3,403,0,418,3,687,4,467,4,521,3,669,3
16:54,822,2,1230,3,259,0,366,4,296,0,407,7,775,-1,1365,0,404,1,448,6,406,3,422,4,689,2,471,4,522,1,673,4
16:55,822,0,1231,1,259,0,368,2,302,6,410,3,775,0,1365,0,407,3,449,1,408,2,427,5,690,1,475,4,523,2,675,2
16:56,824,2,1235,4,259,0,368,0,305,3,416,6,775,0,1364,-1,407,0,450,1,410,2,430,3,691,1,479,4,524,1,677,2
16:57,825,1,1237,2,258,-1,374,6,309,4,425,9,775,0,1363,-1,409,2,454,4,409,-1,433,3,691,0,480,1,525,1,681,3
16:58,825,0,1237,0,262,4,376,2,312,3,431,6,774,-1,1363,0,410,1,459,5,413,4,436,3,694,3,480,0,527,2,683,2
16:59,825,0,1237,0,263,1,383,7,318,6,432,1,775,1,1363,0,414,4,459,0,414,1,437,1,696,2,480,0,529,2,684,1
17:00,826,1,1241,4,264,1,385,2,318,0,432,0,775,0,1362,-1,416,2,459,0,415,1,436,-1,699,3,488,8,530,1,686,2
17:01,826,0,1242,1,268,4,390,5,320,2,434,2,775,0,1363,1,415,-1,460,1,420,5,441,5,699,0,492,4,532,1,689,3
17:02,827,1,1244,2,271,3,391,1,326,6,432,-2,775,0,1363,0,419,4,462,2,423,3,448,7,699,0,496,4,534,2,691,2
17:03,827,0,1246,2,280,9,392,1,329,3,436,4,775,0,1363,0,421,2,467,5,424,1,453,5,700,1,498,2,537,2,694,3
17:04,827,0,1247,1,280,0,394,2,329,0,440,4,775,0,1363,0,422,1,470,3,428,4,455,2,700,0,502,4,537,1,696,2
17:05,829,2,1248,1,282,2,395,1,331,2,445,5,775,0,1361,-2,423,1,475,5,430,2,454,-1,702,2,509,7,539,2,698,2
17:06,832,3,1248,0,284,2,395,0,330,-1,443,-2,776,1,1362,1,422,-1,478,3,427,-3,459,5,705,3,509,0,539,1,699,1
17:07,832,0,1250,2,285,1,396,1,330,0,449,6,776,0,1362,0,425,3,478,0,430,3,461,2,707,2,513,4,541,1,701,2
17:08,832,0,1252,2,284,-1,400,4,333,3,450,1,776,0,1363,1,427,2,480,2,434,4,469,8,711,4,514,1,542,2,704,3
17:09,833,1,1252,0,284,0,399,-1,335,2,453,3,775,-1,1364,1,432,5,482,2,436,2,469,0,713,2,516,2,544,2,705,1
17:10,833,0,1252,0,287,3,399,0,334,-1,455,2,776,1,1366,2,431,-1,491,9,438,2,473,4,716,3,516,0,545,1,707,2
17:11,832,-1,1252,0,290,3,403,4,337,3,456,1,776,0,1366,0,433,2,492,1,437,-1,481,8,717,1,515,-1,546,1,709,2
17:12,832,0,1252,0,292,2,409,6,340,3,458,2,776,0,1366,0,436,3,491,-1,438,1,486,5,719,2,519,4,548,2,712,2
17:13,833,1,1254,2,290,-2,412,3,340,0,459,1,777,1,1368,2,440,4,490,-1,438,0,487,1,723,4,522,3,549,1,713,2
17:14,833,0,1254,0,291,1,411,-1,339,-1,466,7,778,1,1368,0,439,-1,494,4,438,0,489,2,727,4,521,-1,549,1,715,2
17:15,833,0,1254,0,292,1,412,1,341,2,463,-3,778,0,1368,0,442,3,498,4,439,1,492,3,729,2,525,4,551,1,716,1
17:16,833,0,1254,0,294,2,414,2,344,3,465,2,779,1,1366,-2,448,6,495,-3,436,-3,496,4,731,2,525,0,552,2,716,0
17:17,833,0,1255,1,295,1,417,3,341,-3,464,-1,779,0,1366,0,447,-1,500,5,441,5,502,6,733,2,528,3,553,1,719,2
17:18,833,0,1254,-1,298,3,419,2,348,7,464,0,781,2,1365,-1,447,0,502,2,447,6,505,3,736,3,533,5,556,3,720,1
17:19,834,1,1254,0,299,1,417,-2,353,5,463,-1,781,0,1365,0,447,0,501,-1,451,4,505,0,736,0,536,3,557,2,720,0
17:20,835,1,1254,0,306,7,416,-1,354,1,460,-3,781,0,1365,0,450,3,506,5,453,2,506,1,738,2,539,3,560,2,721,1
17:21,835,0,1254,0,304,-2,418,2,354,0,460,0,783,2,1365,0,449,-1,509,3,456,3,505,-1,738,0,542,3,560,0,722,1
17:22,835,0,1254,0,308,4,421,3,356,2,460,0,784,1,1367,2,448,-1,506,-3,460,4,502,-3,739,1,540,-2,561,2,721,0
17:23,835,0,1254,0,310,2,425,4,354,-2,461,1,784,0,1367,0,450,2,510,4,464,4,508,6,743,4,537,-3,563,1,723,2
17:24,835,0,1255,1,311,1,429,4,356,2,468,7,784,0,1367,0,448,-2,513,3,464,0,514,6,744,1,537,0,563,0,726,3
17:25,835,0,1255,0,313,2,428,-1,357,1,473,5,784,0,1367,0,451,3,516,3,464,0,514,0,749,5,535,-2,565,2,727,1
17:26,836,1,1256,1,318,5,428,0,359,2,478,5,785,1,1367,0,458,7,519,3,467,3,514,0,751,2,539,4,568,3,729,2
17:27,837,1,1256,0,320,2,425,-3,361,2,479,1,785,0,1367,0,458,0,524,5,471,4,514,0,757,6,535,-4,570,2,729,0
17:28,837,0,1256,0,318,-2,428,3,364,3,483,4,786,1,1367,0,459,1,526,2,473,2,516,2,761,4,538,3,571,1,731,2
17:29,839,2,1256,0,322,4,430,2,366,2,488,5,786,0,1363,-4,460,1,526,0,478,5,514,-2,766,5,539,1,574,3,731,0
17:30,839,0,1258,2,329,7,433,3,365,-1,494,6,787,1,1363,0,469,9,527,1,480,2,521,7,768,2,547,8,577,3,735,4
17:31,839,0,1259,1,331,2,439,6,370,5,502,8,788,1,1362,-1,471,2,528,1,485,5,530,9,771,3,554,7,579,3,739,4
17:32,839,0,1260,1,334,3,442,3,371,1,504,2,787,-1,1362,0,471,0,530,2,493,8,534,4,774,3,558,4,581,2,741,2
17:33,839,0,1261,1,334,0,442,0,372,1,508,4,787,0,1364,2,476,5,528,-2,494,1,541,7,780,6,558,0,583,2,743,2
17:34,839,0,1260,-1,337,3,446,4,380,8,515,7,788,1,1364,0,481,5,529,1,493,-1,539,-2,780,0,563,5,585,2,745,2
17:35,839,0,1260,0,338,1,445,-1,383,3,520,5,788,0,1366,2,485,4,529,0,501,8,542,3,781,1,568,5,588,2,747,2
17:36,839,0,1260,0,341,3,450,5,382,-1,523,3,788,0,1367,1,490,5,536,7,502,1,543,1,788,7,572,4,590,2,750,3
17:37,839,0,1260,0,343,2,449,-1,384,2,526,3,788,0,1366,-1,492,2,540,4,506,4,543,0,792,4,578,6,592,2,752,2
17:38,839,0,1261,1,348,5,452,3,384,0,530,4,788,0,1366,0,494,2,548,8,508,2,550,7,797,5,579,1,594,2,755,3
17:39,839,0,1262,1,349,1,457,5,390,6,537,7,788,0,1368,2,497,3,550,2,510,2,551,1,801,4,581,2,596,2,758,3
17:40,839,0,1263,1,349,0,462,5,400,10,537,0,787,-1,1368,0,501,4,562,12,517,7,553,2,804,3,579,-2,600,3,761,3
17:41,839,0,1263,0,351,2,467,5,401,1,538,1,788,1,1368,0,507,6,572,10,520,3,551,-2,809,5,581,2,602,3,763,2
17:42,839,0,1263,0,355,4,473,6,410,9,536,-2,788,0,1369,1,511,4,571,-1,522,2,546,-5,811,2,581,0,605,3,763,0
17:43,839,0,1262,-1,358,3,477,4,412,2,538,2,788,0,1369,0,515,4,574,3,526,4,549,3,811,0,583,2,607,2,765,2
17:44,839,0,1262,0,365,7,487,10,418,6,546,8,788,0,1370,1,517,2,576,2,526,0,552,3,815,4,593,10,610,3,769,5
17:45,839,0,1262,0,367,2,493,6,427,9,550,4,788,0,1371,1,525,8,589,13,525,-1,553,1,821,6,601,8,613,3,774,5
17:46,839,0,1262,0,370,3,499,6,429,2,551,1,788,0,1371,0,531,6,589,0,527,2,552,-1,824,3,607,6,615,2,776,2
17:47,839,0,1261,-1,377,7,503,4,432,3,551,0,788,0,1371,0,534,3,594,5,530,3,551,-1,826,2,612,5,618,3,778,2
17:48,839,0,1261,0,381,4,504,1,435,3,553,2,788,0,1371,0,535,1,599,5,527,-3,545,-6,826,0,609,-3,619,1,777,0
17:49,839,0,1261,0,389,8,504,0,434,-1,552,-1,788,0,1371,0,539,4,600,1,531,4,547,2,829,3,613,4,621,3,778,1
17:50,840,1,1261,0,387,-2,506,2,439,5,547,-5,789,1,1371,0,537,-2,601,1,530,-1,545,-2,829,0,609,-4,622,0,777,-1
17:51,840,0,1264,3,397,10,508,2,443,4,548,1,789,0,1372,1,538,1,605,4,531,1,544,-1,832,3,607,-2,624,3,778,1
17:52,840,0,1265,1,399,2,508,0,442,-1,545,-3,789,0,1372,0,541,3,605,0,531,0,544,0,833,1,607,0,625,1,778,0
17:53,840,0,1267,2,401,2,512,4,442,0,541,-4,789,0,1372,0,542,1,606,1,528,-3,548,4,837,4,609,2,626,1,779,1
17:54,842,2,1269,2,406,5,514,2,442,0,544,3,789,0,1373,1,542,0,602,-4,532,4,549,1,840,3,606,-3,628,2,780,0
17:55,843,1,1270,1,408,2,515,1,445,3,546,2,790,1,1373,0,542,0,599,-3,535,3,546,-3,840,0,606,0,629,1,779,0
17:56,843,0,1270,0,411,3,510,-5,446,1,547,1,791,1,1373,0,543,1,596,-3,534,-1,544,-2,840,0,602,-4,630,1,777,-2
17:57,844,1,1272,2,410,-1,510,0,443,-3,545,-2,792,1,1374,1,547,4,595,-1,535,1,541,-3,845,5,600,-2,631,1,777,-1
17:58,844,0,1272,0,409,-1,506,-4,443,0,542,-3,792,0,1374,0,548,1,590,-5,533,-2,541,0,846,1,604,4,631,0,776,-1
17:59,844,0,1272,0,412,3,505,-1,446,3,542,0,792,0,1374,0,551,3,588,-2,532,-1,539,-2,848,2,601,-3,632,1,774,-1
18:00,844,0,1272,0,417,5,504,-1,446,0,546,4,792,0,1374,0,554,3,589,1,528,-4,539,0,848,0,601,0,633,1,775,1
18:01,844,0,1272,0,414,-3,499,-5,445,-1,548,2,792,0,1375,1,557,3,591,2,529,1,540,1,850,2,602,1,633,0,775,0
18:02,844,0,1274,2,414,0,496,-3,444,-1,548,0,792,0,1376,1,556,-1,591,0,527,-2,538,-2,851,1,596,-6,633,0,774,-1
18:03,844,0,1273,-1,413,-1,496,0,441,-3,548,0,792,0,1377,1,554,-2,596,5,529,2,539,1,852,1,595,-1,632,0,775,1
18:04,845,1,1275,2,415,2,492,-4,440,-1,548,0,792,0,1377,0,552,-2,594,-2,530,1,537,-2,851,-1,597,2,632,0,774,-1
18:05,845,0,1275,0,414,-1,492,0,437,-3,544,-4,793,1,1377,0,552,0,593,-1,529,-1,538,1,853,2,597,0,632,0,774,-1
18:06,845,0,1275,0,413,-1,489,-3,437,0,543,-1,794,1,1376,-1,553,1,593,0,528,-1,539,1,854,1,597,0,632,0,773,-1
18:07,845,0,1275,0,412,-1,486,-3,438,1,540,-3,793,-1,1376,0,553,0,593,0,532,4,536,-3,855,1,598,1,633,1,772,-1
18:08,846,1,1276,1,419,7,486,0,438,0,537,-3,793,0,1376,0,553,0,593,0,532,0,540,4,853,-2,592,-6,633,1,771,-1
18:09,846,0,1278,2,419,0,486,0,440,2,535,-2,793,0,1376,0,555,2,597,4,531,-1,542,2,854,1,593,1,634,1,772,1
18:10,846,0,1278,0,417,-2,486,0,440,0,536,1,794,1,1375,-1,557,2,600,3,533,2,541,-1,857,3,592,-1,635,1,773,0
18:11,846,0,1279,1,416,-1,487,1,440,0,536,0,795,1,1375,0,556,-1,601,1,533,0,542,1,857,0,590,-2,635,0,773,0
18:12,846,0,1280,1,416,0,485,-2,440,0,538,2,795,0,1375,0,558,2,602,1,534,1,544,2,859,2,589,-1,635,1,773,0
18:13,846,0,1279,-1,416,0,489,4,443,3,536,-2,796,1,1375,0,559,1,603,1,534,0,541,-3,862,3,589,0,637,1,773,0
18:14,847,1,1280,1,412,-4,487,-2,446,3,538,2,796,0,1376,1,558,-1,606,3,534,0,545,4,863,1,594,5,637,0,775,2
18:15,847,0,1280,0,416,4,491,4,447,1,537,-1,797,1,1376,0,557,-1,604,-2,532,-2,547,2,863,0,592,-2,637,0,775,0
18:16,847,0,1280,0,415,-1,489,-2,447,0,541,4,797,0,1376,0,557,0,604,0,532,0,548,1,865,2,598,6,637,0,825,49
18:17,847,0,1280,0,414,-1,489,0,451,4,545,4,798,1,1376,0,562,5,606,2,532,0,552,4,866,1,599,1,639,1,826,2
18:18,846,-1,1279,-1,416,2,492,3,452,1,543,-2,798,0,1376,0,562,0,609,3,530,-2,555,3,867,1,604,5,639,0,828,1
18:19,846,0,1280,1,417,1,491,-1,454,2,546,3,798,0,1376,0,563,1,610,1,529,-1,555,0,869,2,605,1,639,1,829,1
18:20,846,0,1280,0,416,-1,496,5,454,0,544,-2,798,0,1377,1,564,1,610,0,530,1,555,0,870,1,605,0,640,0,829,0
18:21,847,1,1280,0,417,1,497,1,454,0,545,1,798,0,1376,-1,564,0,613,3,529,-1,558,3,870,0,608,3,640,0,830,2
18:22,847,0,1280,0,422,5,501,4,455,1,548,3,798,0,1376,0,569,5,614,1,529,0,561,3,872,2,606,-2,642,2,831,1
18:23,847,0,1280,0,422,0,506,5,458,3,548,0,798,0,1376,0,572,3,617,3,530,1,560,-1,874,2,608,2,643,1,832,1
18:24,847,0,1280,0,426,4,507,1,462,4,549,1,798,0,1377,1,574,2,620,3,531,1,559,-1,875,1,611,3,645,2,833,1
18:25,847,0,1280,0,428,2,510,3,462,0,549,0,798,0,1377,0,575,1,623,3,533,2,559,0,875,0,612,1,645,1,833,1
18:26,847,0,1279,-1,429,1,507,-3,464,2,551,2,798,0,1377,0,575,0,626,3,532,-1,559,0,876,1,611,-1,646,0,834,1
18:27,847,0,1279,0,429,0,507,0,467,3,550,-1,798,0,1377,0,575,0,624,-2,532,0,562,3,876,0,613,2,646,0,834,0
18:28,847,0,1279,0,431,2,510,3,469,2,555,5,799,1,1377,0,575,0,624,0,533,1,562,0,878,2,616,3,647,1,836,1
18:29,847,0,1280,1,433,2,514,4,471,2,555,0,799,0,1377,0,574,-1,627,3,534,1,562,0,879,1,619,3,648,1,837,1
18:30,847,0,1280,0,435,2,513,-1,472,1,558,3,799,0,1377,0,574,0,628,1,536,2,565,3,879,0,619,0,649,1,838,1
18:31,847,0,1280,0,435,0,514,1,473,1,561,3,800,1,1378,1,577,3,627,-1,536,0,564,-1,881,2,618,-1,650,1,838,0
18:32,847,0,1280,0,435,0,515,1,473,0,563,2,800,0,1379,1,579,2,631,4,536,0,565,1,882,1,620,2,650,0,840,2
18:33,847,0,1280,0,436,1,518,3,473,0,565,2,800,0,1379,0,580,1,634,3,536,0,566,1,882,0,626,6,651,0,842,2
18:34,847,0,1280,0,440,4,520,2,473,0,567,2,802,2,1379,0,580,0,637,3,538,2,568,2,884,2,628,2,652,1,843,2
18:35,847,0,1280,0,441,1,520,0,475,2,570,3,802,0,1379,0,581,1,637,0,537,-1,568,0,885,1,629,1,653,1,844,1
18:36,847,0,1280,0,442,1,521,1,476,1,572,2,803,1,1379,0,581,0,639,2,537,0,569,1,885,0,629,0,653,0,845,1
18:37,847,0,1281,1,443,1,525,4,477,1,572,0,803,0,1380,1,582,1,640,1,537,0,570,1,886,1,631,2,654,1,846,1
18:38,847,0,1283,2,444,1,528,3,477,0,573,1,803,0,1380,0,583,1,642,2,538,1,568,-2,887,1,635,4,654,1,847,1
18:39,847,0,1283,0,444,0,531,3,477,0,577,4,804,1,1381,1,583,0,643,1,537,-1,570,2,887,0,638,3,654,0,849,2
18:40,847,0,1283,0,444,0,537,6,477,0,580,3,804,0,1381,0,583,0,643,0,536,-1,570,0,888,1,638,0,654,0,849,1
18:41,847,0,1283,0,443,-1,541,4,481,4,582,2,803,-1,1381,0,582,-1,646,3,534,-2,568,-2,888,0,641,3,654,0,850,1
18:42,847,0,1284,1,445,2,540,-1,485,4,583,1,803,0,1382,1,581,-1,650,4,534,0,568,0,889,1,643,2,655,1,852,2
18:43,847,0,1284,0,445,0,541,1,488,3,583,0,803,0,1381,-1,581,0,651,1,533,-1,569,1,891,2,643,0,655,1,852,0
18:44,848,1,1284,0,444,-1,542,1,488,0,583,0,803,0,1382,1,583,2,652,1,533,0,571,2,892,1,645,2,656,0,853,1
18:45,848,0,1284,0,444,0,542,0,489,1,582,-1,803,0,1383,1,584,1,653,1,533,0,571,0,893,1,645,0,656,0,853,0
18:46,848,0,1284,0,445,1,544,2,489,0,586,4,803,0,1383,0,584,0,654,1,535,2,571,0,893,0,648,3,657,0,854,1
18:47,848,0,1284,0,445,0,547,3,490,1,586,0,803,0,1383,0,583,-1,657,3,533,-2,573,2,895,2,648,0,657,0,855,1
18:48,848,0,1285,1,447,2,548,1,491,1,587,1,803,0,1381,-2,583,0,656,-1,534,1,573,0,896,1,647,-1,657,1,855,0
18:49,848,0,1285,0,448,1,548,0,491,0,587,0,803,0,1380,-1,583,0,658,2,536,2,573,0,896,0,648,1,658,0,855,0
18:50,849,1,1285,0,448,0,549,1,492,1,590,3,805,2,1380,0,584,1,662,4,535,-1,574,1,896,0,649,1,658,1,857,2
18:51,849,0,1285,0,448,0,551,2,492,0,591,1,805,0,1381,1,585,1,662,0,535,0,576,2,897,1,651,2,659,0,858,1
18:52,849,0,1285,0,448,0,552,1,492,0,594,3,804,-1,1382,1,584,-1,663,1,533,-2,576,0,898,1,651,0,658,0,859,1
18:53,,-849,,-1285,448,0,553,1,492,0,597,3,804,0,1382,0,584,0,664,1,533,0,581,5,898,0,651,0,627,-32,775,-84
18:54,,0,,0,448,0,553,0,495,3,600,3,804,0,1382,0,585,1,666,2,533,0,583,2,899,1,650,-1,627,1,776,1
18:55,,0,,0,449,1,555,2,495,0,602,2,803,-1,1382,0,586,1,666,0,534,1,584,1,902,3,649,-1,628,1,777,0
18:56,,0,,0,449,0,555,0,495,0,604,2,802,-1,1382,0,587,1,665,-1,535,1,585,1,903,1,649,0,664,36,777,0
18:57,,0,,0,452,3,556,1,495,0,605,1,802,0,1381,-1,587,0,667,2,535,0,587,2,903,0,652,3,664,0,778,1
18:58,,0,,0,453,1,559,3,495,0,605,0,802,0,1381,0,587,0,669,2,535,0,587,0,904,1,654,2,665,0,779,1
18:59,,0,,0,454,1,563,4,495,0,604,-1,802,0,1380,-1,588,1,672,3,535,0,588,1,904,0,656,2,665,0,780,1
19:00,,0,,0,456,2,567,4,495,0,605,1,802,0,1380,0,588,0,673,1,535,0,591,3,904,0,655,-1,665,0,781,1
19:01,,0,,0,456,0,566,-1,495,0,606,1,802,0,1378,-2,589,1,674,1,535,0,591,0,905,1,656,1,665,0,781,0
19:02,,0,,0,456,0,568,2,497,2,607,1,803,1,1378,0,591,2,676,2,536,1,590,-1,906,1,656,0,667,1,781,0
19:03,,0,,0,456,0,566,-2,497,0,608,1,803,0,1378,0,591,0,676,0,533,-3,590,0,909,3,656,0,667,0,782,0
19:04,,0,,0,459,3,571,5,498,1,608,0,803,0,1378,0,593,2,680,4,532,-1,594,4,910,1,656,0,667,1,783,2
19:05,,0,,0,461,2,570,-1,498,0,610,2,803,0,1378,0,593,0,682,2,531,-1,593,-1,912,2,657,1,667,0,784,1
19:06,,0,,0,461,0,570,0,499,1,610,0,802,-1,1378,0,594,1,684,2,531,0,596,3,913,1,658,1,668,0,785,1
19:07,,0,,0,462,1,570,0,499,0,614,4,802,0,1379,1,593,-1,686,2,531,0,600,4,914,1,659,1,668,0,788,2
19:08,,0,,0,463,1,571,1,500,1,616,2,802,0,1379,0,593,0,689,3,534,3,603,3,914,0,662,3,669,1,790,2
19:09,,0,,0,464,1,570,-1,500,0,619,3,802,0,1380,1,593,0,692,3,534,0,604,1,914,0,664,2,669,0,792,2
19:10,,0,,0,466,2,571,1,501,1,619,0,802,0,1380,0,594,1,693,1,535,1,607,3,914,0,666,2,669,1,793,1
19:11,,0,,0,467,1,573,2,501,0,619,0,802,0,1380,0,595,1,695,2,536,1,607,0,915,1,668,2,670,1,794,1
19:12,,0,,0,467,0,574,1,505,4,621,2,802,0,1380,0,596,1,697,2,537,1,606,-1,916,1,669,1,671,1,795,1
19:13,,0,,0,467,0,578,4,505,0,622,1,802,0,1380,0,598,2,697,0,538,1,607,1,918,2,670,1,672,1,795,1
19:14,,0,,0,469,2,579,1,504,-1,622,0,802,0,1380,0,600,2,702,5,538,0,609,2,919,1,673,3,673,0,797,2
19:15,,0,,0,473,4,580,1,504,0,625,3,802,0,1381,1,601,1,703,1,540,2,611,2,920,1,675,2,673,1,799,2
19:16,,0,,0,475,2,581,1,505,1,628,3,802,0,1382,1,602,1,705,2,540,0,614,3,921,1,677,2,674,1,801,2
19:17,,0,,0,475,0,581,0,507,2,633,5,802,0,1383,1,603,1,707,2,542,2,616,2,922,1,680,3,675,1,804,3
19:18,,0,,0,478,3,583,2,507,0,635,2,802,0,1383,0,604,1,710,3,541,-1,617,1,924,2,681,1,676,0,805,1
19:19,,0,,0,481,3,587,4,510,3,642,7,802,0,1384,1,604,0,716,6,543,2,621,4,926,2,681,0,677,1,809,4
19:20,,0,,0,482,1,588,1,511,1,646,4,802,0,1384,0,604,0,724,8,543,0,624,3,929,3,687,6,678,1,813,4
19:21,,0,,0,482,0,591,3,511,0,647,1,803,1,1383,-1,605,1,724,0,545,2,624,0,931,2,689,2,679,1,813,0