,2021_10_06,,,,2021_10_13,,,,2021_10_20,,,,2021_10_27,,,,2021_11_03,,,,2021_11_10,,,,2021_11_17,,,,,,,
Time,TECH,dTECH,PARK,dPARK,TECH,dTECH,PARK,dPARK,TECH,dTECH,PARK,dPARK,TECH,dTECH,PARK,dPARK,TECH,dTECH,PARK,dPARK,TECH,dTECH,PARK,dPARK,TECH,dTECH,PARK,dPARK,AVG(TECH),dAVG(TECH),AVG(PARK),dAVG(PARK)
07:00,828,,1275,,815,,1283,,830,,1307,,799,,1379,,882,,1321,,866,,1269,,1263,,1309,,898,,"1,306",
07:01,827,-1,1275,0,815,0,1282,-1,829,-1,1307,0,798,-1,1377,-2,882,0,1322,1,866,0,1270,1,1263,0,1309,0,897,0,"1,306",0
07:02,827,0,1275,0,812,-3,1281,-1,829,0,1308,1,798,0,1374,-3,882,0,1323,1,864,-2,1271,1,1264,1,1310,1,897,-1,"1,306",0
07:03,827,0,1274,-1,812,0,1281,0,828,-1,1308,0,798,0,1371,-3,881,-1,1321,-2,864,0,1271,0,1264,0,1311,1,896,0,"1,305",-1
07:04,826,-1,1274,0,812,0,1281,0,827,-1,1309,1,798,0,1371,0,880,-1,1321,0,864,0,1273,2,1264,0,1312,1,896,0,"1,306",1
07:05,826,0,1272,-2,812,0,1280,-1,825,-2,1307,-2,797,-1,1370,-1,880,0,1321,0,863,-1,1273,0,1264,0,1312,0,895,-1,"1,305",-1
07:06,826,0,1272,0,812,0,1279,-1,825,0,1305,-2,797,0,1370,0,879,-1,1320,-1,863,0,1272,-1,1264,0,1311,-1,895,0,"1,304",-1
07:07,825,-1,1272,0,811,-1,1277,-2,825,0,1303,-2,797,0,1370,0,879,0,1321,1,862,-1,1269,-3,1263,-1,1308,-3,895,-1,"1,303",-1
07:08,825,0,1272,0,811,0,1276,-1,825,0,1302,-1,797,0,1371,1,878,-1,1320,-1,861,-1,1268,-1,1263,0,1307,-1,894,0,"1,302",-1
07:09,825,0,1273,1,812,1,1274,-2,825,0,1301,-1,797,0,1373,2,878,0,1320,0,861,0,1267,-1,1263,0,1306,-1,894,0,"1,302",0
07:10,824,-1,1271,-2,812,0,1271,-3,825,0,1300,-1,797,0,1371,-2,878,0,1319,-1,861,0,1266,-1,1264,1,1305,-1,894,0,"1,300",-2
07:11,824,0,1270,-1,810,-2,1272,1,825,0,1300,0,796,-1,1370,-1,877,-1,1318,-1,860,-1,1264,-2,1263,-1,1304,-1,894,-1,"1,300",-1
07:12,824,0,1270,0,809,-1,1271,-1,824,-1,1300,0,795,-1,1368,-2,877,0,1317,-1,860,0,1263,-1,1263,0,1302,-2,893,0,"1,299",-1
07:13,824,0,1270,0,809,0,1269,-2,824,0,1299,-1,796,1,1365,-3,876,-1,1316,-1,859,-1,1264,1,1262,-1,1301,-1,893,0,"1,298",-1
07:14,825,1,1270,0,809,0,1268,-1,823,-1,1298,-1,794,-2,1364,-1,876,0,1316,0,859,0,1262,-2,1262,0,1301,0,893,0,"1,297",-1
07:15,826,1,1268,-2,808,-1,1269,1,823,0,1297,-1,795,1,1363,-1,876,0,1316,0,859,0,1261,-1,1262,0,1301,0,893,0,"1,296",-1
07:16,826,0,1267,-1,808,0,1268,-1,823,0,1297,0,794,-1,1362,-1,875,-1,1316,0,857,-2,1261,0,1261,-1,1303,2,892,-1,"1,296",0
07:17,825,-1,1266,-1,807,-1,1268,0,822,-1,1297,0,795,1,1361,-1,875,0,1315,-1,857,0,1259,-2,1261,0,1301,-2,892,0,"1,295",-1
07:18,825,0,1265,-1,807,0,1266,-2,821,-1,1295,-2,795,0,1360,-1,876,1,1314,-1,857,0,1258,-1,1261,0,1300,-1,892,0,"1,294",-1
07:19,824,-1,1264,-1,807,0,1266,0,821,0,1294,-1,794,-1,1357,-3,875,-1,1313,-1,858,1,1257,-1,1261,0,1300,0,891,0,"1,293",-1
07:20,824,0,1263,-1,805,-2,1266,0,820,-1,1292,-2,794,0,1356,-1,876,1,1311,-2,857,-1,1256,-1,1261,0,1297,-3,891,0,"1,292",-1
07:21,824,0,1263,0,805,0,1266,0,820,0,1289,-3,794,0,1356,0,876,0,1311,0,857,0,1256,0,1261,0,1294,-3,891,0,"1,291",-1
07:22,824,0,1262,-1,804,-1,1266,0,819,-1,1288,-1,793,-1,1355,-1,875,-1,1309,-2,855,-2,1254,-2,1261,0,1295,1,890,-1,"1,290",-1
07:23,824,0,1259,-3,804,0,1265,-1,818,-1,1286,-2,793,0,1354,-1,875,0,1309,0,855,0,1254,0,1261,0,1295,0,890,0,"1,289",-1
07:24,824,0,1259,0,804,0,1262,-3,816,-2,1285,-1,792,-1,1353,-1,875,0,1307,-2,853,-2,1251,-3,1261,0,1293,-2,889,-1,"1,287",-2
07:25,822,-2,1257,-2,804,0,1262,0,816,0,1284,-1,791,-1,1351,-2,875,0,1305,-2,853,0,1250,-1,1261,0,1291,-2,889,0,"1,286",-1
07:26,822,0,1256,-1,803,-1,1260,-2,816,0,1283,-1,790,-1,1350,-1,874,-1,1306,1,853,0,1250,0,1261,0,1290,-1,888,0,"1,285",-1
07:27,822,0,1257,1,802,-1,1260,0,816,0,1280,-3,789,-1,1349,-1,874,0,1305,-1,851,-2,1249,-1,1260,-1,1290,0,888,-1,"1,284",-1
07:28,822,0,1253,-4,801,-1,1258,-2,815,-1,1280,0,788,-1,1347,-2,874,0,1307,2,851,0,1246,-3,1259,-1,1288,-2,887,-1,"1,283",-2
07:29,822,0,1250,-3,799,-2,1256,-2,815,0,1279,-1,788,0,1347,0,874,0,1307,0,850,-1,1245,-1,1259,0,1287,-1,887,0,"1,282",-1
07:30,821,-1,1250,0,798,-1,1254,-2,814,-1,1280,1,787,-1,1346,-1,874,0,1305,-2,850,0,1244,-1,1259,0,1287,0,886,-1,"1,281",-1
07:31,820,-1,1247,-3,798,0,1255,1,813,-1,1276,-4,787,0,1344,-2,873,-1,1304,-1,849,-1,1243,-1,1258,-1,1286,-1,885,-1,"1,279",-2
07:32,817,-3,1245,-2,797,-1,1252,-3,811,-2,1275,-1,786,-1,1343,-1,872,-1,1305,1,849,0,1242,-1,1258,0,1284,-2,884,-1,"1,278",-1
07:33,816,-1,1243,-2,796,-1,1252,0,810,-1,1273,-2,785,-1,1343,0,872,0,1304,-1,849,0,1243,1,1258,0,1284,0,884,-1,"1,277",-1
07:34,815,-1,1239,-4,796,0,1251,-1,808,-2,1275,2,785,0,1345,2,872,0,1303,-1,848,-1,1239,-4,1258,0,1283,-1,883,-1,"1,276",-1
07:35,815,0,1236,-3,794,-2,1249,-2,808,0,1274,-1,785,0,1345,0,869,-3,1302,-1,847,-1,1235,-4,1256,-2,1283,0,882,-1,"1,275",-2
07:36,814,-1,1235,-1,792,-2,1247,-2,806,-2,1272,-2,784,-1,1344,-1,867,-2,1303,1,846,-1,1234,-1,1256,0,1282,-1,881,-1,"1,274",-1
07:37,813,-1,1232,-3,789,-3,1244,-3,805,-1,1272,0,782,-2,1341,-3,868,1,1301,-2,846,0,1230,-4,1256,0,1281,-1,880,-1,"1,272",-2
07:38,812,-1,1229,-3,788,-1,1240,-4,806,1,1270,-2,779,-3,1338,-3,868,0,1299,-2,844,-2,1228,-2,1256,0,1279,-2,879,-1,"1,269",-3
07:39,812,0,1228,-1,788,0,1239,-1,802,-4,1267,-3,775,-4,1332,-6,867,-1,1299,0,844,0,1229,1,1255,-1,1278,-1,878,-1,"1,267",-2
07:40,810,-2,1227,-1,786,-2,1235,-4,802,0,1264,-3,772,-3,1329,-3,867,0,1299,0,843,-1,1228,-1,1255,0,1278,0,876,-1,"1,266",-2
07:41,809,-1,1226,-1,784,-2,1236,1,801,-1,1263,-1,772,0,1330,1,867,0,1298,-1,841,-2,1227,-1,1255,0,1276,-2,876,-1,"1,265",-1
07:42,808,-1,1224,-2,782,-2,1234,-2,801,0,1261,-2,772,0,1328,-2,865,-2,1298,0,839,-2,1228,1,1255,0,1274,-2,875,-1,"1,264",-1
07:43,808,0,1224,0,781,-1,1233,-1,799,-2,1259,-2,770,-2,1325,-3,865,0,1297,-1,839,0,1227,-1,1254,-1,1274,0,874,-1,"1,263",-1
07:44,807,-1,1220,-4,780,-1,1229,-4,797,-2,1256,-3,769,-1,1325,0,864,-1,1295,-2,837,-2,1226,-1,1254,0,1273,-1,873,-1,"1,261",-2
07:45,804,-3,1217,-3,779,-1,1226,-3,796,-1,1254,-2,767,-2,1320,-5,864,0,1293,-2,836,-1,1225,-1,1254,0,1271,-2,871,-1,"1,258",-3
07:46,804,0,1213,-4,777,-2,1221,-5,795,-1,1251,-3,766,-1,1318,-2,863,-1,1293,0,836,0,1222,-3,1254,0,1268,-3,871,-1,"1,255",-3
07:47,801,-3,1212,-1,777,0,1216,-5,795,0,1250,-1,762,-4,1315,-3,863,0,1293,0,836,0,1221,-1,1254,0,1267,-1,870,-1,"1,253",-2
07:48,799,-2,1210,-2,774,-3,1213,-3,792,-3,1249,-1,760,-2,1309,-6,860,-3,1291,-2,834,-2,1216,-5,1253,-1,1266,-1,867,-2,"1,251",-3
07:49,798,-1,1207,-3,772,-2,1211,-2,791,-1,1247,-2,760,0,1306,-3,857,-3,1290,-1,831,-3,1213,-3,1252,-1,1264,-2,866,-2,"1,248",-2
07:50,797,-1,1206,-1,770,-2,1205,-6,789,-2,1244,-3,758,-2,1303,-3,855,-2,1290,0,831,0,1211,-2,1252,0,1263,-1,865,-1,"1,246",-2
07:51,796,-1,1202,-4,771,1,1199,-6,788,-1,1241,-3,757,-1,1300,-3,851,-4,1284,-6,829,-2,1206,-5,1251,-1,1262,-1,863,-1,"1,242",-4
07:52,789,-7,1197,-5,770,-1,1193,-6,788,0,1238,-3,754,-3,1298,-2,850,-1,1284,0,828,-1,1205,-1,1251,0,1257,-5,861,-2,"1,239",-3
07:53,786,-3,1190,-7,767,-3,1187,-6,787,-1,1237,-1,753,-1,1295,-3,849,-1,1278,-6,827,-1,1203,-2,1250,-1,1257,0,860,-2,"1,235",-4
07:54,781,-5,1184,-6,764,-3,1184,-3,787,0,1231,-6,752,-1,1290,-5,845,-4,1276,-2,825,-2,1202,-1,1249,-1,1252,-5,858,-2,"1,231",-4
07:55,778,-3,1176,-8,760,-4,1179,-5,786,-1,1228,-3,752,0,1287,-3,843,-2,1274,-2,821,-4,1198,-4,1249,0,1251,-1,856,-2,"1,228",-4
07:56,776,-2,1171,-5,759,-1,1171,-8,785,-1,1227,-1,749,-3,1282,-5,842,-1,1273,-1,819,-2,1193,-5,1248,-1,1248,-3,854,-2,"1,224",-4
07:57,775,-1,1166,-5,759,0,1168,-3,782,-3,1223,-4,747,-2,1277,-5,840,-2,1270,-3,819,0,1191,-2,1247,-1,1244,-4,853,-1,"1,220",-4
07:58,772,-3,1160,-6,756,-3,1167,-1,777,-5,1220,-3,745,-2,1275,-2,839,-1,1266,-4,818,-1,1184,-7,1248,1,1243,-1,851,-2,"1,216",-3
07:59,770,-2,1155,-5,750,-6,1157,-10,777,0,1215,-5,741,-4,1271,-4,839,0,1262,-4,815,-3,1180,-4,1247,-1,1241,-2,848,-2,"1,212",-5
08:00,768,-2,1147,-8,748,-2,1150,-7,773,-4,1214,-1,738,-3,1264,-7,836,-3,1261,-1,811,-4,1175,-5,1245,-2,1241,0,846,-3,"1,207",-4
08:01,764,-4,1140,-7,747,-1,1145,-5,765,-8,1206,-8,736,-2,1256,-8,833,-3,1260,-1,809,-2,1170,-5,1245,0,1236,-5,843,-3,"1,202",-6
08:02,763,-1,1135,-5,742,-5,1139,-6,761,-4,1198,-8,730,-6,1250,-6,830,-3,1257,-3,808,-1,1167,-3,1242,-3,1228,-8,839,-3,"1,196",-6
08:03,760,-3,1129,-6,739,-3,1129,-10,757,-4,1187,-11,729,-1,1246,-4,830,0,1253,-4,805,-3,1164,-3,1242,0,1223,-5,837,-2,"1,190",-6
08:04,756,-4,1120,-9,736,-3,1123,-6,756,-1,1178,-9,727,-2,1240,-6,826,-4,1248,-5,804,-1,1157,-7,1240,-2,1219,-4,835,-2,"1,184",-7
08:05,749,-7,1113,-7,731,-5,1113,-10,754,-2,1174,-4,726,-1,1231,-9,823,-3,1244,-4,798,-6,1149,-8,1241,1,1216,-3,832,-3,"1,177",-6
08:06,744,-5,1108,-5,723,-8,1106,-7,752,-2,1168,-6,723,-3,1225,-6,822,-1,1241,-3,796,-2,1143,-6,1240,-1,1212,-4,829,-3,"1,172",-5
08:07,739,-5,1103,-5,718,-5,1097,-9,751,-1,1163,-5,718,-5,1217,-8,819,-3,1235,-6,790,-6,1136,-7,1240,0,1204,-8,825,-4,"1,165",-7
08:08,737,-2,1096,-7,714,-4,1090,-7,746,-5,1155,-8,717,-1,1207,-10,817,-2,1227,-8,786,-4,1129,-7,1238,-2,1199,-5,822,-3,"1,158",-7
08:09,733,-4,1086,-10,706,-8,1087,-3,744,-2,1147,-8,712,-5,1197,-10,815,-2,1226,-1,785,-1,1125,-4,1237,-1,1193,-6,819,-3,"1,152",-6
08:10,723,-10,1079,-7,700,-6,1078,-9,737,-7,1139,-8,704,-8,1191,-6,812,-3,1220,-6,782,-3,1119,-6,1237,0,1190,-3,814,-5,"1,145",-6
08:11,720,-3,1071,-8,695,-5,1069,-9,731,-6,1135,-4,696,-8,1182,-9,809,-3,1217,-3,779,-3,1111,-8,1236,-1,1182,-8,809,-4,"1,138",-7
08:12,711,-9,1065,-6,686,-9,1059,-10,728,-3,1129,-6,691,-5,1177,-5,805,-4,1212,-5,774,-5,1105,-6,1235,-1,1179,-3,804,-5,"1,132",-6
08:13,707,-4,1056,-9,684,-2,1049,-10,719,-9,1117,-12,686,-5,1169,-8,801,-4,1203,-9,772,-2,1100,-5,1233,-2,1172,-7,800,-4,"1,124",-9
08:14,701,-6,1044,-12,684,0,1040,-9,715,-4,1109,-8,681,-5,1164,-5,792,-9,1200,-3,762,-10,1096,-4,1232,-1,1164,-8,795,-5,"1,117",-7
08:16,696,-5,1032,-12,677,-7,1032,-8,704,-11,1100,-9,679,-2,1158,-6,788,-4,1197,-3,758,-4,1088,-8,1230,-2,1164,0,790,-5,"1,110",-7
08:17,691,-5,1025,-7,667,-10,1023,-9,698,-6,1091,-9,676,-3,1147,-11,782,-6,1193,-4,755,-3,1080,-8,1228,-2,1156,-8,785,-5,"1,102",-8
08:18,688,-3,1016,-9,664,-3,1015,-8,693,-5,1084,-7,668,-8,1138,-9,779,-3,1187,-6,753,-2,1074,-6,1225,-3,1151,-5,781,-4,"1,095",-7
08:19,683,-5,1007,-9,659,-5,1006,-9,691,-2,1075,-9,665,-3,1130,-8,775,-4,1184,-3,750,-3,1067,-7,1223,-2,1145,-6,778,-3,"1,088",-7
08:20,679,-4,997,-10,651,-8,997,-9,686,-5,1068,-7,658,-7,1122,-8,771,-4,1179,-5,744,-6,1062,-5,1221,-2,1138,-7,773,-5,"1,080",-7
08:21,674,-5,986,-11,635,-16,987,-10,680,-6,1058,-10,654,-4,1119,-3,765,-6,1166,-13,741,-3,1057,-5,1220,-1,1126,-12,767,-6,"1,071",-9
08:22,672,-2,979,-7,628,-7,976,-11,672,-8,1049,-9,650,-4,1108,-11,758,-7,1158,-8,731,-10,1048,-9,1219,-1,1115,-11,761,-6,"1,062",-9
08:23,667,-5,973,-6,623,-5,966,-10,668,-4,1040,-9,644,-6,1103,-5,755,-3,1148,-10,724,-7,1042,-6,1218,-1,1105,-10,757,-4,"1,054",-8
08:24,660,-7,963,-10,618,-5,956,-10,659,-9,1033,-7,639,-5,1098,-5,753,-2,1138,-10,717,-7,1033,-9,1217,-1,1095,-10,752,-5,"1,045",-9
08:25,655,-5,954,-9,611,-7,946,-10,652,-7,1024,-9,636,-3,1088,-10,752,-1,1128,-10,709,-8,1024,-9,1214,-3,1090,-5,747,-5,"1,036",-9
08:26,648,-7,946,-8,607,-4,936,-10,646,-6,1013,-11,631,-5,1077,-11,743,-9,1117,-11,705,-4,1017,-7,1212,-2,1084,-6,742,-5,"1,027",-9
08:27,644,-4,935,-11,606,-1,926,-10,640,-6,1004,-9,628,-3,1069,-8,740,-3,1106,-11,702,-3,1010,-7,1209,-3,1081,-3,738,-3,"1,019",-8
08:28,639,-5,924,-11,600,-6,918,-8,635,-5,993,-11,620,-8,1061,-8,732,-8,1098,-8,696,-6,1002,-8,1207,-2,1070,-11,733,-6,"1,009",-9
08:29,636,-3,915,-9,595,-5,908,-10,632,-3,982,-11,618,-2,1051,-10,723,-9,1088,-10,691,-5,992,-10,1205,-2,1064,-6,729,-4,"1,000",-9
08:30,633,-3,904,-11,592,-3,899,-9,627,-5,973,-9,613,-5,1042,-9,720,-3,1080,-8,690,-1,983,-9,1203,-2,1056,-8,725,-3,991,-9
08:31,632,-1,895,-9,589,-3,890,-9,620,-7,965,-8,608,-5,1032,-10,717,-3,1073,-7,686,-4,973,-10,1203,0,1047,-9,722,-3,982,-9
08:32,627,-5,887,-8,587,-2,885,-5,618,-2,958,-7,604,-4,1025,-7,712,-5,1067,-6,680,-6,964,-9,1203,0,1037,-10,719,-3,975,-7
08:33,619,-8,876,-11,582,-5,881,-4,615,-3,951,-7,598,-6,1016,-9,708,-4,1062,-5,677,-3,955,-9,1202,-1,1029,-8,714,-4,967,-8
08:34,616,-3,862,-14,576,-6,875,-6,614,-1,947,-4,595,-3,1008,-8,704,-4,1056,-6,673,-4,948,-7,1201,-1,1021,-8,711,-3,960,-8
08:35,611,-5,853,-9,574,-2,870,-5,613,-1,939,-8,588,-7,998,-10,702,-2,1050,-6,671,-2,936,-12,1200,-1,1012,-9,708,-3,951,-8
08:36,606,-5,846,-7,571,-3,863,-7,609,-4,937,-2,583,-5,991,-7,697,-5,1040,-10,668,-3,931,-5,1196,-4,1004,-8,704,-4,945,-7
08:38,605,-1,845,-1,569,-2,857,-6,604,-5,933,-4,581,-2,983,-8,693,-4,1038,-2,664,-4,925,-6,1193,-3,996,-8,701,-3,940,-5
08:39,603,-2,840,-5,567,-2,853,-4,602,-2,928,-5,575,-6,975,-8,692,-1,1031,-7,661,-3,920,-5,1190,-3,985,-11,699,-3,933,-6
08:40,601,-2,836,-4,563,-4,851,-2,596,-6,921,-7,572,-3,967,-8,690,-2,1025,-6,660,-1,913,-7,1184,-6,979,-6,695,-3,927,-6
08:41,599,-2,827,-9,557,-6,845,-6,594,-2,918,-3,571,-1,956,-11,685,-5,1017,-8,657,-3,908,-5,1179,-5,971,-8,692,-3,920,-7
08:42,593,-6,819,-8,556,-1,839,-6,592,-2,917,-1,567,-4,949,-7,684,-1,1012,-5,655,-2,901,-7,1177,-2,964,-7,689,-3,914,-6
08:43,590,-3,816,-3,555,-1,838,-1,592,0,914,-3,563,-4,942,-7,680,-4,1007,-5,654,-1,895,-6,1175,-2,958,-6,687,-2,910,-4
08:44,588,-2,814,-2,549,-6,836,-2,588,-4,911,-3,559,-4,939,-3,677,-3,1001,-6,652,-2,891,-4,1174,-1,954,-4,684,-3,907,-3
08:45,585,-3,808,-6,548,-1,832,-4,585,-3,905,-6,557,-2,935,-4,673,-4,996,-5,651,-1,883,-8,1171,-3,949,-5,681,-2,901,-5
08:46,580,-5,803,-5,544,-4,828,-4,580,-5,904,-1,554,-3,932,-3,668,-5,989,-7,648,-3,878,-5,1170,-1,943,-6,678,-4,897,-4
08:47,577,-3,802,-1,540,-4,822,-6,579,-1,899,-5,551,-3,928,-4,665,-3,985,-4,643,-5,878,0,1168,-2,939,-4,675,-3,893,-3
08:48,574,-3,792,-10,537,-3,819,-3,578,-1,893,-6,549,-2,925,-3,662,-3,976,-9,642,-1,874,-4,1168,0,931,-8,673,-2,887,-6
08:49,572,-2,788,-4,536,-1,816,-3,578,0,891,-2,546,-3,924,-1,659,-3,972,-4,640,-2,867,-7,1166,-2,926,-5,671,-2,883,-4
08:50,566,-6,786,-2,532,-4,808,-8,576,-2,891,0,541,-5,923,-1,657,-2,970,-2,638,-2,863,-4,1163,-3,923,-3,668,-3,881,-3
08:51,564,-2,781,-5,531,-1,800,-8,575,-1,890,-1,540,-1,920,-3,655,-2,970,0,634,-4,857,-6,1162,-1,917,-6,666,-2,876,-4
08:52,562,-2,778,-3,527,-4,793,-7,573,-2,885,-5,539,-1,919,-1,654,-1,964,-6,632,-2,855,-2,1161,-1,915,-2,664,-2,873,-4
08:53,560,-2,773,-5,526,-1,788,-5,568,-5,882,-3,536,-3,913,-6,653,-1,958,-6,631,-1,850,-5,1161,0,912,-3,662,-2,868,-5
08:54,557,-3,765,-8,525,-1,784,-4,566,-2,879,-3,536,0,906,-7,651,-2,956,-2,628,-3,849,-1,1161,0,908,-4,661,-2,864,-4
08:55,554,-3,760,-5,524,-1,781,-3,563,-3,877,-2,534,-2,900,-6,649,-2,950,-6,627,-1,844,-5,1161,0,903,-5,659,-2,859,-5
08:56,552,-2,758,-2,520,-4,778,-3,561,-2,874,-3,534,0,895,-5,647,-2,950,0,624,-3,842,-2,1161,0,899,-4,657,-2,857,-3
08:57,551,-1,754,-4,519,-1,776,-2,558,-3,869,-5,532,-2,887,-8,645,-2,946,-4,623,-1,839,-3,1161,0,895,-4,656,-1,852,-4
08:58,548,-3,750,-4,519,0,774,-2,554,-4,862,-7,530,-2,883,-4,643,-2,942,-4,620,-3,835,-4,1159,-2,893,-2,653,-2,848,-4
08:59,545,-3,744,-6,518,-1,768,-6,553,-1,860,-2,529,-1,881,-2,639,-4,940,-2,619,-1,833,-2,1157,-2,891,-2,651,-2,845,-3
09:00,540,-5,738,-6,516,-2,764,-4,548,-5,856,-4,524,-5,878,-3,636,-3,934,-6,614,-5,830,-3,1157,0,884,-7,648,-4,841,-5
09:01,539,-1,733,-5,516,0,762,-2,546,-2,852,-4,523,-1,877,-1,634,-2,930,-4,613,-1,825,-5,1155,-2,877,-7,647,-1,837,-4
09:02,534,-5,734,1,515,-1,760,-2,546,0,849,-3,520,-3,874,-3,632,-2,926,-4,610,-3,821,-4,1154,-1,871,-6,644,-2,834,-3
09:03,532,-2,731,-3,508,-7,755,-5,542,-4,848,-1,518,-2,872,-2,631,-1,924,-2,607,-3,818,-3,1151,-3,866,-5,641,-3,831,-3
09:04,530,-2,725,-6,506,-2,752,-3,541,-1,843,-5,516,-2,871,-1,627,-4,924,0,602,-5,815,-3,1150,-1,860,-6,639,-2,827,-3
09:05,527,-3,724,-1,505,-1,745,-7,537,-4,837,-6,513,-3,868,-3,625,-2,916,-8,600,-2,813,-2,1146,-4,858,-2,636,-3,823,-4
09:06,523,-4,721,-3,501,-4,739,-6,536,-1,829,-8,510,-3,864,-4,623,-2,911,-5,597,-3,809,-4,1145,-1,853,-5,634,-3,818,-5
09:07,523,0,717,-4,498,-3,736,-3,531,-5,825,-4,504,-6,860,-4,620,-3,909,-2,593,-4,804,-5,1144,-1,851,-2,630,-3,815,-3
09:08,519,-4,710,-7,496,-2,726,-10,526,-5,821,-4,502,-2,859,-1,615,-5,909,0,591,-2,803,-1,1141,-3,846,-5,627,-3,811,-4
09:09,517,-2,704,-6,493,-3,720,-6,522,-4,815,-6,498,-4,856,-3,614,-1,906,-3,589,-2,798,-5,1140,-1,844,-2,625,-2,806,-4
09:10,515,-2,696,-8,493,0,717,-3,519,-3,808,-7,497,-1,848,-8,610,-4,900,-6,584,-5,796,-2,1138,-2,839,-5,622,-2,801,-6
09:11,510,-5,694,-2,491,-2,712,-5,514,-5,804,-4,495,-2,842,-6,605,-5,894,-6,581,-3,794,-2,1138,0,836,-3,619,-3,797,-4
09:12,509,-1,688,-6,487,-4,705,-7,507,-7,799,-5,491,-4,838,-4,604,-1,889,-5,577,-4,790,-4,1137,-1,831,-5,616,-3,791,-5
09:13,502,-7,683,-5,478,-9,699,-6,503,-4,796,-3,484,-7,835,-3,602,-2,882,-7,574,-3,786,-4,1133,-4,826,-5,611,-5,787,-5
09:14,498,-4,678,-5,476,-2,692,-7,500,-3,794,-2,483,-1,828,-7,599,-3,878,-4,570,-4,785,-1,1129,-4,824,-2,608,-3,783,-4
09:15,497,-1,672,-6,474,-2,686,-6,496,-4,786,-8,479,-4,820,-8,599,0,874,-4,569,-1,782,-3,1128,-1,818,-6,606,-2,777,-6
09:16,496,-1,666,-6,472,-2,681,-5,495,-1,782,-4,478,-1,818,-2,595,-4,872,-2,560,-9,776,-6,1124,-4,812,-6,603,-3,772,-4
09:17,491,-5,658,-8,464,-8,674,-7,492,-3,779,-3,476,-2,811,-7,592,-3,870,-2,559,-1,771,-5,1123,-1,808,-4,600,-3,767,-5
09:18,489,-2,650,-8,462,-2,668,-6,492,0,773,-6,472,-4,802,-9,591,-1,867,-3,559,0,767,-4,1120,-3,801,-7,598,-2,761,-6
09:19,488,-1,644,-6,461,-1,660,-8,488,-4,769,-4,466,-6,796,-6,589,-2,863,-4,555,-4,763,-4,1119,-1,794,-7,595,-3,756,-6
09:20,484,-4,640,-4,458,-3,655,-5,485,-3,760,-9,462,-4,788,-8,584,-5,860,-3,554,-1,755,-8,1117,-2,790,-4,592,-3,750,-6
09:21,480,-4,636,-4,452,-6,647,-8,483,-2,749,-11,463,1,782,-6,580,-4,856,-4,553,-1,747,-8,1116,-1,784,-6,590,-2,743,-7
09:22,477,-3,628,-8,445,-7,639,-8,476,-7,745,-4,459,-4,774,-8,579,-1,851,-5,552,-1,741,-6,1114,-2,780,-4,586,-4,737,-6
09:23,475,-2,622,-6,440,-5,633,-6,472,-4,736,-9,456,-3,766,-8,576,-3,846,-5,547,-5,736,-5,1113,-1,777,-3,583,-3,731,-6
09:24,473,-2,614,-8,435,-5,624,-9,471,-1,732,-4,453,-3,759,-7,575,-1,837,-9,542,-5,730,-6,1107,-6,769,-8,579,-3,724,-7
09:25,471,-2,608,-6,433,-2,615,-9,466,-5,724,-8,452,-1,753,-6,572,-3,831,-6,540,-2,724,-6,1104,-3,761,-8,577,-3,717,-7
09:26,467,-4,603,-5,426,-7,604,-11,461,-5,714,-10,448,-4,743,-10,571,-1,827,-4,539,-1,721,-3,1102,-2,759,-2,573,-3,710,-6
09:27,461,-6,594,-9,420,-6,599,-5,457,-4,707,-7,444,-4,738,-5,569,-2,819,-8,535,-4,714,-7,1104,2,756,-3,570,-3,704,-6
09:28,457,-4,584,-10,412,-8,591,-8,453,-4,701,-6,442,-2,729,-9,568,-1,812,-7,531,-4,710,-4,1102,-2,749,-7,566,-4,697,-7
09:29,453,-4,573,-11,408,-4,581,-10,450,-3,691,-10,440,-2,726,-3,567,-1,808,-4,529,-2,709,-1,1099,-3,743,-6,564,-3,690,-6
09:30,450,-3,563,-10,405,-3,571,-10,446,-4,684,-7,432,-8,718,-8,562,-5,804,-4,528,-1,702,-7,1098,-1,737,-6,560,-4,683,-7
09:31,445,-5,556,-7,401,-4,560,-11,444,-2,677,-7,424,-8,713,-5,561,-1,800,-4,525,-3,694,-8,1096,-2,731,-6,557,-4,676,-7
09:32,437,-8,550,-6,393,-8,550,-10,441,-3,671,-6,423,-1,703,-10,560,-1,794,-6,520,-5,687,-7,1097,1,725,-6,553,-4,669,-7
09:33,431,-6,542,-8,389,-4,541,-9,438,-3,666,-5,417,-6,696,-7,560,0,792,-2,517,-3,681,-6,1093,-4,715,-10,549,-4,662,-7
09:34,428,-3,534,-8,388,-1,531,-10,433,-5,657,-9,411,-6,689,-7,554,-6,783,-9,510,-7,679,-2,1093,0,706,-9,545,-4,654,-8
09:35,421,-7,526,-8,379,-9,524,-7,430,-3,648,-9,410,-1,683,-6,545,-9,781,-2,508,-2,670,-9,1091,-2,698,-8,541,-5,647,-7
09:36,415,-6,519,-7,372,-7,517,-7,428,-2,641,-7,405,-5,671,-12,542,-3,778,-3,508,0,662,-8,1091,0,691,-7,537,-3,640,-7
09:37,405,-10,513,-6,364,-8,506,-11,426,-2,633,-8,403,-2,659,-12,538,-4,775,-3,503,-5,655,-7,1087,-4,686,-5,532,-5,632,-7
09:38,402,-3,506,-7,354,-10,499,-7,416,-10,625,-8,396,-7,650,-9,535,-3,771,-4,501,-2,650,-5,1086,-1,677,-9,527,-5,625,-7
09:39,397,-5,494,-12,351,-3,491,-8,409,-7,615,-10,388,-8,643,-7,534,-1,766,-5,494,-7,642,-8,1080,-6,671,-6,522,-5,617,-8
09:40,388,-9,488,-6,343,-8,483,-8,404,-5,606,-9,382,-6,637,-6,528,-6,759,-7,489,-5,634,-8,1077,-3,661,-10,516,-6,610,-8
09:41,383,-5,475,-13,338,-5,474,-9,399,-5,595,-11,375,-7,627,-10,524,-4,753,-6,486,-3,626,-8,1075,-2,652,-9,511,-4,600,-9
09:42,379,-4,466,-9,334,-4,465,-9,396,-3,586,-9,363,-12,616,-11,522,-2,743,-10,481,-5,621,-5,1071,-4,649,-3,507,-5,592,-8
09:43,370,-9,459,-7,327,-7,457,-8,393,-3,575,-11,358,-5,606,-10,519,-3,736,-7,475,-6,616,-5,1066,-5,643,-6,501,-5,585,-8
09:44,365,-5,449,-10,324,-3,447,-10,388,-5,564,-11,351,-7,597,-9,511,-8,734,-2,470,-5,608,-8,1063,-3,637,-6,496,-5,577,-8
09:45,356,-9,435,-14,318,-6,437,-10,386,-2,555,-9,349,-2,590,-7,503,-8,729,-5,463,-7,599,-9,1060,-3,629,-8,491,-5,568,-9
09:46,347,-9,421,-14,314,-4,427,-10,384,-2,545,-10,343,-6,582,-8,500,-3,723,-6,461,-2,592,-7,1058,-2,624,-5,487,-4,559,-9
09:47,344,-3,410,-11,311,-3,422,-5,378,-6,536,-9,339,-4,573,-9,493,-7,716,-7,458,-3,581,-11,1056,-2,615,-9,483,-4,550,-9
09:48,341,-3,396,-14,307,-4,413,-9,370,-8,527,-9,333,-6,564,-9,488,-5,705,-11,454,-4,575,-6,1054,-2,605,-10,478,-5,541,-10
09:49,337,-4,386,-10,304,-3,401,-12,363,-7,520,-7,327,-6,555,-9,482,-6,695,-10,449,-5,564,-11,1053,-1,594,-11,474,-5,531,-10
09:50,333,-4,376,-10,300,-4,396,-5,358,-5,513,-7,324,-3,548,-7,476,-6,684,-11,446,-3,559,-5,1048,-5,583,-11,469,-4,523,-8
09:51,328,-5,367,-9,294,-6,390,-6,353,-5,505,-8,319,-5,540,-8,469,-7,673,-11,438,-8,550,-9,1043,-5,577,-6,463,-6,515,-8
09:52,324,-4,361,-6,289,-5,381,-9,346,-7,497,-8,314,-5,533,-7,467,-2,663,-10,431,-7,541,-9,1040,-3,566,-11,459,-5,506,-9
09:53,321,-3,355,-6,285,-4,375,-6,343,-3,487,-10,308,-6,528,-5,463,-4,650,-13,425,-6,532,-9,1040,0,556,-10,455,-4,498,-8
09:54,317,-4,352,-3,281,-4,365,-10,337,-6,478,-9,302,-6,523,-5,456,-7,640,-10,423,-2,524,-8,1039,-1,547,-9,451,-4,490,-8
09:55,314,-3,348,-4,274,-7,358,-7,331,-6,470,-8,302,0,515,-8,446,-10,633,-7,415,-8,516,-8,1040,1,540,-7,446,-5,483,-7
09:56,306,-8,347,-1,274,0,352,-6,326,-5,461,-9,296,-6,509,-6,443,-3,622,-11,411,-4,511,-5,1038,-2,530,-10,442,-4,476,-7
09:57,300,-6,343,-4,268,-6,344,-8,322,-4,451,-10,292,-4,500,-9,437,-6,613,-9,404,-7,509,-2,1034,-4,525,-5,437,-5,469,-7
09:58,294,-6,337,-6,264,-4,337,-7,318,-4,445,-6,291,-1,491,-9,432,-5,606,-7,400,-4,507,-2,1033,-1,516,-9,433,-4,463,-7
09:59,289,-5,330,-7,265,1,333,-4,312,-6,438,-7,286,-5,486,-5,428,-4,596,-10,395,-5,498,-9,1029,-4,510,-6,429,-4,456,-7
10:00,284,-5,323,-7,263,-2,327,-6,308,-4,432,-6,284,-2,479,-7,424,-4,590,-6,390,-5,493,-5,1029,0,505,-5,426,-3,450,-6
10:01,279,-5,318,-5,262,-1,317,-10,301,-7,426,-6,282,-2,472,-7,418,-6,583,-7,387,-3,488,-5,1027,-2,500,-5,422,-4,443,-6
10:02,274,-5,313,-5,257,-5,315,-2,298,-3,419,-7,281,-1,464,-8,416,-2,572,-11,384,-3,480,-8,1022,-5,494,-6,419,-3,437,-7
10:03,269,-5,305,-8,255,-2,311,-4,295,-3,413,-6,278,-3,459,-5,411,-5,563,-9,381,-3,472,-8,1021,-1,488,-6,416,-3,430,-7
10:04,268,-1,299,-6,254,-1,308,-3,292,-3,412,-1,276,-2,458,-1,405,-6,550,-13,378,-3,464,-8,1021,0,491,3,413,-2,426,-4
10:05,264,-4,298,-1,250,-4,305,-3,285,-7,404,-8,275,-1,455,-3,397,-8,547,-3,376,-2,458,-6,1015,-6,485,-6,409,-5,422,-4
10:06,258,-6,296,-2,248,-2,304,-1,282,-3,401,-3,276,1,453,-2,397,0,538,-9,374,-2,452,-6,1014,-1,480,-5,407,-2,418,-4
10:07,256,-2,291,-5,247,-1,299,-5,282,0,399,-2,276,0,450,-3,390,-7,534,-4,368,-6,452,0,1014,0,474,-6,405,-2,414,-4
10:08,256,0,286,-5,245,-2,301,2,280,-2,394,-5,274,-2,443,-7,388,-2,530,-4,366,-2,448,-4,1011,-3,466,-8,403,-2,410,-4
10:09,256,0,278,-8,244,-1,293,-8,279,-1,392,-2,274,0,442,-1,383,-5,525,-5,366,0,442,-6,1011,0,457,-9,402,-1,404,-6
10:10,254,-2,271,-7,241,-3,291,-2,274,-5,385,-7,273,-1,436,-6,376,-7,522,-3,360,-6,439,-3,1009,-2,450,-7,398,-4,399,-5
10:11,250,-4,268,-3,239,-2,289,-2,273,-1,381,-4,274,1,433,-3,372,-4,514,-8,361,1,434,-5,1007,-2,451,1,397,-2,396,-3
10:12,248,-2,266,-2,237,-2,288,-1,272,-1,378,-3,273,-1,432,-1,370,-2,511,-3,360,-1,428,-6,1009,2,451,0,396,-1,393,-2
10:13,247,-1,265,-1,237,0,285,-3,270,-2,375,-3,270,-3,432,0,372,2,508,-3,358,-2,423,-5,1005,-4,448,-3,394,-1,391,-3
10:14,247,0,263,-2,236,-1,284,-1,270,0,372,-3,271,1,430,-2,370,-2,504,-4,355,-3,420,-3,1004,-1,442,-6,393,-1,388,-3
10:15,246,-1,262,-1,234,-2,284,0,267,-3,372,0,268,-3,426,-4,363,-7,498,-6,353,-2,417,-3,1003,-1,436,-6,391,-3,385,-3
10:16,247,1,259,-3,233,-1,283,-1,266,-1,369,-3,268,0,420,-6,362,-1,496,-2,350,-3,415,-2,1003,0,429,-7,390,-1,382,-3
10:17,245,-2,258,-1,231,-2,282,-1,265,-1,367,-2,269,1,414,-6,358,-4,499,3,347,-3,408,-7,1003,0,427,-2,388,-2,379,-2
10:18,244,-1,257,-1,229,-2,281,-1,260,-5,366,-1,269,0,413,-1,356,-2,496,-3,347,0,400,-8,1002,-1,427,0,387,-2,377,-2
10:19,245,1,257,0,228,-1,281,0,260,0,367,1,268,-1,412,-1,355,-1,490,-6,346,-1,392,-8,1001,-1,425,-2,386,-1,375,-2
10:21,243,-2,259,2,227,-1,281,0,258,-2,366,-1,267,-1,410,-2,352,-3,486,-4,341,-5,386,-6,1000,-1,419,-6,384,-2,372,-2
10:22,242,-1,256,-3,227,0,277,-4,257,-1,360,-6,264,-3,407,-3,347,-5,484,-2,337,-4,381,-5,1000,0,414,-5,382,-2,368,-4
10:23,241,-1,254,-2,225,-2,275,-2,255,-2,358,-2,261,-3,405,-2,345,-2,479,-5,335,-2,378,-3,998,-2,412,-2,380,-2,366,-3
10:24,241,0,252,-2,226,1,268,-7,254,-1,354,-4,260,-1,405,0,343,-2,473,-6,335,0,376,-2,997,-1,408,-4,379,-1,362,-4
10:25,236,-5,255,3,227,1,266,-2,249,-5,352,-2,260,0,403,-2,342,-1,472,-1,335,0,376,0,996,-1,404,-4,378,-2,361,-1
10:26,236,0,251,-4,225,-2,263,-3,247,-2,351,-1,259,-1,401,-2,338,-4,470,-2,335,0,375,-1,995,-1,400,-4,376,-1,359,-2
10:27,234,-2,251,0,224,-1,261,-2,246,-1,350,-1,258,-1,400,-1,338,0,468,-2,335,0,372,-3,991,-4,400,0,375,-1,357,-1
10:28,234,0,249,-2,224,0,261,0,245,-1,349,-1,257,-1,399,-1,335,-3,464,-4,334,-1,370,-2,992,1,395,-5,374,-1,355,-2
10:29,229,-5,248,-1,223,-1,261,0,244,-1,346,-3,257,0,394,-5,335,0,458,-6,336,2,367,-3,990,-2,392,-3,373,-1,352,-3
10:30,232,3,246,-2,222,-1,257,-4,242,-2,345,-1,254,-3,394,0,335,0,458,0,332,-4,366,-1,990,0,390,-2,372,-1,351,-1
10:31,230,-2,242,-4,222,0,256,-1,242,0,344,-1,251,-3,392,-2,331,-4,451,-7,332,0,361,-5,989,-1,386,-4,371,-1,347,-3
10:32,229,-1,239,-3,222,0,254,-2,242,0,341,-3,250,-1,387,-5,330,-1,445,-6,332,0,363,2,987,-2,382,-4,370,-1,344,-3
10:33,226,-3,239,0,223,1,254,0,242,0,339,-2,247,-3,383,-4,327,-3,444,-1,331,-1,362,-1,987,0,381,-1,369,-1,343,-1
10:34,226,0,236,-3,222,-1,252,-2,242,0,337,-2,246,-1,383,0,326,-1,439,-5,331,0,359,-3,987,0,379,-2,369,0,341,-2
10:35,224,-2,235,-1,220,-2,251,-1,243,1,337,0,246,0,384,1,325,-1,435,-4,331,0,356,-3,987,0,380,1,368,-1,340,-1
10:36,222,-2,233,-2,222,2,250,-1,243,0,335,-2,246,0,380,-4,321,-4,433,-2,329,-2,352,-4,987,0,378,-2,367,-1,337,-2
10:37,219,-3,232,-1,215,-7,249,-1,243,0,332,-3,245,-1,377,-3,320,-1,430,-3,328,-1,348,-4,987,0,374,-4,365,-2,335,-3
10:38,217,-2,225,-7,215,0,247,-2,242,-1,329,-3,244,-1,377,0,320,0,426,-4,327,-1,346,-2,986,-1,372,-2,364,-1,332,-3
10:39,214,-3,224,-1,216,1,246,-1,240,-2,327,-2,244,0,373,-4,317,-3,423,-3,326,-1,342,-4,986,0,370,-2,363,-1,329,-2
10:40,213,-1,223,-1,214,-2,244,-2,240,0,328,1,244,0,369,-4,314,-3,418,-5,324,-2,339,-3,986,0,369,-1,362,-1,327,-2
10:41,212,-1,220,-3,209,-5,242,-2,239,-1,327,-1,243,-1,368,-1,313,-1,416,-2,322,-2,338,-1,986,0,365,-4,361,-2,325,-2
10:42,211,-1,214,-6,207,-2,241,-1,235,-4,325,-2,242,-1,366,-2,312,-1,416,0,323,1,336,-2,986,0,364,-1,359,-1,323,-2
10:43,210,-1,211,-3,204,-3,237,-4,234,-1,324,-1,241,-1,365,-1,311,-1,415,-1,322,-1,333,-3,987,1,361,-3,358,-1,321,-2
10:44,210,0,207,-4,201,-3,237,0,233,-1,324,0,239,-2,365,0,310,-1,411,-4,321,-1,331,-2,988,1,357,-4,357,-1,319,-2
10:45,208,-2,202,-5,203,2,236,-1,231,-2,323,-1,238,-1,363,-2,307,-3,409,-2,319,-2,328,-3,987,-1,357,0,356,-1,317,-2
10:46,208,0,199,-3,199,-4,231,-5,230,-1,321,-2,237,-1,361,-2,306,-1,403,-6,318,-1,326,-2,988,1,356,-1,355,-1,314,-3
10:47,208,0,194,-5,198,-1,229,-2,231,1,320,-1,235,-2,362,1,304,-2,402,-1,318,0,321,-5,986,-2,355,-1,354,-1,312,-2
10:48,207,-1,190,-4,198,0,226,-3,227,-4,317,-3,232,-3,357,-5,305,1,401,-1,319,1,322,1,986,0,354,-1,353,-1,310,-2
10:49,207,0,186,-4,197,-1,221,-5,227,0,314,-3,230,-2,356,-1,303,-2,398,-3,319,0,319,-3,985,-1,351,-3,353,-1,306,-3
10:50,207,0,178,-8,192,-5,215,-6,227,0,312,-2,229,-1,356,0,303,0,394,-4,316,-3,315,-4,984,-1,349,-2,351,-1,303,-4
10:51,203,-4,177,-1,191,-1,213,-2,228,1,310,-2,230,1,353,-3,301,-2,394,0,315,-1,309,-6,983,-1,346,-3,350,-1,300,-2
10:52,200,-3,176,-1,190,-1,211,-2,224,-4,306,-4,229,-1,352,-1,298,-3,391,-3,316,1,306,-3,982,-1,342,-4,348,-2,298,-3
10:53,200,0,168,-8,188,-2,208,-3,223,-1,304,-2,227,-2,349,-3,299,1,389,-2,316,0,299,-7,983,1,339,-3,348,0,294,-4
10:54,199,-1,166,-2,186,-2,202,-6,220,-3,303,-1,225,-2,346,-3,296,-3,384,-5,315,-1,298,-1,983,0,339,0,346,-2,291,-3
10:55,198,-1,162,-4,182,-4,193,-9,218,-2,298,-5,225,0,343,-3,295,-1,383,-1,313,-2,299,1,980,-3,337,-2,344,-2,288,-3
10:56,196,-2,155,-7,182,0,188,-5,218,0,296,-2,223,-2,339,-4,297,2,382,-1,313,0,294,-5,979,-1,334,-3,344,0,284,-4
10:57,193,-3,148,-7,178,-4,187,-1,215,-3,294,-2,223,0,330,-9,298,1,378,-4,312,-1,295,1,977,-2,333,-1,342,-2,281,-3
10:58,191,-2,143,-5,178,0,184,-3,213,-2,292,-2,223,0,326,-4,298,0,374,-4,311,-1,289,-6,976,-1,331,-2,341,-1,277,-4
10:59,192,1,139,-4,174,-4,176,-8,212,-1,290,-2,220,-3,324,-2,299,1,373,-1,312,1,288,-1,975,-1,332,1,341,-1,275,-2
11:00,189,-3,138,-1,172,-2,172,-4,212,0,290,0,216,-4,319,-5,296,-3,375,2,312,0,290,2,974,-1,332,0,339,-2,274,-1
11:01,188,-1,135,-3,171,-1,165,-7,214,2,284,-6,215,-1,317,-2,295,-1,370,-5,309,-3,286,-4,974,0,327,-5,338,-1,269,-5
11:02,182,-6,131,-4,171,0,164,-1,212,-2,283,-1,218,3,312,-5,293,-2,366,-4,309,0,282,-4,974,0,326,-1,337,-1,266,-3
11:03,179,-3,127,-4,171,0,159,-5,209,-3,278,-5,217,-1,307,-5,293,0,366,0,308,-1,282,0,974,0,324,-2,336,-1,263,-3
11:04,176,-3,124,-3,168,-3,151,-8,207,-2,272,-6,216,-1,306,-1,292,-1,361,-5,308,0,281,-1,973,-1,324,0,334,-2,260,-3
11:05,175,-1,114,-10,163,-5,144,-7,203,-4,270,-2,216,0,300,-6,290,-2,356,-5,305,-3,281,0,974,1,321,-3,332,-2,255,-5
11:06,174,-1,111,-3,162,-1,142,-2,199,-4,266,-4,214,-2,291,-9,286,-4,352,-4,303,-2,274,-7,973,-1,318,-3,330,-2,251,-5
11:07,173,-1,104,-7,157,-5,138,-4,195,-4,261,-5,214,0,288,-3,288,2,346,-6,300,-3,270,-4,973,0,315,-3,329,-2,246,-5
11:08,168,-5,98,-6,152,-5,133,-5,192,-3,257,-4,211,-3,286,-2,286,-2,340,-6,299,-1,264,-6,972,-1,311,-4,326,-3,241,-5
11:09,168,0,94,-4,151,-1,128,-5,189,-3,251,-6,208,-3,282,-4,285,-1,337,-3,300,1,265,1,972,0,307,-4,325,-1,238,-4
11:10,165,-3,86,-8,148,-3,120,-8,183,-6,243,-8,209,1,277,-5,286,1,334,-3,300,0,259,-6,971,-1,305,-2,323,-2,232,-6
11:11,163,-2,84,-2,148,0,119,-1,180,-3,240,-3,208,-1,271,-6,284,-2,329,-5,296,-4,256,-3,969,-2,304,-1,321,-2,229,-3
11:12,164,1,73,-11,145,-3,111,-8,180,0,237,-3,204,-4,265,-6,279,-5,328,-1,295,-1,251,-5,967,-2,299,-5,319,-2,223,-6
11:13,159,-5,65,-8,144,-1,107,-4,179,-1,229,-8,198,-6,263,-2,277,-2,323,-5,290,-5,246,-5,966,-1,294,-5,316,-3,218,-5
11:14,158,-1,63,-2,142,-2,101,-6,176,-3,227,-2,195,-3,262,-1,275,-2,317,-6,289,-1,241,-5,966,0,288,-6,314,-2,214,-4
11:15,157,-1,63,0,141,-1,102,1,173,-3,223,-4,193,-2,261,-1,272,-3,311,-6,289,0,240,-1,966,0,285,-3,313,-1,212,-2
11:16,158,1,61,-2,139,-2,93,-9,174,1,220,-3,191,-2,261,0,268,-4,306,-5,287,-2,236,-4,963,-3,280,-5,311,-2,208,-4
11:17,158,0,59,-2,135,-4,87,-6,171,-3,214,-6,190,-1,253,-8,267,-1,296,-10,281,-6,230,-6,963,0,276,-4,309,-2,202,-6
11:18,157,-1,51,-8,132,-3,86,-1,170,-1,205,-9,188,-2,251,-2,268,1,293,-3,282,1,221,-9,961,-2,268,-8,308,-1,196,-6
11:19,156,-1,50,-1,130,-2,89,3,169,-1,200,-5,187,-1,254,3,265,-3,290,-3,283,1,219,-2,960,-1,264,-4,307,-1,195,-1
11:20,155,-1,50,0,129,-1,89,0,165,-4,193,-7,186,-1,248,-6,266,1,284,-6,283,0,218,-1,959,-1,263,-1,306,-1,192,-3
11:21,152,-3,49,-1,131,2,91,2,163,-2,183,-10,186,0,246,-2,264,-2,277,-7,281,-2,214,-4,958,-1,258,-5,305,-1,188,-4
11:22,150,-2,47,-2,133,2,93,2,159,-4,182,-1,185,-1,246,0,260,-4,269,-8,280,-1,210,-4,957,-1,253,-5,303,-2,186,-3
11:23,148,-2,44,-3,138,5,93,0,158,-1,182,0,182,-3,238,-8,257,-3,264,-5,277,-3,203,-7,955,-2,246,-7,302,-1,181,-4
11:24,148,0,38,-6,141,3,97,4,156,-2,183,1,184,2,233,-5,254,-3,258,-6,274,-3,198,-5,952,-3,245,-1,301,-1,179,-3
11:25,151,3,48,10,141,0,100,3,155,-1,181,-2,184,0,231,-2,250,-4,258,0,268,-6,194,-4,952,0,246,1,300,-1,180,1
11:26,154,3,42,-6,144,3,107,7,154,-1,182,1,184,0,234,3,251,1,256,-2,265,-3,193,-1,950,-2,246,0,300,0,180,0
11:27,153,-1,47,5,148,4,117,10,152,-2,177,-5,190,6,238,4,251,0,253,-3,266,1,194,1,950,0,244,-2,301,1,181,1
11:28,157,4,53,6,147,-1,124,7,152,0,175,-2,193,3,240,2,247,-4,253,0,269,3,191,-3,951,1,242,-2,302,1,183,1
11:29,162,5,56,3,148,1,130,6,152,0,174,-1,196,3,246,6,249,2,251,-2,269,0,191,0,948,-3,242,0,303,1,184,2
11:30,159,-3,62,6,153,5,132,2,154,2,176,2,195,-1,253,7,249,0,251,0,267,-2,193,2,952,4,239,-3,304,1,187,2
11:31,166,7,68,6,154,1,137,5,153,-1,177,1,199,4,253,0,247,-2,248,-3,270,3,192,-1,953,1,238,-1,306,2,188,1
11:32,166,0,64,-4,153,-1,138,1,152,-1,179,2,200,1,255,2,249,2,241,-7,267,-3,193,1,955,2,239,1,306,0,187,-1
11:33,165,-1,72,8,153,0,140,2,149,-3,181,2,202,2,256,1,250,1,247,6,271,4,196,3,961,6,242,3,307,1,191,4
11:34,168,3,77,5,155,2,143,3,146,-3,191,10,203,1,256,0,250,0,252,5,271,0,194,-2,962,1,245,3,308,1,194,3
11:35,170,2,80,3,159,4,143,0,148,2,195,4,204,1,256,0,254,4,260,8,274,3,201,7,962,0,246,1,310,2,197,3
11:36,170,0,80,0,164,5,143,0,155,7,197,2,206,2,251,-5,260,6,261,1,271,-3,198,-3,961,-1,253,7,312,2,198,0
11:37,172,2,83,3,164,0,141,-2,158,3,196,-1,207,1,256,5,261,1,263,2,274,3,195,-3,967,6,252,-1,315,2,198,0
11:38,172,0,85,2,164,0,144,3,159,1,200,4,210,3,255,-1,265,4,265,2,273,-1,200,5,973,6,254,2,317,2,200,2
11:39,171,-1,87,2,163,-1,148,4,160,1,198,-2,209,-1,255,0,274,9,266,1,273,0,203,3,975,2,256,2,318,1,202,1
11:40,175,4,88,1,164,1,148,0,158,-2,203,5,212,3,258,3,277,3,274,8,275,2,209,6,974,-1,259,3,319,1,206,4
11:41,176,1,91,3,165,1,146,-2,159,1,206,3,214,2,257,-1,279,2,274,0,274,-1,213,4,974,0,260,1,320,1,207,1
11:42,177,1,89,-2,165,0,148,2,159,0,209,3,214,0,256,-1,279,0,275,1,278,4,218,5,973,-1,262,2,321,1,208,1
11:43,180,3,89,0,164,-1,147,-1,158,-1,209,0,213,-1,256,0,282,3,271,-4,279,1,219,1,974,1,263,1,321,1,208,0
11:44,180,0,91,2,164,0,146,-1,158,0,211,2,214,1,257,1,281,-1,272,1,274,-5,217,-2,975,1,264,1,321,-1,208,1
11:45,182,2,91,0,163,-1,145,-1,161,3,206,-5,213,-1,256,-1,282,1,273,1,277,3,217,0,977,2,267,3,322,1,208,0
11:46,182,0,88,-3,161,-2,146,1,164,3,204,-2,215,2,254,-2,285,3,276,3,278,1,215,-2,979,2,266,-1,323,1,207,-1
11:47,181,-1,85,-3,165,4,148,2,168,4,204,0,215,0,259,5,289,4,277,1,278,0,213,-2,979,0,267,1,325,2,208,1
11:48,183,2,86,1,166,1,147,-1,169,1,204,0,213,-2,259,0,288,-1,279,2,280,2,214,1,979,0,265,-2,325,0,208,0
11:49,183,0,85,-1,164,-2,146,-1,170,1,199,-5,214,1,260,1,289,1,279,0,283,3,212,-2,980,1,266,1,326,1,207,-1
11:50,185,2,85,0,164,0,148,2,169,-1,200,1,214,0,260,0,289,0,280,1,283,0,212,0,981,1,266,0,326,0,207,1
11:51,185,0,85,0,164,0,147,-1,170,1,198,-2,213,-1,261,1,291,2,280,0,283,0,212,0,981,0,265,-1,327,0,207,0
11:52,186,1,87,2,163,-1,146,-1,170,0,196,-2,214,1,262,1,290,-1,281,1,283,0,208,-4,981,0,263,-2,327,0,206,-1
11:53,185,-1,87,0,163,0,145,-1,169,-1,194,-2,214,0,260,-2,290,0,277,-4,284,1,204,-4,981,0,264,1,327,0,204,-2
11:54,185,0,87,0,163,0,143,-2,169,0,194,0,215,1,263,3,289,-1,277,0,283,-1,206,2,983,2,261,-3,327,0,204,0
11:55,185,0,87,0,163,0,142,-1,169,0,194,0,214,-1,263,0,288,-1,276,-1,284,1,205,-1,983,0,259,-2,327,0,204,-1
11:56,185,0,88,1,161,-2,140,-2,170,1,194,0,212,-2,259,-4,289,1,275,-1,285,1,205,0,983,0,258,-1,326,0,203,-1
11:57,187,2,88,0,165,4,138,-2,169,-1,197,3,212,0,259,0,290,1,276,1,287,2,204,-1,983,0,258,0,328,1,203,0
11:58,186,-1,86,-2,166,1,140,2,169,0,197,0,212,0,259,0,290,0,275,-1,289,2,205,1,982,-1,257,-1,328,0,203,0
11:59,186,0,85,-1,165,-1,139,-1,169,0,197,0,211,-1,264,5,290,0,274,-1,290,1,203,-2,982,0,259,2,328,0,203,0
12:00,183,-3,87,2,165,0,136,-3,169,0,197,0,211,0,265,1,291,1,272,-2,291,1,203,0,982,0,261,2,327,0,203,0
12:01,182,-1,85,-2,164,-1,140,4,167,-2,196,-1,207,-4,265,0,288,-3,273,1,292,1,202,-1,982,0,260,-1,326,-1,203,0
12:02,182,0,85,0,162,-2,140,0,167,0,197,1,207,0,265,0,287,-1,275,2,294,2,201,-1,984,2,257,-3,326,0,203,0
12:03,182,0,86,1,162,0,139,-1,167,0,198,1,207,0,264,-1,286,-1,274,-1,293,-1,202,1,983,-1,259,2,326,0,203,0
12:04,181,-1,82,-4,162,0,138,-1,166,-1,196,-2,207,0,263,-1,285,-1,272,-2,294,1,201,-1,982,-1,258,-1,325,0,201,-2
12:05,181,0,82,0,162,0,133,-5,165,-1,197,1,208,1,263,0,285,0,270,-2,294,0,200,-1,981,-1,258,0,325,0,200,-1
12:06,181,0,82,0,163,1,133,0,162,-3,199,2,207,-1,264,1,285,0,267,-3,294,0,200,0,981,0,260,2,325,0,201,0
12:07,181,0,83,1,163,0,131,-2,159,-3,197,-2,206,-1,262,-2,281,-4,267,0,294,0,200,0,982,1,256,-4,324,-1,199,-1
12:08,179,-2,81,-2,162,-1,132,1,159,0,196,-1,205,-1,261,-1,279,-2,266,-1,294,0,196,-4,982,0,256,0,323,-1,198,-1
12:09,178,-1,81,0,160,-2,130,-2,158,-1,195,-1,206,1,260,-1,280,1,266,0,294,0,197,1,983,1,255,-1,323,0,198,-1
12:10,179,1,81,0,158,-2,129,-1,156,-2,193,-2,206,0,261,1,278,-2,265,-1,295,1,195,-2,984,1,256,1,322,0,197,-1
12:11,179,0,80,-1,158,0,129,0,156,0,192,-1,204,-2,258,-3,278,0,260,-5,297,2,200,5,983,-1,256,0,322,0,196,-1
12:12,177,-2,77,-3,159,1,128,-1,156,0,193,1,205,1,256,-2,279,1,261,1,298,1,199,-1,983,0,254,-2,322,0,195,-1
12:13,175,-2,74,-3,159,0,126,-2,157,1,191,-2,207,2,255,-1,278,-1,260,-1,298,0,197,-2,983,0,251,-3,322,0,193,-2
12:14,176,1,71,-3,162,3,126,0,157,0,190,-1,205,-2,254,-1,279,1,259,-1,298,0,197,0,983,0,249,-2,323,0,192,-1
12:15,175,-1,70,-1,163,1,125,-1,156,-1,191,1,203,-2,252,-2,278,-1,260,1,298,0,200,3,982,-1,251,2,322,-1,193,0
12:16,173,-2,66,-4,161,-2,121,-4,158,2,190,-1,205,2,251,-1,277,-1,260,0,298,0,200,0,982,0,251,0,322,0,191,-1
12:17,174,1,66,0,161,0,119,-2,157,-1,187,-3,206,1,252,1,276,-1,257,-3,298,0,202,2,980,-2,249,-2,322,0,190,-1
12:18,172,-2,61,-5,161,0,116,-3,157,0,188,1,206,0,251,-1,276,0,255,-2,298,0,201,-1,980,0,248,-1,321,0,189,-2
12:19,169,-3,59,-2,159,-2,116,0,156,-1,187,-1,206,0,252,1,275,-1,254,-1,297,-1,201,0,980,0,252,4,320,-1,189,0
12:20,168,-1,58,-1,158,-1,117,1,157,1,188,1,203,-3,249,-3,278,3,252,-2,297,0,198,-3,979,-1,249,-3,320,0,187,-1
12:21,168,0,59,1,157,-1,115,-2,154,-3,189,1,205,2,249,0,278,0,252,0,298,1,198,0,979,0,250,1,320,0,187,0
12:22,166,-2,61,2,155,-2,115,0,153,-1,189,0,205,0,247,-2,276,-2,252,0,298,0,196,-2,979,0,246,-4,319,-1,187,-1
12:23,166,0,62,1,154,-1,115,0,150,-3,187,-2,204,-1,246,-1,274,-2,250,-2,299,1,193,-3,980,1,247,1,318,-1,186,-1
12:24,165,-1,59,-3,153,-1,113,-2,150,0,189,2,200,-4,241,-5,274,0,251,1,303,4,194,1,979,-1,245,-2,318,0,185,-1
12:25,162,-3,57,-2,151,-2,107,-6,148,-2,186,-3,200,0,237,-4,274,0,251,0,302,-1,194,0,979,0,242,-3,317,-1,182,-3
12:26,163,1,57,0,151,0,102,-5,147,-1,183,-3,198,-2,239,2,273,-1,247,-4,304,2,193,-1,978,-1,237,-5,316,0,180,-2
12:27,159,-4,54,-3,151,0,99,-3,146,-1,183,0,197,-1,238,-1,272,-1,246,-1,306,2,195,2,978,0,236,-1,316,-1,179,-1
12:28,156,-3,52,-2,151,0,96,-3,146,0,176,-7,196,-1,239,1,270,-2,245,-1,308,2,196,1,976,-2,234,-2,315,-1,177,-2
12:29,155,-1,53,1,150,-1,95,-1,145,-1,175,-1,193,-3,240,1,271,1,246,1,309,1,198,2,977,1,231,-3,314,0,177,0
12:30,158,3,51,-2,150,0,96,1,143,-2,173,-2,193,0,239,-1,268,-3,246,0,311,2,198,0,977,0,229,-2,314,0,176,-1
12:31,157,-1,48,-3,149,-1,95,-1,141,-2,171,-2,193,0,240,1,267,-1,242,-4,310,-1,199,1,976,-1,226,-3,313,-1,174,-2
12:32,157,0,44,-4,148,-1,93,-2,140,-1,168,-3,193,0,240,0,266,-1,240,-2,310,0,200,1,977,1,225,-1,313,0,173,-2
12:33,150,-7,44,0,149,1,91,-2,141,1,168,0,190,-3,239,-1,263,-3,239,-1,311,1,200,0,975,-2,223,-2,311,-2,172,-1
12:34,149,-1,43,-1,150,1,91,0,140,-1,167,-1,189,-1,240,1,264,1,235,-4,311,0,196,-4,974,-1,218,-5,311,0,170,-2
12:35,147,-2,42,-1,152,2,91,0,142,2,168,1,189,0,244,4,263,-1,230,-5,311,0,194,-2,975,1,219,1,311,0,170,0
12:36,147,0,42,0,152,0,97,6,142,0,168,0,187,-2,243,-1,261,-2,229,-1,311,0,192,-2,973,-2,216,-3,310,-1,170,0
12:37,142,-5,38,-4,149,-3,94,-3,142,0,167,-1,186,-1,244,1,259,-2,221,-8,311,0,192,0,972,-1,215,-1,309,-2,167,-2
12:38,145,3,34,-4,150,1,91,-3,141,-1,164,-3,186,0,245,1,258,-1,221,0,310,-1,189,-3,972,0,217,2,309,0,166,-1
12:39,145,0,35,1,151,1,88,-3,141,0,161,-3,185,-1,244,-1,256,-2,219,-2,311,1,189,0,971,-1,221,4,309,0,165,-1
12:40,143,-2,34,-1,149,-2,88,0,138,-3,158,-3,183,-2,245,1,255,-1,217,-2,312,1,187,-2,971,0,218,-3,307,-1,164,-1
12:41,140,-3,30,-4,148,-1,83,-5,137,-1,156,-2,181,-2,242,-3,256,1,214,-3,310,-2,183,-4,974,3,219,1,307,-1,161,-3
12:42,138,-2,29,-1,147,-1,88,5,136,-1,155,-1,178,-3,241,-1,257,1,213,-1,311,1,181,-2,973,-1,217,-2,306,-1,161,0
12:43,137,-1,24,-5,146,-1,85,-3,137,1,151,-4,180,2,236,-5,254,-3,212,-1,311,0,181,0,974,1,215,-2,306,0,158,-3
12:44,135,-2,22,-2,144,-2,83,-2,138,1,149,-2,179,-1,236,0,252,-2,208,-4,311,0,179,-2,975,1,215,0,305,-1,156,-2
12:45,133,-2,21,-1,142,-2,85,2,136,-2,151,2,175,-4,234,-2,253,1,211,3,311,0,179,0,976,1,215,0,304,-1,157,1
12:46,132,-1,20,-1,144,2,89,4,134,-2,148,-3,175,0,231,-3,253,0,209,-2,310,-1,176,-3,975,-1,215,0,303,0,155,-1
12:47,128,-4,20,0,144,0,87,-2,132,-2,147,-1,178,3,228,-3,255,2,210,1,310,0,174,-2,976,1,216,1,303,0,155,-1
12:48,125,-3,20,0,140,-4,85,-2,130,-2,143,-4,176,-2,227,-1,249,-6,211,1,308,-2,172,-2,978,2,214,-2,301,-2,153,-1
12:49,122,-3,24,4,143,3,86,1,130,0,141,-2,175,-1,227,0,249,0,209,-2,311,3,165,-7,979,1,208,-6,301,0,151,-2
12:50,121,-1,54,30,143,0,89,3,126,-4,136,-5,175,0,226,-1,246,-3,210,1,311,0,166,1,981,2,202,-6,300,-1,155,3
12:51,123,2,51,-3,146,3,92,3,128,2,135,-1,172,-3,225,-1,245,-1,209,-1,313,2,169,3,983,2,200,-2,301,1,154,0
12:52,125,2,50,-1,146,0,101,9,128,0,132,-3,173,1,225,0,244,-1,211,2,314,1,167,-2,983,0,197,-3,302,0,155,0
12:53,126,1,54,4,149,3,105,4,128,0,130,-2,173,0,228,3,243,-1,211,0,314,0,164,-3,985,2,195,-2,303,1,155,1
12:54,127,1,51,-3,154,5,119,14,129,1,126,-4,173,0,228,0,240,-3,210,-1,315,1,165,1,986,1,192,-3,303,1,156,1
12:55,127,0,50,-1,155,1,130,11,127,-2,125,-1,174,1,228,0,241,1,209,-1,316,1,159,-6,988,2,189,-3,304,1,156,0
12:56,129,2,57,7,157,2,131,1,128,1,124,-1,177,3,231,3,241,0,207,-2,315,-1,159,0,986,-2,186,-3,305,1,156,1
12:57,129,0,64,7,161,4,134,3,127,-1,125,1,178,1,240,9,242,1,208,1,316,1,159,0,987,1,184,-2,306,1,159,3
12:58,130,1,75,11,166,5,139,5,123,-4,123,-2,181,3,238,-2,245,3,207,-1,317,1,156,-3,986,-1,186,2,307,1,161,1
12:59,134,4,71,-4,171,5,149,10,121,-2,125,2,180,-1,241,3,242,-3,208,1,315,-2,159,3,985,-1,188,2,307,0,163,2
13:00,137,3,78,7,175,4,159,10,118,-3,126,1,182,2,238,-3,243,1,215,7,314,-1,158,-1,987,2,185,-3,308,1,166,3
13:01,141,4,85,7,180,5,165,6,122,4,124,-2,183,1,246,8,243,0,218,3,313,-1,156,-2,987,0,188,3,310,2,169,3
13:02,146,5,98,13,184,4,168,3,121,-1,125,1,188,5,257,11,242,-1,222,4,314,1,165,9,989,2,189,1,312,2,175,6
13:03,148,2,103,5,184,0,178,10,118,-3,130,5,196,8,267,10,242,0,224,2,315,1,166,1,991,2,189,0,313,1,180,5
13:04,150,2,108,5,187,3,184,6,119,1,131,1,203,7,271,4,244,2,235,11,318,3,173,7,993,2,198,9,316,3,186,6
13:05,149,-1,112,4,187,0,188,4,120,1,132,1,203,0,278,7,246,2,240,5,325,7,182,9,994,1,208,10,318,1,191,6
13:06,151,2,119,7,188,1,188,0,124,4,140,8,208,5,283,5,249,3,248,8,326,1,186,4,996,2,217,9,320,3,197,6
13:07,153,2,124,5,189,1,190,2,127,3,147,7,210,2,284,1,258,9,254,6,330,4,191,5,997,1,219,2,323,3,201,4
13:08,158,5,123,-1,190,1,190,0,132,5,151,4,211,1,285,1,262,4,260,6,331,1,196,5,1001,4,227,8,326,3,205,3
13:09,161,3,125,2,191,1,190,0,135,3,160,9,213,2,290,5,266,4,269,9,332,1,200,4,1004,3,230,3,329,2,209,5
13:10,162,1,128,3,193,2,192,2,137,2,165,5,219,6,293,3,266,0,270,1,333,1,206,6,1010,6,232,2,331,3,212,3
13:11,163,1,130,2,194,1,194,2,138,1,166,1,218,-1,297,4,270,4,275,5,337,4,209,3,1014,4,235,3,333,2,215,3
13:12,164,1,133,3,195,1,194,0,138,0,169,3,218,0,301,4,275,5,278,3,338,1,209,0,1017,3,237,2,335,2,217,2
13:13,162,-2,133,0,196,1,195,1,145,7,172,3,221,3,303,2,278,3,285,7,341,3,214,5,1018,1,237,0,337,2,220,3
13:14,164,2,135,2,194,-2,193,-2,146,1,182,10,220,-1,304,1,277,-1,292,7,343,2,215,1,1018,0,238,1,337,0,223,3
13:15,163,-1,137,2,195,1,194,1,145,-1,182,0,220,0,303,-1,280,3,297,5,345,2,217,2,1020,2,241,3,338,1,224,2
13:16,164,1,145,8,194,-1,195,1,144,-1,189,7,220,0,302,-1,280,0,301,4,347,2,216,-1,1023,3,243,2,339,1,227,3
13:17,164,0,145,0,193,-1,195,0,144,0,190,1,221,1,299,-3,278,-2,301,0,347,0,217,1,1023,0,242,-1,339,0,227,0
13:18,165,1,148,3,193,0,197,2,147,3,189,-1,221,0,298,-1,282,4,305,4,348,1,220,3,1025,2,245,3,340,2,229,2
13:19,164,-1,149,1,196,3,197,0,146,-1,191,2,222,1,300,2,281,-1,306,1,347,-1,219,-1,1025,0,246,1,340,0,230,1
13:20,163,-1,150,1,196,0,198,1,146,0,190,-1,222,0,300,0,282,1,305,-1,349,2,220,1,1028,3,245,-1,341,1,230,0
13:21,163,0,149,-1,196,0,201,3,148,2,192,2,224,2,301,1,281,-1,304,-1,349,0,223,3,1028,0,246,1,341,0,231,1
13:22,162,-1,152,3,196,0,204,3,149,1,193,1,225,1,302,1,281,0,307,3,348,-1,223,0,1027,-1,246,0,341,0,232,2
13:23,162,0,154,2,198,2,206,2,149,0,193,0,225,0,305,3,282,1,307,0,349,1,225,2,1030,3,245,-1,342,1,234,1
13:24,162,0,154,0,198,0,206,0,148,-1,192,-1,224,-1,308,3,281,-1,306,-1,350,1,225,0,1030,0,245,0,342,0,234,0
13:25,163,1,153,-1,199,1,209,3,149,1,190,-2,225,1,310,2,281,0,305,-1,352,2,224,-1,1027,-3,245,0,342,0,234,0
13:26,163,0,153,0,198,-1,209,0,151,2,190,0,224,-1,311,1,280,-1,307,2,352,0,223,-1,1026,-1,248,3,342,0,234,1
13:27,166,3,154,1,199,1,210,1,153,2,190,0,224,0,312,1,281,1,307,0,352,0,224,1,1026,0,250,2,343,1,235,1
13:28,166,0,156,2,200,1,210,0,153,0,188,-2,224,0,311,-1,280,-1,309,2,350,-2,222,-2,1024,-2,251,1,342,-1,235,0
13:29,167,1,154,-2,199,-1,213,3,156,3,188,0,224,0,310,-1,282,2,310,1,350,0,222,0,1023,-1,254,3,343,1,236,1
13:30,168,1,158,4,197,-2,214,1,158,2,192,4,220,-4,312,2,282,0,309,-1,350,0,225,3,1023,0,257,3,343,0,238,2
13:32,169,1,156,-2,196,-1,215,1,158,0,193,1,220,0,312,0,281,-1,308,-1,350,0,226,1,1027,4,256,-1,343,0,238,0
13:33,169,0,156,0,197,1,217,2,158,0,191,-2,220,0,313,1,281,0,308,0,352,2,228,2,1028,1,256,0,344,1,238,0
13:34,169,0,157,1,197,0,220,3,158,0,191,0,221,1,309,-4,281,0,307,-1,352,0,228,0,1026,-2,257,1,343,0,238,0
13:35,169,0,160,3,198,1,222,2,157,-1,194,3,221,0,308,-1,283,2,309,2,353,1,227,-1,1025,-1,258,1,344,0,240,1
13:36,170,1,160,0,197,-1,224,2,158,1,195,1,222,1,310,2,282,-1,308,-1,356,3,227,0,1026,1,258,0,344,1,240,1
13:37,171,1,161,1,197,0,224,0,158,0,197,2,221,-1,314,4,282,0,309,1,357,1,227,0,1026,0,257,-1,345,0,241,1
13:38,172,1,161,0,197,0,229,5,159,1,196,-1,220,-1,313,-1,283,1,308,-1,357,0,228,1,1027,1,257,0,345,0,242,0
13:39,174,2,162,1,196,-1,231,2,158,-1,194,-2,223,3,314,1,282,-1,309,1,357,0,225,-3,1027,0,255,-2,345,0,241,0
13:40,176,2,163,1,196,0,232,1,158,0,195,1,221,-2,319,5,281,-1,310,1,358,1,226,1,1027,0,254,-1,345,0,243,1
13:41,176,0,163,0,197,1,232,0,159,1,194,-1,222,1,323,4,282,1,309,-1,357,-1,227,1,1028,1,254,0,346,1,243,0
13:42,178,2,165,2,196,-1,236,4,158,-1,192,-2,225,3,325,2,282,0,312,3,357,0,227,0,1027,-1,253,-1,346,0,244,1
13:43,179,1,163,-2,196,0,239,3,159,1,194,2,227,2,325,0,283,1,313,1,359,2,229,2,1026,-1,255,2,347,1,245,1
13:44,181,2,164,1,196,0,241,2,159,0,195,1,230,3,326,1,283,0,313,0,360,1,231,2,1028,2,255,0,348,1,246,1
13:45,182,1,165,1,196,0,244,3,157,-2,194,-1,231,1,327,1,286,3,311,-2,361,1,230,-1,1028,0,255,0,349,1,247,0
13:46,181,-1,168,3,198,2,242,-2,157,0,194,0,231,0,328,1,286,0,311,0,361,0,230,0,1028,0,256,1,349,0,247,0
13:47,181,0,169,1,199,1,247,5,158,1,194,0,229,-2,328,0,286,0,309,-2,360,-1,233,3,1028,0,257,1,349,0,248,1
13:48,181,0,171,2,200,1,244,-3,157,-1,194,0,227,-2,326,-2,286,0,308,-1,359,-1,234,1,1028,0,258,1,348,0,248,0
13:49,182,1,173,2,200,0,244,0,158,1,196,2,228,1,332,6,286,0,308,0,361,2,236,2,1028,0,259,1,349,1,250,2
13:50,185,3,173,0,199,-1,245,1,158,0,199,3,229,1,332,0,286,0,309,1,361,0,236,0,1027,-1,260,1,349,0,251,1
13:51,185,0,172,-1,199,0,248,3,158,0,199,0,231,2,334,2,286,0,309,0,361,0,237,1,1029,2,261,1,350,1,251,1
13:52,185,0,173,1,198,-1,250,2,157,-1,202,3,231,0,338,4,286,0,308,-1,361,0,239,2,1029,0,262,1,350,0,253,2
13:53,183,-2,174,1,200,2,251,1,156,-1,201,-1,232,1,336,-2,289,3,308,0,362,1,240,1,1029,0,261,-1,350,1,253,0
13:54,182,-1,176,2,200,0,248,-3,157,1,203,2,234,2,335,-1,291,2,309,1,362,0,244,4,1031,2,263,2,351,1,254,1
13:55,180,-2,180,4,197,-3,251,3,157,0,204,1,233,-1,335,0,291,0,312,3,363,1,244,0,1030,-1,263,0,350,-1,256,2
13:56,180,0,181,1,203,6,253,2,157,0,207,3,232,-1,334,-1,292,1,313,1,362,-1,243,-1,1030,0,265,2,351,1,257,1
13:57,181,1,180,-1,201,-2,254,1,162,5,207,0,232,0,337,3,295,3,316,3,363,1,242,-1,1030,0,270,5,352,1,258,1
13:58,181,0,181,1,201,0,255,1,160,-2,208,1,230,-2,338,1,295,0,317,1,364,1,241,-1,1031,1,271,1,352,0,259,1
13:59,182,1,182,1,200,-1,259,4,160,0,210,2,231,1,338,0,295,0,317,0,367,3,241,0,1033,2,272,1,353,1,260,1
14:00,186,4,177,-5,201,1,264,5,156,-4,211,1,232,1,337,-1,297,2,314,-3,368,1,244,3,1033,0,274,2,353,1,260,0
14:01,186,0,182,5,201,0,268,4,157,1,212,1,231,-1,336,-1,296,-1,315,1,371,3,247,3,1033,0,274,0,354,0,262,2
14:02,186,0,184,2,200,-1,269,1,159,2,214,2,231,0,338,2,299,3,316,1,371,0,245,-2,1033,0,276,2,354,1,263,1
14:03,188,2,186,2,202,2,272,3,158,-1,213,-1,232,1,338,0,299,0,319,3,371,0,245,0,1032,-1,275,-1,355,0,264,1
14:04,188,0,185,-1,205,3,275,3,159,1,214,1,233,1,340,2,299,0,319,0,372,1,247,2,1032,0,279,4,355,1,266,2
14:05,191,3,186,1,206,1,276,1,158,-1,213,-1,233,0,340,0,298,-1,318,-1,372,0,248,1,1032,0,279,0,356,0,266,0
14:06,193,2,188,2,207,1,281,5,157,-1,212,-1,233,0,344,4,301,3,319,1,372,0,248,0,1031,-1,282,3,356,1,268,2
14:07,191,-2,192,4,206,-1,285,4,158,1,213,1,233,0,346,2,302,1,321,2,372,0,251,3,1031,0,282,0,356,0,270,2
14:08,189,-2,195,3,210,4,285,0,158,0,218,5,232,-1,350,4,302,0,323,2,371,-1,249,-2,1031,0,281,-1,356,0,272,2
14:09,190,1,199,4,209,-1,286,1,159,1,217,-1,232,0,354,4,302,0,325,2,372,1,254,5,1031,0,281,0,356,0,274,2
14:10,191,1,200,1,211,2,290,4,157,-2,219,2,234,2,357,3,303,1,327,2,372,0,256,2,1031,0,282,1,357,1,276,2
14:11,192,1,205,5,213,2,290,0,156,-1,220,1,234,0,358,1,299,-4,327,0,373,1,263,7,1031,0,286,4,357,0,278,3
14:12,195,3,207,2,217,4,290,0,153,-3,220,0,232,-2,363,5,299,0,327,0,374,1,263,0,1032,1,287,1,357,1,280,1
14:13,197,2,208,1,219,2,292,2,156,3,220,0,231,-1,365,2,298,-1,323,-4,376,2,265,2,1032,0,289,2,358,1,280,1
14:14,199,2,214,6,223,4,295,3,155,-1,222,2,229,-2,367,2,300,2,326,3,379,3,266,1,1033,1,288,-1,360,1,283,2
14:15,203,4,213,-1,224,1,301,6,155,0,221,-1,234,5,369,2,302,2,330,4,379,0,264,-2,1034,1,290,2,362,2,284,1
14:16,206,3,212,-1,225,1,304,3,155,0,223,2,236,2,375,6,302,0,332,2,381,2,265,1,1035,1,294,4,363,1,286,2
14:17,205,-1,215,3,230,5,307,3,154,-1,227,4,236,0,376,1,304,2,336,4,381,0,265,0,1035,0,292,-2,364,1,288,2
14:18,208,3,215,0,235,5,315,8,153,-1,229,2,237,1,379,3,305,1,338,2,384,3,269,4,1041,6,292,0,366,3,291,3
14:19,209,1,221,6,241,6,320,5,151,-2,231,2,237,0,380,1,307,2,339,1,386,2,273,4,1040,-1,293,1,367,1,294,3
14:20,208,-1,221,0,245,4,322,2,153,2,233,2,238,1,386,6,306,-1,341,2,391,5,275,2,1039,-1,294,1,369,1,296,2
14:21,210,2,235,14,249,4,325,3,153,0,235,2,238,0,389,3,308,2,344,3,390,-1,277,2,1041,2,293,-1,370,1,300,4
14:22,213,3,242,7,256,7,329,4,155,2,236,1,240,2,391,2,308,0,346,2,392,2,281,4,1042,1,295,2,372,2,303,3
14:23,217,4,244,2,261,5,334,5,158,3,234,-2,243,3,398,7,311,3,347,1,392,0,283,2,1044,2,297,2,375,3,305,2
14:24,220,3,247,3,262,1,341,7,155,-3,234,0,252,9,403,5,313,2,351,4,396,4,283,0,1044,0,301,4,377,2,309,3
14:25,222,2,250,3,275,13,347,6,157,2,239,5,252,0,406,3,314,1,359,8,401,5,284,1,1047,3,304,3,381,4,313,4
14:26,227,5,256,6,282,7,350,3,156,-1,243,4,257,5,412,6,312,-2,367,8,402,1,283,-1,1049,2,305,1,384,2,317,4
14:27,233,6,263,7,291,9,362,12,155,-1,246,3,260,3,421,9,319,7,368,1,403,1,287,4,1050,1,310,5,387,4,322,6
14:28,239,6,269,6,302,11,372,10,159,4,250,4,265,5,429,8,325,6,370,2,403,0,298,11,1052,2,316,6,392,5,329,7
14:29,244,5,279,10,307,5,383,11,158,-1,259,9,272,7,432,3,330,5,380,10,407,4,306,8,1052,0,317,1,396,4,337,7
14:30,255,11,290,11,313,6,389,6,160,2,267,8,279,7,436,4,329,-1,391,11,414,7,309,3,1054,2,320,3,401,5,343,7
14:31,263,8,299,9,313,0,396,7,164,4,272,5,288,9,442,6,331,2,396,5,419,5,313,4,1058,4,325,5,405,5,349,6
14:32,271,8,305,6,317,4,404,8,165,1,275,3,297,9,446,4,337,6,405,9,423,4,313,0,1062,4,332,7,410,5,354,5
14:33,284,13,316,11,324,7,404,0,166,1,278,3,306,9,449,3,341,4,415,10,429,6,313,0,1064,2,337,5,416,6,359,5
14:34,288,4,322,6,325,1,410,6,165,-1,282,4,316,10,453,4,345,4,421,6,433,4,313,0,1068,4,345,8,420,4,364,5
14:35,293,5,336,14,326,1,418,8,171,6,290,8,319,3,457,4,354,9,430,9,437,4,318,5,1073,5,351,6,425,5,371,8
14:36,295,2,343,7,334,8,430,12,174,3,296,6,324,5,459,2,361,7,439,9,444,7,324,6,1081,8,356,5,430,6,378,7
14:37,298,3,345,2,334,0,443,13,179,5,308,12,325,1,465,6,369,8,446,7,448,4,336,12,1088,7,364,8,434,4,387,9
14:38,299,1,347,2,336,2,447,4,185,6,312,4,331,6,471,6,377,8,449,3,452,4,344,8,1090,2,374,10,439,4,392,5
14:39,303,4,350,3,338,2,448,1,185,0,318,6,335,4,475,4,380,3,454,5,458,6,350,6,1094,4,381,7,442,3,397,5
14:40,305,2,352,2,339,1,452,4,189,4,322,4,339,4,484,9,390,10,458,4,459,1,361,11,1099,5,383,2,446,4,402,5
14:41,307,2,353,1,341,2,452,0,190,1,329,7,341,2,491,7,396,6,464,6,466,7,368,7,1102,3,388,5,449,3,406,5
14:42,309,2,357,4,341,0,452,0,195,5,333,4,344,3,499,8,406,10,470,6,472,6,378,10,1109,7,394,6,454,5,412,5
14:43,312,3,357,0,343,2,450,-2,199,4,337,4,346,2,509,10,412,6,481,11,473,1,388,10,1113,4,403,9,457,3,418,6
14:44,312,0,357,0,343,0,453,3,204,5,343,6,348,2,512,3,418,6,490,9,476,3,392,4,1118,5,403,0,460,3,421,4
14:45,318,6,357,0,343,0,453,0,205,1,348,5,353,5,523,11,421,3,498,8,478,2,395,3,1124,6,407,4,463,3,426,4
14:46,318,0,358,1,345,2,455,2,206,1,351,3,353,0,530,7,421,0,506,8,477,-1,402,7,1130,6,411,4,464,1,430,5
14:47,319,1,360,2,346,1,457,2,207,1,351,0,354,1,533,3,423,2,510,4,479,2,402,0,1132,2,406,-5,466,1,431,1
14:48,319,0,362,2,347,1,462,5,206,-1,352,1,356,2,541,8,428,5,517,7,483,4,406,4,1133,1,408,2,467,2,435,4
14:49,319,0,367,5,351,4,464,2,208,2,357,5,358,2,548,7,431,3,530,13,485,2,406,0,1133,0,411,3,469,2,440,5
14:50,321,2,368,1,351,0,467,3,211,3,358,1,362,4,551,3,432,1,537,7,487,2,407,1,1133,0,412,1,471,2,443,2
14:51,322,1,367,-1,351,0,469,2,213,2,356,-2,361,-1,550,-1,433,1,538,1,488,1,407,0,1135,2,414,2,472,1,443,0
14:52,322,0,368,1,354,3,470,1,214,1,356,0,361,0,552,2,432,-1,538,0,491,3,407,0,1134,-1,412,-2,473,1,443,0
14:53,323,1,366,-2,357,3,472,2,214,0,359,3,361,0,552,0,433,1,539,1,493,2,408,1,1134,0,411,-1,474,1,444,1
14:54,324,1,364,-2,357,0,472,0,215,1,361,2,362,1,557,5,434,1,542,3,493,0,407,-1,1134,0,414,3,474,1,445,1
14:55,325,1,364,0,357,0,478,6,216,1,359,-2,361,-1,558,1,435,1,546,4,493,0,407,0,1134,0,415,1,474,0,447,1
14:56,328,3,363,-1,360,3,479,1,216,0,359,0,361,0,557,-1,435,0,545,-1,495,2,408,1,1135,1,415,0,476,1,447,0
14:57,327,-1,363,0,359,-1,481,2,217,1,359,0,361,0,557,0,438,3,548,3,498,3,405,-3,1135,0,417,2,476,1,447,1
14:58,330,3,365,2,359,0,482,1,221,4,360,1,361,0,559,2,440,2,552,4,497,-1,407,2,1134,-1,418,1,477,1,449,2
14:59,329,-1,367,2,360,1,486,4,225,4,364,4,362,1,559,0,440,0,552,0,499,2,405,-2,1136,2,421,3,479,1,451,2
15:00,329,0,368,1,362,2,490,4,228,3,365,1,364,2,563,4,441,1,554,2,500,1,408,3,1134,-2,428,7,480,1,454,3
15:01,330,1,369,1,362,0,491,1,229,1,368,3,365,1,567,4,441,0,556,2,501,1,411,3,1137,3,428,0,481,1,456,2
15:02,330,0,371,2,365,3,493,2,232,3,369,1,364,-1,572,5,441,0,558,2,502,1,411,0,1138,1,426,-2,482,1,457,1
15:03,332,2,372,1,366,1,496,3,233,1,369,0,365,1,570,-2,442,1,557,-1,504,2,412,1,1143,5,427,1,484,2,458,0
15:04,332,0,373,1,367,1,495,-1,232,-1,373,4,366,1,571,1,444,2,558,1,505,1,415,3,1142,-1,427,0,484,0,459,1
15:05,333,1,374,1,368,1,496,1,235,3,376,3,369,3,573,2,445,1,559,1,509,4,418,3,1142,0,426,-1,486,2,460,1
15:06,335,2,378,4,368,0,495,-1,238,3,376,0,369,0,576,3,445,0,561,2,510,1,426,8,1144,2,427,1,487,1,463,2
15:07,335,0,379,1,370,2,494,-1,238,0,380,4,371,2,578,2,448,3,562,1,512,2,427,1,1144,0,426,-1,488,1,464,1
15:08,334,-1,382,3,370,0,495,1,238,0,381,1,373,2,581,3,449,1,564,2,515,3,428,1,1144,0,431,5,489,1,466,2
15:09,335,1,386,4,371,1,495,0,240,2,384,3,373,0,583,2,451,2,565,1,514,-1,431,3,1144,0,434,3,490,1,468,2
15:10,337,2,387,1,371,0,496,1,241,1,385,1,374,1,583,0,452,1,571,6,516,2,430,-1,1144,0,436,2,491,1,470,1
15:11,336,-1,390,3,371,0,496,0,241,0,386,1,375,1,582,-1,457,5,572,1,518,2,431,1,1144,0,435,-1,492,1,470,1
15:12,336,0,392,2,373,2,495,-1,243,2,383,-3,376,1,584,2,459,2,572,0,519,1,432,1,1144,0,440,5,493,1,471,1
15:13,337,1,396,4,373,0,495,0,243,0,384,1,375,-1,584,0,459,0,574,2,520,1,431,-1,1144,0,440,0,493,0,472,1
15:14,337,0,400,4,375,2,495,0,244,1,385,1,375,0,584,0,461,2,576,2,521,1,431,0,1145,1,439,-1,494,1,473,1
15:15,337,0,400,0,376,1,496,1,243,-1,384,-1,375,0,585,1,461,0,576,0,521,0,431,0,1147,2,441,2,494,0,473,0
15:16,336,-1,400,0,375,-1,497,1,243,0,386,2,375,0,585,0,464,3,576,0,523,2,431,0,1148,1,440,-1,495,1,474,0
15:17,338,2,399,-1,374,-1,498,1,245,2,387,1,375,0,584,-1,464,0,578,2,524,1,428,-3,1148,0,436,-4,495,1,473,-1
15:18,337,-1,399,0,377,3,500,2,246,1,387,0,376,1,586,2,465,1,579,1,525,1,434,6,1148,0,433,-3,496,1,474,1
15:19,339,2,399,0,378,1,501,1,246,0,387,0,376,0,587,1,468,3,582,3,526,1,434,0,1148,0,435,2,497,1,475,1
15:20,341,2,398,-1,378,0,507,6,247,1,386,-1,376,0,587,0,467,-1,582,0,526,0,436,2,1148,0,435,0,498,0,476,1
15:21,343,2,401,3,379,1,509,2,247,0,386,0,377,1,587,0,467,0,585,3,527,1,437,1,1148,0,438,3,498,1,478,2
15:22,342,-1,401,0,379,0,512,3,249,2,388,2,377,0,586,-1,467,0,591,6,527,0,436,-1,1148,0,438,0,498,0,479,1
15:23,342,0,401,0,379,0,518,6,248,-1,385,-3,380,3,588,2,467,0,596,5,528,1,432,-4,1149,1,438,0,499,1,480,1
15:24,342,0,404,3,381,2,514,-4,245,-3,383,-2,381,1,587,-1,468,1,597,1,528,0,431,-1,1149,0,440,2,499,0,479,0
15:25,342,0,403,-1,382,1,517,3,245,0,384,1,384,3,587,0,468,0,598,1,528,0,432,1,1150,1,440,0,500,1,480,1
15:26,342,0,405,2,383,1,516,-1,245,0,386,2,386,2,589,2,468,0,600,2,530,2,433,1,1151,1,440,0,501,1,481,1
15:27,343,1,408,3,383,0,515,-1,246,1,388,2,386,0,594,5,468,0,599,-1,531,1,434,1,1155,4,441,1,502,1,483,1
15:28,343,0,410,2,386,3,515,0,246,0,389,1,386,0,595,1,470,2,603,4,532,1,436,2,1155,0,442,1,503,1,484,2
15:29,348,5,415,5,388,2,515,0,250,4,387,-2,386,0,599,4,470,0,605,2,532,0,439,3,1156,1,444,2,504,2,486,2
15:30,348,0,417,2,390,2,515,0,252,2,385,-2,391,5,600,1,468,-2,604,-1,533,1,441,2,1156,0,444,0,505,1,487,0
15:31,349,1,418,1,392,2,519,4,252,0,386,1,390,-1,602,2,469,1,603,-1,533,0,444,3,1155,-1,445,1,506,0,488,2
15:32,349,0,418,0,392,0,523,4,252,0,387,1,391,1,602,0,472,3,603,0,533,0,447,3,1155,0,440,-5,506,1,489,0
15:33,348,-1,419,1,393,1,525,2,251,-1,388,1,392,1,606,4,472,0,603,0,533,0,446,-1,1155,0,438,-2,506,0,489,1
15:34,347,-1,418,-1,395,2,528,3,250,-1,386,-2,393,1,609,3,471,-1,606,3,534,1,445,-1,1160,5,439,1,507,1,490,1
15:35,349,2,418,0,396,1,529,1,251,1,385,-1,394,1,612,3,474,3,609,3,538,4,444,-1,1161,1,440,1,509,2,491,1
15:36,353,4,422,4,396,0,532,3,253,2,388,3,397,3,615,3,478,4,611,2,540,2,446,2,1163,2,444,4,511,2,494,3
15:37,352,-1,424,2,398,2,533,1,253,0,391,3,399,2,616,1,479,1,613,2,543,3,448,2,1164,1,447,3,513,1,496,2
15:38,352,0,423,-1,400,2,536,3,257,4,389,-2,401,2,615,-1,479,0,617,4,543,0,449,1,1164,0,450,3,514,1,497,1
15:39,352,0,425,2,401,1,538,2,258,1,388,-1,403,2,617,2,479,0,618,1,544,1,450,1,1164,0,451,1,514,1,498,1
15:40,350,-2,423,-2,401,0,541,3,259,1,391,3,403,0,618,1,480,1,618,0,545,1,450,0,1164,0,451,0,515,0,499,1
15:41,352,2,422,-1,401,0,542,1,259,0,392,1,404,1,619,1,483,3,618,0,548,3,451,1,1164,0,451,0,516,1,499,0
15:42,352,0,420,-2,401,0,543,1,260,1,388,-4,407,3,617,-2,485,2,620,2,548,0,453,2,1165,1,453,2,517,1,499,0
15:43,354,2,421,1,403,2,545,2,261,1,391,3,408,1,619,2,487,2,621,1,549,1,452,-1,1163,-2,454,1,518,1,500,1
15:44,354,0,424,3,404,1,542,-3,261,0,394,3,409,1,621,2,488,1,623,2,550,1,449,-3,1162,-1,452,-2,518,0,501,0
15:45,354,0,426,2,409,5,545,3,262,1,393,-1,410,1,621,0,489,1,623,0,550,0,448,-1,1164,2,454,2,520,1,501,1
15:46,355,1,428,2,412,3,547,2,261,-1,394,1,410,0,622,1,492,3,623,0,552,2,448,0,1165,1,456,2,521,1,503,1
15:47,357,2,431,3,413,1,548,1,260,-1,394,0,411,1,621,-1,493,1,625,2,553,1,449,1,1166,1,451,-5,522,1,503,0
15:48,358,1,432,1,416,3,550,2,260,0,397,3,411,0,621,0,495,2,624,-1,555,2,452,3,1165,-1,446,-5,523,1,503,0
15:49,357,-1,433,1,416,0,553,3,262,2,400,3,411,0,624,3,494,-1,624,0,557,2,453,1,1164,-1,445,-1,523,0,505,1
15:50,357,0,436,3,416,0,555,2,265,3,397,-3,412,1,625,1,495,1,628,4,559,2,453,0,1163,-1,443,-2,524,1,505,1
15:51,356,-1,440,4,417,1,554,-1,265,0,397,0,412,0,627,2,497,2,628,0,560,1,456,3,1164,1,443,0,524,1,506,1
15:52,356,0,442,2,419,2,555,1,264,-1,394,-3,413,1,629,2,498,1,629,1,560,0,457,1,1164,0,442,-1,525,0,507,0
15:53,357,1,438,-4,419,0,554,-1,266,2,391,-3,414,1,631,2,500,2,629,0,562,2,458,1,1165,1,442,0,526,1,506,-1
15:54,356,-1,439,1,420,1,554,0,265,-1,391,0,417,3,632,1,501,1,632,3,562,0,457,-1,1167,2,441,-1,527,1,507,0
15:55,357,1,439,0,421,1,555,1,265,0,390,-1,418,1,633,1,502,1,631,-1,563,1,457,0,1170,3,439,-2,528,1,506,0
15:56,360,3,438,-1,421,0,556,1,264,-1,388,-2,417,-1,635,2,502,0,630,-1,566,3,459,2,1173,3,437,-2,529,1,506,0
15:57,360,0,439,1,423,2,559,3,264,0,392,4,419,2,635,0,502,0,632,2,569,3,456,-3,1173,0,438,1,530,1,507,1
15:58,363,3,442,3,425,2,563,4,266,2,392,0,420,1,636,1,502,0,633,1,569,0,453,-3,1174,1,438,0,531,1,508,1
15:59,363,0,446,4,428,3,563,0,268,2,391,-1,423,3,636,0,503,1,632,-1,569,0,455,2,1174,0,433,-5,533,1,508,0
16:00,363,0,447,1,434,6,567,4,269,1,392,1,424,1,639,3,507,4,631,-1,570,1,455,0,1174,0,435,2,534,2,509,1
16:01,365,2,447,0,438,4,571,4,270,1,394,2,426,2,638,-1,510,3,634,3,571,1,454,-1,1173,-1,434,-1,536,2,510,1
16:02,367,2,448,1,438,0,576,5,269,-1,396,2,428,2,641,3,511,1,638,4,572,1,453,-1,1176,3,434,0,537,1,512,2
16:03,367,0,450,2,441,3,577,1,268,-1,400,4,431,3,643,2,512,1,638,0,573,1,455,2,1179,3,436,2,539,1,514,2
16:04,369,2,459,9,445,4,577,0,267,-1,401,1,433,2,647,4,515,3,639,1,573,0,456,1,1181,2,434,-2,540,2,516,2
16:05,373,4,462,3,447,2,579,2,271,4,402,1,434,1,648,1,516,1,638,-1,577,4,458,2,1181,0,435,1,543,2,517,1
16:06,375,2,464,2,450,3,580,1,273,2,404,2,435,1,649,1,516,0,638,0,578,1,460,2,1182,1,433,-2,544,1,518,1
16:07,378,3,465,1,451,1,581,1,274,1,404,0,438,3,650,1,520,4,640,2,577,-1,465,5,1184,2,433,0,546,2,520,1
16:08,378,0,468,3,454,3,583,2,273,-1,408,4,440,2,654,4,521,1,638,-2,577,0,469,4,1184,0,433,0,547,1,522,2
16:09,378,0,472,4,454,0,588,5,272,-1,409,1,442,2,657,3,522,1,639,1,580,3,468,-1,1183,-1,435,2,547,1,524,2
16:10,379,1,475,3,454,0,587,-1,271,-1,414,5,444,2,660,3,527,5,641,2,582,2,470,2,1184,1,437,2,549,1,526,2
16:11,380,1,479,4,454,0,589,2,273,2,416,2,447,3,659,-1,529,2,642,1,582,0,468,-2,1187,3,433,-4,550,2,527,0
16:12,380,0,484,5,456,2,590,1,273,0,419,3,446,-1,660,1,531,2,641,-1,582,0,465,-3,1189,2,432,-1,551,1,527,1
16:13,381,1,486,2,456,0,592,2,276,3,416,-3,446,0,663,3,530,-1,644,3,583,1,467,2,1191,2,432,0,552,1,529,1
16:14,385,4,486,0,455,-1,593,1,279,3,416,0,447,1,665,2,531,1,649,5,585,2,470,3,1191,0,435,3,553,1,531,2
16:15,388,3,491,5,457,2,593,0,278,-1,419,3,448,1,666,1,531,0,651,2,586,1,472,2,1194,3,435,0,555,1,532,2
16:16,388,0,489,-2,459,2,593,0,278,0,421,2,449,1,669,3,532,1,656,5,589,3,479,7,1194,0,439,4,556,1,535,3
16:17,390,2,491,2,460,1,597,4,278,0,419,-2,450,1,670,1,536,4,655,-1,590,1,485,6,1196,2,441,2,557,2,537,2
16:18,390,0,493,2,459,-1,594,-3,279,1,419,0,453,3,673,3,538,2,654,-1,590,0,488,3,1199,3,442,1,558,1,538,1
16:19,389,-1,497,4,462,3,593,-1,282,3,423,4,454,1,673,0,539,1,654,0,593,3,488,0,1200,1,445,3,560,2,539,1
16:20,389,0,498,1,463,1,594,1,283,1,423,0,456,2,674,1,539,0,657,3,596,3,490,2,1203,3,445,0,561,1,540,1
16:21,391,2,500,2,461,-2,593,-1,285,2,424,1,457,1,675,1,541,2,657,0,596,0,490,0,1203,0,449,4,562,1,541,1
16:22,392,1,504,4,463,2,593,0,286,1,425,1,457,0,677,2,541,0,656,-1,598,2,488,-2,1204,1,453,4,563,1,542,1
16:23,393,1,506,2,464,1,592,-1,285,-1,427,2,457,0,683,6,542,1,658,2,601,3,490,2,1206,2,451,-2,564,1,544,2
16:24,400,7,507,1,464,0,594,2,286,1,427,0,458,1,686,3,543,1,657,-1,603,2,493,3,1206,0,450,-1,566,2,545,1
16:25,401,1,506,-1,467,3,598,4,286,0,426,-1,459,1,683,-3,544,1,654,-3,605,2,492,-1,1206,0,447,-3,567,1,544,-1
16:26,401,0,506,0,469,2,601,3,287,1,427,1,461,2,685,2,545,1,657,3,606,1,493,1,1205,-1,447,0,568,1,545,1
16:27,404,3,505,-1,468,-1,609,8,287,0,430,3,463,2,688,3,545,0,660,3,609,3,493,0,1206,1,448,1,569,1,548,2
16:28,407,3,504,-1,468,0,615,6,286,-1,432,2,465,2,691,3,548,3,661,1,611,2,495,2,1208,2,450,2,570,2,550,2
16:29,409,2,502,-2,471,3,618,3,287,1,436,4,470,5,690,-1,547,-1,661,0,613,2,497,2,1208,0,451,1,572,2,551,1
16:30,409,0,505,3,474,3,623,5,288,1,439,3,468,-2,694,4,547,0,660,-1,615,2,500,3,1209,1,451,0,573,1,553,2
16:31,413,4,503,-2,475,1,629,6,289,1,441,2,467,-1,693,-1,548,1,663,3,618,3,499,-1,1209,0,454,3,574,1,555,1
16:32,415,2,504,1,476,1,631,2,290,1,443,2,470,3,697,4,551,3,669,6,618,0,499,0,1212,3,458,4,576,2,557,3
16:33,417,2,510,6,478,2,632,1,291,1,444,1,475,5,701,4,550,-1,670,1,621,3,499,0,1213,1,459,1,578,2,559,2
16:34,418,1,513,3,482,4,638,6,293,2,447,3,479,4,704,3,553,3,669,-1,621,0,502,3,1215,2,462,3,580,2,562,3
16:35,419,1,516,3,482,0,640,2,292,-1,445,-2,482,3,706,2,554,1,673,4,623,2,504,2,1215,0,462,0,581,1,564,2
16:36,419,0,518,2,484,2,643,3,295,3,444,-1,485,3,709,3,557,3,675,2,622,-1,504,0,1216,1,463,1,583,2,565,1
16:37,419,0,524,6,482,-2,643,0,297,2,447,3,485,0,713,4,556,-1,675,0,624,2,506,2,1217,1,464,1,583,0,567,2
16:38,421,2,527,3,486,4,644,1,297,0,448,1,487,2,710,-3,557,1,676,1,625,1,508,2,1217,0,466,2,584,1,568,1
16:39,426,5,531,4,488,2,646,2,301,4,450,2,488,1,711,1,557,0,677,1,627,2,511,3,1218,1,467,1,586,2,570,2
16:40,428,2,535,4,489,1,646,0,305,4,454,4,489,1,717,6,557,0,681,4,629,2,514,3,1218,0,468,1,588,1,574,3
16:41,428,0,540,5,492,3,651,5,304,-1,461,7,491,2,721,4,560,3,683,2,632,3,514,0,1219,1,467,-1,589,2,577,3
16:42,429,1,546,6,491,-1,653,2,306,2,462,1,492,1,723,2,561,1,684,1,633,1,512,-2,1219,0,467,0,590,1,578,1
16:43,434,5,548,2,492,1,654,1,310,4,471,9,495,3,724,1,565,4,688,4,635,2,514,2,1219,0,474,7,593,3,582,4
16:44,437,3,551,3,490,-2,657,3,312,2,472,1,497,2,725,1,565,0,694,6,636,1,513,-1,1221,2,477,3,594,1,584,2
16:45,437,0,553,2,492,2,654,-3,320,8,475,3,498,1,731,6,567,2,695,1,636,0,517,4,1226,5,478,1,597,3,586,2
16:46,437,0,558,5,492,0,656,2,323,3,481,6,500,2,737,6,569,2,699,4,636,0,524,7,1226,0,486,8,598,1,592,5
16:48,442,5,562,4,496,4,661,5,325,2,487,6,502,2,740,3,568,-1,706,7,638,2,529,5,1228,2,497,11,600,2,597,6
16:49,445,3,566,4,498,2,663,2,326,1,486,-1,503,1,742,2,569,1,710,4,638,0,533,4,1229,1,500,3,601,1,600,3
16:50,452,7,570,4,499,1,662,-1,326,0,489,3,504,1,743,1,573,4,710,0,638,0,540,7,1232,3,505,5,603,2,603,3
16:51,454,2,570,0,502,3,663,1,332,6,492,3,506,2,744,1,573,0,717,7,639,1,545,5,1232,0,505,0,605,2,605,2
16:52,453,-1,573,3,505,3,659,-4,334,2,499,7,507,1,748,4,577,4,717,0,643,4,547,2,1235,3,509,4,608,2,607,2
16:53,454,1,573,0,507,2,663,4,336,2,502,3,506,-1,754,6,576,-1,719,2,643,0,548,1,1236,1,512,3,608,1,610,3
16:54,454,0,576,3,511,4,667,4,336,0,505,3,507,1,758,4,579,3,719,0,644,1,552,4,1241,5,515,3,610,2,613,3
16:55,455,1,581,5,511,0,665,-2,336,0,508,3,508,1,757,-1,582,3,719,0,647,3,551,-1,1241,0,518,3,611,1,614,1
16:56,456,1,579,-2,511,0,665,0,337,1,509,1,511,3,757,0,580,-2,722,3,649,2,551,0,1244,3,523,5,613,1,615,1
16:57,456,0,579,0,511,0,665,0,339,2,509,0,515,4,764,7,583,3,727,5,650,1,554,3,1246,2,527,4,614,2,618,3
16:58,455,-1,579,0,513,2,665,0,338,-1,512,3,517,2,767,3,586,3,728,1,651,1,555,1,1246,0,526,-1,615,1,619,1
16:59,456,1,581,2,515,2,665,0,341,3,511,-1,519,2,767,0,586,0,728,0,653,2,557,2,1247,1,526,0,617,2,619,0
17:00,458,2,580,-1,514,-1,665,0,342,1,514,3,520,1,767,0,588,2,728,0,653,0,559,2,1247,0,526,0,617,1,620,1
17:01,459,1,580,0,515,1,669,4,346,4,515,1,521,1,766,-1,588,0,729,1,653,0,560,1,1249,2,525,-1,619,1,621,1
17:02,457,-2,576,-4,518,3,669,0,349,3,512,-3,522,1,766,0,590,2,732,3,653,0,561,1,1254,5,526,1,620,2,620,0
17:03,458,1,575,-1,518,0,669,0,352,3,513,1,521,-1,764,-2,590,0,736,4,656,3,559,-2,1256,2,527,1,622,1,620,0
17:04,459,1,574,-1,519,1,669,0,353,1,513,0,522,1,765,1,593,3,743,7,656,0,561,2,1260,4,527,0,623,2,622,1
17:05,463,4,574,0,518,-1,673,4,354,1,513,0,522,0,762,-3,592,-1,745,2,656,0,563,2,1259,-1,526,-1,623,0,622,1
17:06,465,2,574,0,518,0,677,4,355,1,515,2,523,1,763,1,593,1,746,1,658,2,566,3,1262,3,528,2,625,1,624,2
17:07,465,0,574,0,519,1,678,1,355,0,515,0,523,0,764,1,601,8,746,0,663,5,566,0,1262,0,530,2,627,2,625,1
17:08,466,1,577,3,517,-2,679,1,356,1,516,1,524,1,765,1,600,-1,747,1,667,4,570,4,1263,1,534,4,628,1,627,2
17:09,465,-1,577,0,517,0,678,-1,356,0,515,-1,524,0,766,1,602,2,746,-1,669,2,571,1,1265,2,534,0,628,1,627,0
17:10,466,1,582,5,518,1,678,0,358,2,518,3,527,3,763,-3,602,0,744,-2,670,1,571,0,1266,1,532,-2,630,1,627,0
17:11,466,0,585,3,518,0,677,-1,360,2,517,-1,528,1,765,2,602,0,744,0,670,0,570,-1,1266,0,534,2,630,0,627,1
17:12,467,1,583,-2,517,-1,676,-1,362,2,517,0,528,0,766,1,602,0,742,-2,672,2,573,3,1271,5,535,1,631,1,627,0
17:13,467,0,582,-1,521,4,673,-3,363,1,516,-1,531,3,768,2,603,1,742,0,674,2,574,1,1270,-1,536,1,633,1,627,0
17:14,467,0,585,3,519,-2,674,1,364,1,518,2,533,2,769,1,607,4,740,-2,675,1,572,-2,1271,1,540,4,634,1,628,1
17:15,466,-1,582,-3,518,-1,677,3,366,2,518,0,534,1,773,4,610,3,744,4,679,4,569,-3,1272,1,538,-2,635,1,629,0
17:16,468,2,581,-1,517,-1,672,-5,367,1,520,2,533,-1,776,3,613,3,746,2,679,0,571,2,1273,1,538,0,636,1,629,0
17:17,471,3,577,-4,517,0,673,1,368,1,523,3,532,-1,775,-1,616,3,753,7,678,-1,570,-1,1274,1,535,-3,637,1,629,0
17:18,473,2,573,-4,519,2,669,-4,369,1,523,0,534,2,773,-2,615,-1,755,2,678,0,570,0,1274,0,538,3,637,1,629,-1
17:19,475,2,573,0,518,-1,669,0,372,3,520,-3,534,0,773,0,616,1,754,-1,678,0,572,2,1274,0,538,0,638,1,628,0
17:20,476,1,572,-1,519,1,669,0,373,1,521,1,535,1,773,0,616,0,753,-1,678,0,574,2,1274,0,540,2,639,1,629,0
17:21,473,-3,571,-1,518,-1,669,0,374,1,521,0,534,-1,775,2,618,2,751,-2,678,0,574,0,1275,1,539,-1,639,0,629,0
17:22,473,0,572,1,516,-2,665,-4,376,2,522,1,536,2,774,-1,618,0,753,2,679,1,576,2,1278,3,538,-1,639,1,629,0
17:23,473,0,574,2,514,-2,668,3,376,0,523,1,536,0,775,1,618,0,755,2,681,2,577,1,1278,0,538,0,639,0,630,1
17:24,474,1,572,-2,517,3,668,0,376,0,524,1,536,0,778,3,621,3,756,1,682,1,575,-2,1280,2,537,-1,641,1,630,0
17:25,474,0,569,-3,514,-3,666,-2,376,0,522,-2,535,-1,774,-4,622,1,753,-3,685,3,578,3,1286,6,538,1,642,1,629,-1
17:26,477,3,565,-4,513,-1,662,-4,377,1,520,-2,535,0,770,-4,626,4,759,6,687,2,582,4,1288,2,537,-1,643,2,628,-1
17:27,477,0,562,-3,513,0,662,0,378,1,520,0,534,-1,768,-2,628,2,760,1,686,-1,582,0,1292,4,535,-2,644,1,627,-1
17:28,481,4,559,-3,512,-1,658,-4,384,6,524,4,533,-1,771,3,628,0,762,2,689,3,586,4,1293,1,539,4,646,2,628,1
17:29,481,0,560,1,511,-1,656,-2,386,2,525,1,533,0,765,-6,628,0,764,2,691,2,584,-2,1293,0,538,-1,646,0,627,-1
17:30,481,0,558,-2,513,2,654,-2,389,3,525,0,533,0,768,3,627,-1,765,1,692,1,582,-2,1294,1,537,-1,647,1,627,0
17:31,482,1,556,-2,509,-4,651,-3,395,6,524,-1,536,3,769,1,628,1,764,-1,693,1,582,0,1294,0,540,3,648,1,627,0
17:32,482,0,558,2,510,1,649,-2,393,-2,522,-2,534,-2,763,-6,627,-1,764,0,693,0,584,2,1295,1,542,2,648,0,626,-1
17:33,482,0,554,-4,510,0,644,-5,392,-1,523,1,535,1,760,-3,628,1,764,0,693,0,585,1,1295,0,539,-3,648,0,624,-2
17:34,480,-2,551,-3,504,-6,641,-3,393,1,523,0,538,3,760,0,627,-1,767,3,694,1,584,-1,1294,-1,540,1,647,-1,624,0
17:35,479,-1,551,0,507,3,636,-5,396,3,522,-1,538,0,758,-2,628,1,766,-1,695,1,584,0,1295,1,541,1,648,1,623,-1
17:36,479,0,547,-4,508,1,633,-3,394,-2,518,-4,537,-1,757,-1,628,0,766,0,698,3,581,-3,1295,0,540,-1,648,0,620,-2
17:37,481,2,545,-2,509,1,630,-3,393,-1,513,-5,539,2,761,4,628,0,767,1,700,2,582,1,1296,1,540,0,649,1,620,-1
17:38,480,-1,545,0,505,-4,630,0,394,1,512,-1,538,-1,756,-5,629,1,768,1,701,1,581,-1,1296,0,540,0,649,0,619,-1
17:39,479,-1,544,-1,505,0,623,-7,395,1,504,-8,539,1,760,4,629,0,763,-5,701,0,580,-1,1296,0,540,0,649,0,616,-3
17:40,477,-2,541,-3,505,0,620,-3,394,-1,505,1,535,-4,757,-3,626,-3,764,1,701,0,581,1,1298,2,543,3,648,-1,616,0
17:41,477,0,540,-1,502,-3,616,-4,395,1,501,-4,535,0,748,-9,626,0,765,1,703,2,583,2,1299,1,543,0,648,0,614,-2
17:42,477,0,536,-4,504,2,615,-1,395,0,498,-3,536,1,750,2,626,0,763,-2,705,2,586,3,1299,0,540,-3,649,1,613,-1
17:43,477,0,531,-5,503,-1,610,-5,392,-3,497,-1,536,0,747,-3,624,-2,762,-1,704,-1,585,-1,1299,0,540,0,648,-1,610,-2
17:44,476,-1,531,0,502,-1,609,-1,390,-2,494,-3,536,0,746,-1,624,0,760,-2,706,2,581,-4,1299,0,539,-1,648,0,609,-2
17:45,476,0,526,-5,500,-2,607,-2,388,-2,496,2,535,-1,742,-4,624,0,760,0,705,-1,578,-3,1301,2,537,-2,647,-1,607,-2
17:46,480,4,528,2,501,1,604,-3,390,2,497,1,533,-2,738,-4,622,-2,757,-3,706,1,577,-1,1303,2,535,-2,648,1,605,-1
17:47,477,-3,530,2,502,1,602,-2,391,1,496,-1,530,-3,733,-5,622,0,757,0,706,0,579,2,1304,1,529,-6,647,0,604,-1
17:48,480,3,530,0,499,-3,601,-1,389,-2,494,-2,529,-1,729,-4,620,-2,755,-2,708,2,576,-3,1307,3,525,-4,647,0,601,-2
17:49,479,-1,534,4,498,-1,600,-1,391,2,492,-2,528,-1,725,-4,620,0,755,0,706,-2,572,-4,1309,2,528,3,647,0,601,-1
17:50,487,8,538,4,497,-1,598,-2,389,-2,492,0,526,-2,726,1,619,-1,751,-4,708,2,571,-1,1307,-2,525,-3,648,0,600,-1
17:51,491,4,537,-1,497,0,597,-1,387,-2,489,-3,526,0,722,-4,619,0,747,-4,709,1,566,-5,1307,0,521,-4,648,0,597,-3
17:52,504,13,545,8,495,-2,602,5,389,2,490,1,526,0,725,3,618,-1,746,-1,713,4,564,-2,1304,-3,523,2,650,2,599,2
17:53,507,3,545,0,495,0,602,0,392,3,490,0,522,-4,723,-2,617,-1,741,-5,712,-1,564,0,1307,3,520,-3,650,0,598,-1
17:54,510,3,552,7,495,0,599,-3,394,2,493,3,524,2,723,0,616,-1,740,-1,713,1,566,2,1309,2,524,4,652,1,600,2
17:55,511,1,555,3,494,-1,603,4,394,0,499,6,522,-2,724,1,617,1,732,-8,715,2,569,3,1312,3,533,9,652,1,602,3
17:56,515,4,557,2,494,0,603,0,392,-2,503,4,523,1,720,-4,613,-4,728,-4,721,6,574,5,1317,5,541,8,654,1,604,2
17:57,515,0,559,2,495,1,602,-1,397,5,511,8,524,1,721,1,614,1,724,-4,727,6,571,-3,1319,2,547,6,656,2,605,1
17:58,518,3,559,0,493,-2,604,2,406,9,516,5,525,1,721,0,614,0,722,-2,730,3,574,3,1329,10,548,1,659,3,606,1
17:59,520,2,560,1,496,3,603,-1,414,8,519,3,525,0,721,0,612,-2,724,2,738,8,585,11,1339,10,551,3,663,4,609,3
18:00,525,5,564,4,498,2,601,-2,415,1,521,2,524,-1,719,-2,611,-1,719,-5,749,11,587,2,1350,11,556,5,667,4,610,1
18:01,523,-2,572,8,496,-2,602,1,419,4,526,5,524,0,719,0,608,-3,715,-4,754,5,585,-2,1360,10,553,-3,669,2,610,1
18:02,528,5,577,5,498,2,603,1,427,8,528,2,526,2,714,-5,607,-1,712,-3,760,6,587,2,1368,8,557,4,673,4,611,1
18:03,527,-1,589,12,500,2,604,1,436,9,531,3,527,1,713,-1,608,1,707,-5,762,2,588,1,1378,10,563,6,677,3,614,2
18:04,527,0,591,2,503,3,604,0,447,11,533,2,527,0,707,-6,606,-2,705,-2,765,3,589,1,1387,9,565,2,680,3,613,0
18:05,528,1,591,0,504,1,606,2,454,7,534,1,529,2,703,-4,608,2,707,2,766,1,590,1,1400,13,569,4,684,4,614,1
18:06,531,3,590,-1,507,3,606,0,463,9,535,1,528,-1,702,-1,607,-1,702,-5,767,1,594,4,1407,7,571,2,687,3,614,0
18:07,533,2,593,3,507,0,607,1,470,7,536,1,528,0,701,-1,607,0,697,-5,768,1,596,2,1411,4,572,1,689,2,615,0
18:08,536,3,602,9,509,2,605,-2,473,3,535,-1,529,1,703,2,605,-2,694,-3,769,1,603,7,1411,0,572,0,690,1,616,2
18:09,537,1,604,2,510,1,605,0,480,7,536,1,530,1,703,0,605,0,692,-2,771,2,605,2,1416,5,571,-1,693,2,617,0
18:10,542,5,608,4,512,2,608,3,486,6,539,3,531,1,707,4,606,1,691,-1,771,0,608,3,1417,1,573,2,695,2,619,3
18:11,542,0,612,4,513,1,608,0,490,4,542,3,534,3,704,-3,605,-1,689,-2,774,3,614,6,1419,2,573,0,697,2,620,1
18:12,544,2,612,0,513,0,607,-1,492,2,542,0,536,2,703,-1,605,0,686,-3,775,1,610,-4,1423,4,586,13,698,2,621,1
18:13,546,2,612,0,513,0,608,1,494,2,541,-1,538,2,703,0,608,3,683,-3,776,1,602,-8,1428,5,592,6,700,2,620,-1
18:14,548,2,613,1,516,3,614,6,497,3,542,1,538,0,701,-2,608,0,684,1,778,2,607,5,1430,2,602,10,702,2,623,3
18:15,546,-2,615,2,515,-1,615,1,497,0,548,6,540,2,701,0,608,0,682,-2,778,0,606,-1,1435,5,615,13,703,1,626,3
18:16,548,2,616,1,516,1,614,-1,497,0,557,9,540,0,705,4,610,2,678,-4,778,0,606,0,1439,4,622,7,704,1,628,2
18:17,548,0,614,-2,516,0,614,0,502,5,564,7,541,1,703,-2,610,0,682,4,781,3,609,3,1442,3,628,6,706,2,631,2
18:18,549,1,614,0,515,-1,616,2,502,0,572,8,541,0,701,-2,613,3,681,-1,782,1,609,0,1444,2,629,1,707,1,632,1
18:19,550,1,616,2,514,-1,617,1,504,2,574,2,542,1,701,0,613,0,685,4,783,1,610,1,1446,2,630,1,707,1,633,2
18:20,551,1,618,2,514,0,620,3,506,2,578,4,543,1,705,4,615,2,688,3,783,0,612,2,1448,2,631,1,709,1,636,3
18:21,552,1,620,2,515,1,617,-3,505,-1,582,4,546,3,705,0,615,0,691,3,785,2,611,-1,1450,2,630,-1,710,1,637,1
18:22,556,4,621,1,516,1,617,0,506,1,591,9,547,1,706,1,615,0,688,-3,786,1,613,2,1452,2,632,2,711,1,638,2
18:23,560,4,627,6,517,1,617,0,509,3,594,3,548,1,707,1,615,0,687,-1,786,0,616,3,1454,2,634,2,713,2,640,2
18:24,562,2,629,2,517,0,618,1,513,4,599,5,550,2,707,0,614,-1,687,0,786,0,619,3,1454,0,635,1,714,1,642,2
18:25,564,2,629,0,518,1,619,1,515,2,599,0,552,2,708,1,615,1,686,-1,789,3,623,4,1454,0,637,2,715,2,643,1
18:26,564,0,631,2,518,0,619,0,517,2,601,2,552,0,712,4,615,0,688,2,791,2,625,2,1455,1,638,1,716,1,645,2
18:27,565,1,634,3,517,-1,618,-1,519,2,603,2,554,2,713,1,616,1,687,-1,791,0,625,0,1456,1,639,1,717,1,646,1
18:28,566,1,636,2,518,1,618,0,522,3,605,2,555,1,717,4,614,-2,689,2,792,1,625,0,1456,0,642,3,718,1,647,2
18:29,565,-1,636,0,518,0,617,-1,523,1,607,2,554,-1,722,5,615,1,690,1,792,0,626,1,1456,0,637,-5,718,0,648,0
18:30,566,1,636,0,519,1,618,1,523,0,611,4,555,1,722,0,617,2,691,1,794,2,627,1,1456,0,636,-1,719,1,649,1
18:31,568,2,636,0,520,1,619,1,526,3,614,3,556,1,722,0,617,0,691,0,794,0,629,2,1456,0,637,1,720,1,650,1
18:32,568,0,636,0,520,0,619,0,528,2,620,6,557,1,723,1,618,1,691,0,796,2,625,-4,1458,2,635,-2,721,1,650,0
18:33,568,0,637,1,520,0,619,0,530,2,623,3,558,1,724,1,618,0,693,2,796,0,627,2,1461,3,635,0,722,1,651,1
18:34,570,2,637,0,520,0,618,-1,530,0,625,2,558,0,724,0,618,0,694,1,797,1,627,0,1462,1,636,1,722,1,652,0
18:35,570,0,639,2,520,0,622,4,530,0,626,1,558,0,725,1,621,3,696,2,799,2,626,-1,1463,1,642,6,723,1,654,2
18:36,571,1,640,1,521,1,624,2,533,3,629,3,558,0,726,1,621,0,700,4,799,0,626,0,1465,2,645,3,724,1,656,2
18:37,571,0,640,0,524,3,627,3,536,3,632,3,558,0,726,0,622,1,701,1,799,0,625,-1,1465,0,647,2,725,1,657,1
18:38,572,1,640,0,525,1,626,-1,536,0,634,2,558,0,727,1,623,1,701,0,799,0,627,2,1466,1,651,4,726,1,658,1
18:39,573,1,641,1,525,0,626,0,539,3,636,2,558,0,730,3,624,1,700,-1,800,1,627,0,1469,3,651,0,727,1,659,1
18:40,573,0,641,0,524,-1,624,-2,539,0,636,0,560,2,730,0,624,0,702,2,801,1,628,1,1469,0,651,0,727,0,659,0
18:41,574,1,642,1,524,0,623,-1,539,0,637,1,561,1,732,2,624,0,702,0,802,1,629,1,1469,0,654,3,728,0,660,1
18:42,574,0,643,1,524,0,624,1,539,0,640,3,562,1,732,0,624,0,701,-1,802,0,634,5,1470,1,656,2,728,0,661,2
18:43,575,1,644,1,525,1,626,2,540,1,641,1,568,6,738,6,625,1,701,0,805,3,634,0,1472,2,656,0,730,2,663,1
18:44,575,0,645,1,524,-1,629,3,543,3,643,2,570,2,738,0,625,0,702,1,805,0,634,0,1472,0,657,1,731,1,664,1
18:45,577,2,647,2,525,1,630,1,546,3,644,1,570,0,737,-1,627,2,704,2,808,3,636,2,1474,2,659,2,732,2,665,1
18:46,579,2,647,0,526,1,631,1,546,0,643,-1,569,-1,737,0,630,3,704,0,810,2,637,1,1476,2,659,0,734,1,665,0
18:47,581,2,648,1,525,-1,633,2,547,1,644,1,569,0,738,1,630,0,704,0,813,3,638,1,1478,2,661,2,735,1,667,1
18:48,581,0,650,2,525,0,636,3,549,2,643,-1,569,0,740,2,631,1,705,1,816,3,637,-1,1480,2,662,1,736,1,668,1
18:49,581,0,651,1,526,1,638,2,550,1,644,1,569,0,740,0,631,0,704,-1,817,1,637,0,1484,4,664,2,737,1,668,1
18:50,581,0,654,3,530,4,638,0,554,4,645,1,569,0,740,0,631,0,703,-1,819,2,639,2,1484,0,663,-1,738,1,669,1
18:51,584,3,656,2,530,0,638,0,557,3,649,4,569,0,739,-1,631,0,704,1,819,0,642,3,1484,0,663,0,739,1,670,1
18:52,584,0,657,1,533,3,638,0,561,4,650,1,571,2,741,2,632,1,703,-1,822,3,643,1,1485,1,665,2,741,2,671,1
18:53,585,1,657,0,535,2,638,0,561,0,652,2,571,0,742,1,634,2,704,1,822,0,642,-1,1486,1,665,0,742,1,671,0
18:54,586,1,656,-1,535,0,638,0,563,2,655,3,571,0,744,2,634,0,704,0,822,0,642,0,1488,2,667,2,743,1,672,1
18:55,586,0,658,2,536,1,641,3,565,2,655,0,573,2,745,1,634,0,704,0,822,0,641,-1,1489,1,668,1,744,1,673,1
18:56,588,2,657,-1,537,1,640,-1,565,0,658,3,573,0,745,0,635,1,705,1,822,0,641,0,1490,1,669,1,744,1,674,0
18:57,587,-1,663,6,539,2,640,0,564,-1,657,-1,572,-1,745,0,637,2,708,3,822,0,642,1,1490,0,671,2,744,0,675,2
18:58,589,2,663,0,538,-1,641,1,566,2,659,2,573,1,747,2,636,-1,708,0,822,0,642,0,1490,0,671,0,745,0,676,1
18:59,590,1,665,2,543,5,645,4,565,-1,660,1,574,1,747,0,635,-1,707,-1,823,1,642,0,1491,1,674,3,746,1,677,1
19:00,591,1,666,1,543,0,648,3,565,0,660,0,575,1,748,1,635,0,709,2,823,0,643,1,1490,-1,673,-1,746,0,678,1
19:01,592,1,668,2,543,0,649,1,566,1,659,-1,575,0,747,-1,635,0,712,3,824,1,647,4,1492,2,675,2,747,1,680,1
19:02,592,0,668,0,544,1,651,2,566,0,660,1,575,0,745,-2,636,1,713,1,824,0,647,0,1492,0,675,0,747,0,680,0
19:03,594,2,670,2,544,0,653,2,569,3,659,-1,575,0,746,1,638,2,711,-2,825,1,649,2,1494,2,679,4,748,1,681,1
19:04,596,2,677,7,543,-1,656,3,570,1,659,0,577,2,751,5,638,0,712,1,826,1,651,2,1493,-1,683,4,749,1,684,3
19:05,597,1,680,3,542,-1,656,0,570,0,658,-1,577,0,753,2,639,1,713,1,825,-1,652,1,1492,-1,683,0,749,0,685,1
19:06,598,1,684,4,543,1,656,0,570,0,660,2,578,1,751,-2,639,0,715,2,826,1,658,6,1493,1,685,2,750,1,687,2
19:07,597,-1,686,2,545,2,656,0,574,4,661,1,579,1,754,3,640,1,719,4,826,0,660,2,1494,1,683,-2,751,1,688,1
19:08,599,2,688,2,545,0,660,4,574,0,661,0,579,0,752,-2,642,2,719,0,828,2,663,3,1496,2,684,1,752,1,690,1
19:09,601,2,698,10,546,1,661,1,575,1,661,0,580,1,755,3,644,2,720,1,828,0,666,3,1495,-1,686,2,753,1,692,3
19:10,602,1,699,1,547,1,664,3,579,4,661,0,581,1,757,2,644,0,720,0,828,0,667,1,1494,-1,687,1,754,1,694,1
19:11,604,2,703,4,548,1,667,3,579,0,665,4,582,1,757,0,645,1,720,0,828,0,671,4,1495,1,688,1,754,1,696,2
19:12,604,0,706,3,550,2,669,2,579,0,668,3,583,1,761,4,648,3,720,0,828,0,673,2,1495,0,690,2,755,1,698,2
19:13,605,1,707,1,549,-1,670,1,581,2,669,1,583,0,767,6,648,0,720,0,828,0,673,0,1496,1,691,1,756,0,700,1
19:14,605,0,710,3,551,2,674,4,581,0,672,3,584,1,769,2,648,0,719,-1,829,1,674,1,1495,-1,692,1,756,0,701,2
19:15,606,1,712,2,552,1,676,2,581,0,678,6,585,1,769,0,648,0,720,1,829,0,678,4,1496,1,694,2,757,1,704,2
19:16,607,1,714,2,553,1,676,0,582,1,680,2,584,-1,770,1,651,3,721,1,829,0,677,-1,1497,1,695,1,758,1,705,1
19:17,609,2,717,3,553,0,677,1,582,0,680,0,586,2,774,4,652,1,722,1,830,1,683,6,1498,1,697,2,759,1,707,2
19:18,609,0,719,2,553,0,677,0,584,2,683,3,586,0,776,2,651,-1,724,2,830,0,687,4,1503,5,701,4,759,1,710,2
19:19,609,0,720,1,556,3,679,2,584,0,687,4,587,1,776,0,650,-1,727,3,830,0,687,0,1502,-1,707,6,760,0,712,2
19:20,611,2,722,2,559,3,683,4,588,4,690,3,588,1,776,0,651,1,729,2,830,0,688,1,1502,0,708,1,761,2,714,2
19:21,610,-1,724,2,560,1,683,0,589,1,692,2,587,-1,776,0,652,1,728,-1,831,1,688,0,1503,1,711,3,762,0,715,1